user_id,product_id,action,rating,purchase,timestamp
17,87,click,,0,2025-12-05 18:44:27
59,151,click,,0,2026-01-13 11:00:05
16,59,purchase,4.9,1,2025-12-14 18:49:20
19,132,click,,0,2026-01-16 21:53:46
125,55,click,,0,2026-03-16 09:43:35
147,148,click,,0,2026-03-03 11:31:14
122,207,click,,0,2026-02-18 17:45:03
25,169,click,,0,2026-02-23 09:33:29
106,120,view,,0,2026-05-18 10:29:06
26,16,view,,0,2026-02-17 21:03:55
28,64,click,,0,2026-01-07 21:35:19
115,36,click,,0,2026-02-21 14:49:30
119,64,purchase,4.4,1,2026-05-20 12:06:50
141,26,view,,0,2025-12-11 12:28:22
139,215,rating,4.9,0,2025-12-04 13:29:26
61,43,click,,0,2026-02-18 14:44:27
55,103,click,,0,2026-05-25 22:24:09
98,1,click,,0,2026-02-15 12:12:41
117,74,view,,0,2026-02-21 20:04:18
143,170,click,,0,2026-04-20 04:44:21
49,76,rating,4.2,0,2026-01-12 23:16:25
139,16,click,,0,2026-04-25 22:31:58
13,150,click,,0,2026-03-04 06:42:34
136,41,rating,3.2,0,2025-12-12 17:47:31
48,18,click,,0,2026-03-27 05:46:43
61,104,purchase,4.6,1,2025-12-24 23:25:34
149,153,view,,0,2025-12-09 09:55:25
108,169,click,,0,2026-03-25 00:49:27
81,67,view,,0,2026-01-10 08:37:51
81,62,click,,0,2026-01-22 06:34:03
77,118,purchase,4.9,1,2026-02-01 02:12:24
3,118,rating,5.0,0,2026-04-01 07:31:33
19,138,click,,0,2026-01-12 02:05:06
34,90,click,,0,2026-05-21 17:50:19
63,95,click,,0,2026-01-26 00:51:06
140,181,view,,0,2026-01-29 10:32:46
136,3,view,,0,2026-04-10 09:10:56
77,170,purchase,4.1,1,2025-12-21 19:27:44
30,28,click,,0,2026-04-24 20:37:36
70,73,click,,0,2026-03-29 03:25:31
88,53,view,,0,2026-04-14 04:40:58
68,130,click,,0,2026-03-06 13:26:15
14,24,click,,0,2026-04-03 20:41:38
71,12,click,,0,2025-12-02 09:14:17
34,164,click,,0,2026-01-21 13:30:51
114,142,click,,0,2026-04-17 17:21:46
3,29,purchase,4.7,1,2025-12-16 07:22:33
39,140,view,,0,2025-12-08 16:37:02
150,142,click,,0,2025-12-30 10:52:52
11,79,purchase,4.8,1,2026-02-10 12:06:48
11,92,view,,0,2026-01-11 11:44:30
27,91,click,,0,2026-05-02 04:19:09
105,159,click,,0,2026-04-26 05:31:58
61,42,view,,0,2026-05-06 00:27:28
106,7,view,,0,2026-01-05 12:35:43
86,201,view,,0,2026-02-19 15:26:11
64,69,view,,0,2026-01-01 14:37:47
28,98,click,,0,2026-05-20 01:18:21
121,57,view,,0,2026-01-09 10:47:27
118,90,view,,0,2026-01-29 23:00:24
59,58,view,,0,2025-12-06 06:59:54
103,85,purchase,5.0,1,2026-01-24 19:05:54
72,90,click,,0,2026-04-05 06:14:08
138,85,click,,0,2025-12-07 01:20:31
67,46,rating,3.5,0,2026-03-24 10:27:30
28,153,click,,0,2026-02-24 01:55:41
81,112,rating,3.2,0,2026-03-29 09:51:07
148,49,click,,0,2026-01-20 03:48:25
112,1,purchase,4.5,1,2026-03-12 15:43:06
51,94,click,,0,2026-02-23 10:42:20
85,160,view,,0,2026-01-31 15:40:01
32,185,click,,0,2026-05-25 11:14:11
80,171,click,,0,2026-02-18 23:57:47
76,142,click,,0,2025-12-26 09:55:05
98,174,purchase,4.6,1,2026-04-25 23:16:26
78,104,view,,0,2026-03-18 02:17:11
78,74,click,,0,2026-01-11 12:14:11
149,156,click,,0,2026-04-07 19:51:48
114,114,click,,0,2026-04-11 21:21:55
122,204,rating,4.5,0,2026-05-25 16:31:16
22,73,view,,0,2026-03-11 18:53:40
86,24,rating,3.5,0,2026-05-09 14:50:38
80,58,click,,0,2026-05-07 07:34:10
7,12,rating,4.2,0,2026-01-18 05:45:47
19,117,purchase,4.6,1,2026-02-20 04:08:57
99,127,click,,0,2026-02-17 07:13:53
2,193,view,,0,2026-05-17 18:39:28
28,200,click,,0,2026-02-22 06:02:20
133,119,click,,0,2025-12-11 10:44:55
32,117,view,,0,2025-12-27 14:07:09
136,144,click,,0,2026-03-27 07:43:23
114,157,view,,0,2026-05-08 22:55:11
130,110,purchase,4.4,1,2026-05-11 23:26:49
41,191,click,,0,2026-05-17 23:34:17
67,193,view,,0,2026-01-18 16:56:05
71,197,click,,0,2026-05-01 16:56:29
62,71,click,,0,2026-02-25 02:40:08
74,61,click,,0,2026-01-23 10:59:54
139,21,click,,0,2025-12-28 13:35:02
99,178,view,,0,2025-12-31 08:50:17
17,107,click,,0,2026-02-18 20:15:53
120,107,click,,0,2025-12-13 18:53:36
108,100,view,,0,2026-05-26 09:34:01
6,196,click,,0,2026-03-23 11:37:32
2,91,view,,0,2026-01-28 16:20:59
108,138,view,,0,2026-04-25 20:23:22
57,125,click,,0,2026-01-13 07:17:35
125,8,click,,0,2026-02-15 04:55:12
104,186,view,,0,2026-01-02 17:52:42
33,160,click,,0,2026-03-15 09:54:38
101,152,view,,0,2026-03-21 06:58:17
22,165,click,,0,2026-02-22 22:11:40
119,47,click,,0,2025-12-11 11:03:27
84,55,click,,0,2026-02-27 23:45:59
98,72,rating,3.8,0,2026-04-26 17:20:02
21,121,view,,0,2025-12-05 11:02:48
14,90,view,,0,2026-01-14 05:39:54
11,194,purchase,4.2,1,2025-12-07 17:19:27
6,160,click,,0,2025-12-31 06:52:02
122,172,click,,0,2025-12-23 21:48:27
56,120,click,,0,2026-04-16 12:27:25
95,43,view,,0,2026-03-29 08:22:43
30,200,click,,0,2026-05-09 18:56:03
80,28,click,,0,2026-03-24 01:34:49
80,148,purchase,4.4,1,2026-04-12 05:22:52
51,20,view,,0,2026-03-26 16:05:24
63,27,view,,0,2026-04-16 01:52:08
31,204,view,,0,2026-03-21 14:09:03
89,137,view,,0,2026-02-22 21:06:01
18,130,click,,0,2026-04-06 10:29:04
108,211,click,,0,2026-03-06 21:13:10
93,163,view,,0,2026-05-23 19:45:17
40,112,view,,0,2026-01-04 21:34:18
70,158,purchase,4.8,1,2026-05-07 15:11:43
120,112,view,,0,2026-05-11 00:54:58
69,83,click,,0,2026-05-16 01:59:06
23,72,click,,0,2026-05-21 21:24:47
119,146,view,,0,2026-03-30 05:03:57
87,8,purchase,4.2,1,2026-03-07 16:20:57
55,91,click,,0,2026-05-05 14:52:56
72,153,purchase,4.6,1,2026-04-16 20:28:02
133,49,click,,0,2025-12-18 07:41:58
105,126,view,,0,2026-03-19 12:01:22
122,166,click,,0,2026-04-18 22:08:24
5,24,click,,0,2026-01-27 19:57:04
63,79,click,,0,2026-04-09 14:59:31
122,142,click,,0,2026-03-14 18:59:22
141,85,view,,0,2026-02-08 00:16:12
70,79,click,,0,2026-01-19 12:20:24
50,81,view,,0,2025-12-24 21:52:46
48,50,view,,0,2026-01-12 17:08:22
71,186,rating,4.0,0,2026-03-26 04:23:17
73,26,click,,0,2026-05-12 09:02:36
59,93,click,,0,2026-01-05 12:58:20
137,33,click,,0,2026-01-23 23:05:51
14,142,view,,0,2026-01-27 10:10:10
33,164,view,,0,2026-05-19 08:02:12
27,4,click,,0,2026-03-23 04:02:50
123,113,click,,0,2026-02-05 20:31:08
14,65,click,,0,2026-05-18 00:38:03
17,103,click,,0,2026-03-07 04:25:09
14,39,view,,0,2025-12-30 16:01:31
78,22,click,,0,2026-01-18 21:22:04
107,156,view,,0,2026-03-27 10:51:59
58,199,click,,0,2026-03-13 04:04:43
114,77,click,,0,2026-05-17 17:22:52
110,79,view,,0,2026-03-22 02:43:10
26,196,view,,0,2026-01-11 01:04:33
68,170,click,,0,2025-12-17 11:04:30
45,142,click,,0,2025-12-16 06:32:30
105,116,click,,0,2026-04-14 13:24:59
75,9,click,,0,2026-01-15 15:28:17
73,180,click,,0,2026-05-17 14:46:18
60,68,view,,0,2026-05-03 16:15:31
51,109,click,,0,2025-12-23 23:36:37
39,69,click,,0,2026-05-11 05:05:40
16,43,click,,0,2026-05-04 14:37:51
146,74,click,,0,2026-02-24 23:19:03
78,180,purchase,4.5,1,2026-02-17 20:32:23
127,113,click,,0,2025-12-17 07:36:01
111,189,view,,0,2026-02-02 06:50:29
7,24,rating,4.7,0,2026-01-15 03:34:45
148,151,rating,4.3,0,2025-12-05 17:23:41
69,148,view,,0,2025-12-09 12:12:26
45,121,view,,0,2026-03-12 11:15:39
72,47,click,,0,2026-03-25 08:32:52
126,24,click,,0,2026-03-02 23:07:16
86,83,click,,0,2026-04-10 19:45:45
42,85,view,,0,2026-02-19 15:07:09
74,170,view,,0,2026-02-17 10:57:24
141,10,click,,0,2026-02-28 00:21:23
65,83,rating,3.8,0,2025-12-24 04:56:52
132,212,view,,0,2025-12-01 22:04:42
139,119,click,,0,2026-02-19 22:35:14
133,93,view,,0,2026-04-01 14:23:53
114,195,click,,0,2025-12-11 17:14:32
141,34,click,,0,2026-01-26 15:01:38
125,32,rating,4.2,0,2025-12-07 07:15:19
62,182,click,,0,2026-01-01 10:48:35
4,142,click,,0,2026-02-18 22:05:18
30,119,view,,0,2025-12-24 12:08:45
40,128,click,,0,2026-04-19 20:19:39
70,107,click,,0,2026-05-12 18:48:34
121,63,click,,0,2026-02-28 09:29:36
99,49,click,,0,2026-05-29 16:55:52
35,18,view,,0,2026-01-24 08:07:13
107,88,click,,0,2026-05-03 15:44:36
1,73,click,,0,2026-04-21 16:21:25
149,169,purchase,4.4,1,2026-03-06 18:36:12
124,89,click,,0,2026-02-04 05:59:47
140,97,purchase,4.9,1,2026-02-28 02:46:25
62,147,click,,0,2026-02-14 01:29:15
106,12,view,,0,2026-02-01 11:31:23
98,99,view,,0,2026-04-09 13:43:41
39,127,click,,0,2025-12-08 21:14:17
85,26,view,,0,2026-05-20 10:44:11
26,135,click,,0,2026-05-27 11:40:47
37,105,view,,0,2026-05-19 19:33:21
40,20,view,,0,2026-03-02 20:41:56
68,87,view,,0,2026-04-01 17:18:48
21,85,view,,0,2026-05-16 04:54:45
137,98,view,,0,2026-02-01 04:27:43
125,139,view,,0,2025-12-08 16:00:57
61,162,purchase,5.0,1,2026-04-13 14:14:50
24,112,view,,0,2025-12-20 19:29:32
26,114,view,,0,2026-01-03 00:01:48
8,12,view,,0,2026-02-02 16:24:34
76,92,click,,0,2026-02-12 11:36:00
63,136,click,,0,2026-02-19 17:00:52
47,44,click,,0,2026-01-04 16:35:47
98,159,click,,0,2026-04-13 08:21:07
150,37,click,,0,2026-01-15 18:47:26
66,118,view,,0,2026-01-20 06:37:22
120,74,click,,0,2026-04-12 06:36:35
19,114,rating,3.6,0,2026-02-06 19:10:00
109,177,click,,0,2026-01-19 06:15:22
78,51,purchase,4.1,1,2026-02-14 09:30:52
98,147,click,,0,2026-02-09 09:35:06
76,6,view,,0,2026-05-11 20:58:10
71,3,purchase,4.8,1,2026-03-21 14:08:04
13,156,click,,0,2026-04-25 09:28:05
74,199,click,,0,2026-05-05 19:40:19
91,57,click,,0,2026-04-04 07:34:06
65,174,view,,0,2026-04-27 09:57:34
36,161,purchase,4.6,1,2025-12-20 13:31:51
80,202,click,,0,2026-02-25 07:05:56
94,188,click,,0,2025-12-27 05:08:15
76,84,click,,0,2026-04-25 20:13:38
52,34,click,,0,2026-05-03 10:07:46
94,136,purchase,4.8,1,2026-03-09 03:14:50
66,212,rating,3.6,0,2026-03-05 06:17:16
87,206,click,,0,2025-12-24 01:26:38
20,37,rating,4.7,0,2026-04-27 03:18:53
102,217,click,,0,2026-05-06 22:21:51
24,203,click,,0,2026-02-16 07:33:53
138,32,click,,0,2026-02-28 00:10:14
68,150,view,,0,2026-02-13 16:25:18
96,28,click,,0,2026-04-11 17:40:49
7,159,purchase,4.3,1,2026-05-22 09:32:49
57,166,view,,0,2025-12-13 23:19:36
119,180,view,,0,2026-01-29 09:01:20
30,36,purchase,4.3,1,2025-12-10 12:02:44
127,30,click,,0,2025-12-20 13:39:42
138,35,click,,0,2026-02-15 03:56:06
139,108,view,,0,2026-03-25 17:55:06
40,107,click,,0,2026-04-07 20:52:17
126,158,purchase,4.3,1,2026-02-18 22:40:19
95,56,click,,0,2026-02-25 19:01:44
61,93,rating,3.7,0,2025-12-20 23:44:24
92,16,click,,0,2026-02-17 00:10:45
32,211,click,,0,2026-02-27 23:51:02
55,165,click,,0,2026-04-04 20:58:01
6,13,click,,0,2026-05-03 11:26:33
33,202,click,,0,2026-03-21 07:50:17
142,54,click,,0,2026-03-25 13:27:26
60,85,click,,0,2026-05-01 01:31:59
1,71,rating,5.0,0,2026-05-17 09:10:35
139,65,click,,0,2026-05-05 18:03:29
7,34,click,,0,2025-12-04 13:58:05
61,151,click,,0,2026-02-02 13:35:54
68,14,view,,0,2025-12-26 07:27:06
135,30,click,,0,2026-04-25 11:45:58
115,200,click,,0,2026-02-09 23:56:17
28,116,click,,0,2026-03-09 12:46:21
12,187,purchase,4.7,1,2026-05-02 18:48:59
78,118,rating,3.1,0,2026-04-05 14:53:56
123,217,click,,0,2026-02-17 16:23:10
28,126,purchase,4.1,1,2026-04-19 00:44:41
21,83,click,,0,2026-03-29 19:35:08
33,71,view,,0,2026-04-01 22:14:40
141,183,click,,0,2026-02-02 20:11:17
136,76,click,,0,2026-02-27 19:10:52
111,26,view,,0,2026-05-04 16:48:35
142,185,click,,0,2026-05-18 18:12:02
116,59,click,,0,2026-02-20 01:13:30
117,103,view,,0,2026-02-20 11:21:59
81,110,view,,0,2026-01-31 09:10:46
96,40,purchase,4.1,1,2026-04-14 01:31:55
22,24,click,,0,2026-02-23 13:24:16
96,208,click,,0,2025-12-26 23:05:46
144,144,view,,0,2026-02-03 16:58:32
106,91,view,,0,2026-05-20 08:01:10
109,185,rating,4.2,0,2025-12-11 16:28:12
91,27,click,,0,2026-03-23 22:00:34
40,169,click,,0,2026-03-05 07:52:46
28,90,click,,0,2026-05-14 20:26:23
30,196,click,,0,2026-01-24 18:56:10
110,217,rating,4.6,0,2026-03-20 15:00:13
143,7,purchase,4.8,1,2026-03-29 22:50:10
69,8,click,,0,2026-01-05 17:30:50
80,87,click,,0,2026-02-07 20:36:06
37,145,click,,0,2026-04-08 08:09:43
37,190,rating,3.2,0,2026-04-03 15:30:34
136,56,click,,0,2026-02-12 17:54:25
88,41,click,,0,2026-02-11 13:17:11
84,199,click,,0,2026-03-21 21:53:30
14,40,view,,0,2026-01-01 06:17:50
13,173,click,,0,2025-12-17 12:54:41
109,125,click,,0,2026-03-29 13:53:36
70,56,click,,0,2026-04-27 07:00:15
89,111,click,,0,2025-12-23 05:29:52
125,135,click,,0,2026-04-10 05:46:38
57,102,click,,0,2026-03-28 01:46:15
53,78,view,,0,2026-01-11 17:08:09
66,75,click,,0,2026-02-03 09:52:30
128,192,click,,0,2026-02-23 07:42:43
98,137,click,,0,2026-04-17 08:03:35
144,214,view,,0,2026-04-10 10:02:39
19,102,view,,0,2026-05-18 00:49:37
112,5,purchase,4.9,1,2026-02-28 23:19:27
148,110,click,,0,2026-03-23 00:57:01
107,75,click,,0,2025-12-24 01:27:39
84,44,purchase,4.5,1,2026-05-06 07:08:45
93,23,view,,0,2026-02-24 11:56:18
63,112,click,,0,2026-03-26 01:03:11
21,102,click,,0,2026-05-19 17:39:07
87,57,view,,0,2026-02-04 08:55:35
20,131,click,,0,2026-04-03 15:45:18
131,50,view,,0,2026-05-26 14:37:12
90,187,view,,0,2026-05-09 17:17:28
38,61,click,,0,2025-12-21 15:49:04
51,45,click,,0,2026-03-28 16:05:48
20,46,view,,0,2026-04-30 18:26:50
119,194,view,,0,2026-03-21 03:54:42
115,175,purchase,4.6,1,2026-05-30 03:35:06
83,161,click,,0,2026-02-01 02:01:41
18,121,view,,0,2026-02-25 13:33:11
71,152,click,,0,2025-12-12 14:29:42
19,80,click,,0,2026-03-01 08:35:24
15,95,click,,0,2026-05-12 04:42:05
24,158,click,,0,2026-03-27 01:19:36
119,149,rating,4.5,0,2026-03-19 08:00:56
11,116,view,,0,2026-05-27 05:11:38
49,83,click,,0,2026-03-29 04:14:44
39,16,click,,0,2026-02-27 04:18:14
88,183,click,,0,2025-12-18 01:42:59
45,11,view,,0,2026-01-18 19:17:00
113,135,view,,0,2026-03-13 04:53:47
94,96,click,,0,2026-05-28 22:36:34
105,199,view,,0,2026-02-05 09:37:09
14,203,view,,0,2026-04-03 04:51:31
17,85,click,,0,2025-12-20 01:08:37
99,73,view,,0,2026-01-19 15:05:58
39,86,click,,0,2025-12-17 12:32:27
37,90,rating,4.4,0,2026-01-30 22:29:55
101,34,view,,0,2026-03-27 05:48:26
22,80,click,,0,2026-03-20 05:28:47
85,209,view,,0,2025-12-26 12:16:34
135,24,view,,0,2026-04-06 03:24:28
131,93,click,,0,2025-12-05 05:40:28
47,55,purchase,4.5,1,2026-02-06 01:18:08
58,36,click,,0,2025-12-31 18:48:39
26,130,click,,0,2026-04-30 09:15:02
135,10,click,,0,2026-04-09 05:31:40
34,153,click,,0,2026-02-12 20:21:21
47,213,view,,0,2026-04-15 05:36:31
43,185,click,,0,2026-02-24 16:25:12
94,174,click,,0,2026-04-20 10:13:35
114,157,view,,0,2026-01-26 00:34:28
115,60,click,,0,2026-03-15 09:23:11
121,214,click,,0,2026-01-08 08:53:42
147,113,view,,0,2026-03-01 08:17:55
98,129,click,,0,2026-03-14 02:51:17
42,210,view,,0,2026-01-09 11:22:22
36,65,view,,0,2025-12-11 19:53:22
96,142,view,,0,2025-12-21 14:49:01
133,32,click,,0,2026-01-26 01:12:14
42,70,purchase,4.1,1,2026-02-26 22:41:36
112,24,click,,0,2026-05-27 11:58:29
116,90,click,,0,2025-12-06 21:00:22
102,129,click,,0,2026-02-12 07:30:03
21,96,click,,0,2026-01-14 07:08:26
26,215,view,,0,2026-04-19 11:28:38
38,36,click,,0,2025-12-09 03:13:11
121,179,click,,0,2026-05-12 01:58:11
121,115,click,,0,2026-03-31 04:26:41
21,5,click,,0,2026-01-20 09:24:22
39,141,view,,0,2026-04-21 21:52:26
109,29,click,,0,2026-05-01 09:56:26
78,32,click,,0,2025-12-10 23:14:33
118,17,view,,0,2025-12-23 05:20:57
128,153,click,,0,2026-03-15 18:54:21
132,148,view,,0,2026-01-17 16:13:39
75,110,view,,0,2025-12-02 00:00:16
62,147,click,,0,2026-02-20 14:03:35
22,135,click,,0,2026-02-09 17:14:58
135,140,view,,0,2026-03-10 05:01:57
130,142,click,,0,2025-12-05 15:28:44
121,12,click,,0,2026-04-04 03:09:17
96,65,click,,0,2026-04-25 19:27:42
18,89,view,,0,2026-01-17 12:26:32
27,198,view,,0,2026-03-24 16:34:48
86,35,click,,0,2025-12-10 07:20:00
87,209,click,,0,2026-04-05 12:21:31
119,179,view,,0,2026-03-04 14:49:51
35,17,view,,0,2026-04-19 17:43:33
118,10,click,,0,2026-01-27 16:15:20
52,11,purchase,4.5,1,2026-01-31 23:29:50
140,122,click,,0,2026-01-19 21:14:30
49,74,purchase,4.0,1,2026-02-09 00:20:03
85,70,view,,0,2025-12-25 20:48:35
112,103,click,,0,2026-04-25 00:46:44
99,87,click,,0,2026-01-06 23:20:43
128,95,view,,0,2026-05-30 04:18:47
69,206,view,,0,2025-12-17 17:42:42
21,111,rating,3.4,0,2026-03-28 16:21:00
76,83,click,,0,2025-12-21 14:51:18
76,79,view,,0,2026-02-26 06:49:56
110,43,click,,0,2026-04-14 15:15:04
115,11,purchase,4.4,1,2026-04-21 19:54:53
112,71,rating,4.9,0,2026-04-04 20:51:25
20,172,click,,0,2026-04-04 11:44:16
132,206,view,,0,2026-04-26 07:29:31
8,37,view,,0,2026-05-15 11:47:59
113,9,click,,0,2025-12-26 04:59:19
94,93,purchase,4.0,1,2026-02-14 00:56:41
40,174,purchase,4.4,1,2026-02-27 01:30:19
20,147,click,,0,2025-12-28 10:25:11
102,81,click,,0,2026-04-06 19:53:11
30,7,click,,0,2026-04-23 13:12:27
133,100,click,,0,2026-05-28 02:07:50
68,199,view,,0,2026-01-21 05:45:08
55,157,view,,0,2026-01-26 03:35:55
126,52,click,,0,2025-12-25 12:14:45
19,116,purchase,4.4,1,2026-01-04 05:21:04
23,208,rating,5.0,0,2026-04-13 02:44:05
89,182,click,,0,2025-12-14 07:21:07
75,77,click,,0,2026-05-16 00:20:56
45,204,click,,0,2026-02-09 21:23:23
32,52,click,,0,2026-05-04 12:00:27
127,7,click,,0,2026-02-09 18:36:49
95,120,rating,3.3,0,2026-05-06 18:02:57
23,17,click,,0,2026-01-30 18:06:48
123,135,view,,0,2026-02-19 11:09:29
148,19,rating,4.3,0,2025-12-26 00:46:45
116,120,click,,0,2026-04-12 18:15:06
33,213,click,,0,2026-05-02 05:00:10
47,197,click,,0,2025-12-26 18:03:04
15,213,click,,0,2025-12-25 19:20:48
78,43,click,,0,2026-01-02 03:32:05
58,89,purchase,4.8,1,2026-03-12 10:57:11
65,51,rating,3.5,0,2026-04-04 00:17:40
78,158,click,,0,2026-03-15 06:54:07
44,152,click,,0,2026-03-24 10:43:22
87,216,click,,0,2026-05-30 02:32:19
8,21,purchase,4.8,1,2025-12-10 12:34:53
68,167,view,,0,2026-01-11 15:09:08
107,159,click,,0,2026-04-04 18:37:44
140,75,rating,4.0,0,2026-04-05 08:13:08
104,77,click,,0,2026-02-27 18:22:58
16,41,click,,0,2026-02-25 01:25:27
119,53,view,,0,2026-02-05 18:07:35
81,184,view,,0,2026-02-01 16:50:11
89,103,view,,0,2025-12-27 02:07:42
132,144,click,,0,2025-12-22 07:34:01
120,32,click,,0,2026-01-22 15:13:21
37,25,click,,0,2025-12-11 12:33:06
99,158,click,,0,2026-02-20 21:21:47
41,209,purchase,4.7,1,2026-02-03 06:40:32
49,196,click,,0,2026-01-01 15:18:13
132,120,purchase,4.5,1,2026-03-08 13:06:10
24,101,click,,0,2026-03-09 20:15:21
62,56,click,,0,2026-03-24 23:17:41
13,73,click,,0,2026-03-07 19:05:17
121,74,click,,0,2026-03-15 21:52:27
28,111,purchase,4.7,1,2025-12-27 16:53:46
104,94,click,,0,2025-12-10 11:33:32
146,144,click,,0,2026-01-08 11:52:25
74,19,click,,0,2026-02-14 17:13:48
141,72,rating,4.4,0,2026-05-10 22:56:37
31,33,click,,0,2025-12-20 11:16:57
87,143,view,,0,2026-02-10 16:33:48
51,155,click,,0,2026-03-10 13:23:49
11,12,click,,0,2025-12-09 06:03:59
86,206,click,,0,2026-03-03 16:31:18
39,156,click,,0,2026-05-24 03:00:34
84,157,click,,0,2026-02-01 13:10:18
77,152,click,,0,2026-02-05 00:19:41
131,137,view,,0,2026-03-06 19:33:54
77,122,click,,0,2026-05-09 02:22:45
85,173,rating,4.2,0,2025-12-22 23:30:30
7,153,click,,0,2026-03-03 20:27:53
149,148,view,,0,2026-01-14 21:08:32
150,123,click,,0,2026-01-03 19:21:28
98,38,view,,0,2026-05-10 05:55:59
9,147,click,,0,2026-04-16 17:22:41
5,113,click,,0,2026-01-31 14:37:37
106,177,click,,0,2026-01-10 06:55:05
121,189,click,,0,2026-04-21 22:39:13
36,133,click,,0,2026-01-10 22:59:47
123,135,click,,0,2026-02-12 20:50:41
45,118,click,,0,2026-05-27 19:31:15
140,91,view,,0,2026-04-11 22:29:24
68,157,click,,0,2026-03-05 17:09:25
64,72,click,,0,2026-03-20 01:35:11
77,198,view,,0,2026-01-26 19:34:15
126,82,click,,0,2026-03-04 20:45:36
71,74,click,,0,2025-12-25 08:41:19
140,98,rating,4.6,0,2026-05-24 15:15:37
38,75,click,,0,2025-12-09 20:45:29
21,89,click,,0,2026-05-30 02:54:40
66,192,click,,0,2026-03-04 17:23:07
138,70,view,,0,2026-03-20 19:54:28
36,28,view,,0,2026-03-31 05:58:37
62,63,view,,0,2025-12-11 13:17:53
136,58,click,,0,2026-04-04 13:45:04
26,106,view,,0,2026-02-03 19:59:38
26,175,click,,0,2026-04-30 08:44:39
141,41,view,,0,2026-02-18 17:02:25
122,123,click,,0,2026-04-07 00:26:39
74,83,view,,0,2026-01-26 02:50:45
23,167,click,,0,2026-03-23 04:22:10
10,45,purchase,4.2,1,2026-02-20 20:11:57
10,215,view,,0,2026-02-16 18:50:34
48,192,purchase,4.9,1,2026-05-20 01:53:00
3,77,view,,0,2026-03-21 23:36:29
86,73,rating,4.1,0,2026-02-27 22:08:03
127,35,click,,0,2026-05-15 22:56:24
70,50,click,,0,2026-05-07 18:03:36
42,188,view,,0,2026-02-28 19:24:38
48,4,click,,0,2026-04-23 17:36:08
76,146,view,,0,2026-04-11 15:39:04
45,157,view,,0,2026-05-16 22:38:45
104,212,click,,0,2026-02-22 17:57:20
23,103,click,,0,2026-04-10 15:40:21
36,123,purchase,4.0,1,2026-02-02 12:48:26
99,61,view,,0,2026-02-26 10:39:09
85,78,view,,0,2026-03-24 19:10:40
3,67,click,,0,2026-04-07 15:05:58
61,16,click,,0,2026-04-10 08:49:22
79,41,view,,0,2026-02-18 10:05:33
80,177,view,,0,2025-12-24 11:54:40
76,95,click,,0,2026-03-31 01:04:34
35,123,click,,0,2025-12-31 10:36:38
96,107,click,,0,2026-04-16 23:59:42
121,194,view,,0,2026-03-16 01:43:41
56,196,view,,0,2026-01-18 17:59:11
21,135,click,,0,2026-02-26 10:42:38
93,20,click,,0,2026-05-28 19:23:03
16,213,purchase,4.2,1,2026-03-18 00:56:40
138,39,click,,0,2026-01-02 15:30:46
134,114,view,,0,2025-12-24 06:25:54
150,126,purchase,4.4,1,2025-12-19 08:31:58
15,117,click,,0,2025-12-27 07:37:09
117,145,click,,0,2025-12-12 21:47:13
79,186,click,,0,2025-12-05 22:10:18
1,191,click,,0,2026-01-13 00:12:28
12,109,view,,0,2026-02-06 14:20:06
139,16,click,,0,2026-05-24 08:04:27
121,9,click,,0,2026-01-26 10:39:13
35,197,rating,4.3,0,2026-04-05 06:26:14
108,96,click,,0,2026-05-23 18:37:47
97,97,view,,0,2025-12-17 06:42:22
139,35,purchase,4.1,1,2026-04-07 14:24:13
138,101,click,,0,2026-03-14 09:17:56
58,214,view,,0,2025-12-02 08:54:03
77,119,view,,0,2026-04-11 11:27:03
109,137,view,,0,2026-02-13 08:16:14
64,118,click,,0,2026-02-06 21:56:07
49,186,click,,0,2026-04-29 08:09:20
108,158,purchase,4.9,1,2026-04-29 10:46:55
62,53,click,,0,2025-12-14 18:18:45
9,115,view,,0,2026-03-27 18:35:37
13,63,click,,0,2026-04-24 11:53:08
113,60,click,,0,2026-03-16 12:10:37
15,36,rating,3.5,0,2026-03-09 13:02:20
148,82,click,,0,2026-03-23 19:56:30
83,61,purchase,5.0,1,2026-01-29 07:02:18
134,57,click,,0,2026-02-20 00:02:39
16,143,purchase,4.9,1,2026-03-26 14:04:58
110,143,click,,0,2026-03-07 22:28:28
89,165,click,,0,2026-04-11 01:23:49
135,82,click,,0,2026-04-15 21:44:47
39,77,click,,0,2026-02-12 19:08:44
138,122,view,,0,2026-01-17 11:42:26
77,182,view,,0,2025-12-29 17:26:31
15,144,rating,4.1,0,2026-02-19 19:55:50
35,100,click,,0,2026-01-17 20:31:00
85,166,purchase,4.8,1,2025-12-17 01:12:32
24,138,view,,0,2026-04-21 09:31:25
14,69,view,,0,2026-02-12 22:26:39
11,19,view,,0,2026-01-07 05:37:07
144,56,click,,0,2026-03-04 18:51:11
86,78,click,,0,2026-05-27 04:56:02
49,190,view,,0,2025-12-24 11:26:50
123,63,view,,0,2026-04-15 18:34:03
53,102,click,,0,2026-05-28 09:30:45
83,199,click,,0,2026-01-25 15:51:56
137,167,click,,0,2026-02-09 10:59:06
93,132,click,,0,2026-05-22 02:54:57
26,206,click,,0,2026-04-20 23:24:19
82,53,click,,0,2026-02-11 16:19:27
12,145,click,,0,2026-05-18 11:38:29
38,5,click,,0,2026-01-21 08:00:34
150,149,click,,0,2026-04-20 12:12:46
40,51,click,,0,2026-02-03 17:59:52
146,214,click,,0,2026-01-18 09:53:56
87,66,view,,0,2026-04-28 22:13:57
126,118,view,,0,2026-01-03 08:44:23
91,44,view,,0,2025-12-28 20:58:05
126,48,purchase,5.0,1,2026-05-28 17:46:30
16,135,view,,0,2025-12-08 06:20:39
20,210,click,,0,2026-04-10 10:49:27
2,106,view,,0,2025-12-28 09:28:16
60,18,click,,0,2026-04-18 00:21:47
56,130,click,,0,2026-02-28 05:52:23
124,169,click,,0,2026-03-06 10:16:49
137,142,click,,0,2026-02-19 13:41:26
136,185,click,,0,2026-01-24 01:05:55
74,5,view,,0,2026-03-09 05:12:37
111,207,click,,0,2026-05-27 08:33:55
25,135,click,,0,2025-12-30 14:37:36
135,65,click,,0,2026-05-08 23:53:18
102,21,rating,3.9,0,2026-02-12 03:15:37
63,179,click,,0,2026-01-14 13:17:06
21,168,view,,0,2026-05-17 08:18:19
9,24,click,,0,2026-02-18 09:26:52
142,122,view,,0,2025-12-12 14:13:43
44,22,view,,0,2026-03-08 18:13:23
85,145,rating,4.8,0,2026-05-17 07:05:56
11,59,purchase,4.7,1,2026-01-11 17:59:20
146,122,click,,0,2026-01-23 08:06:31
20,176,click,,0,2026-05-30 10:15:07
140,145,click,,0,2026-04-08 11:43:31
81,5,click,,0,2026-01-10 22:08:27
102,20,click,,0,2026-01-28 19:26:44
62,146,view,,0,2026-05-12 18:28:03
139,85,view,,0,2026-02-14 05:34:01
36,203,view,,0,2026-04-14 13:08:02
129,191,click,,0,2026-02-06 20:32:10
112,60,click,,0,2026-05-13 13:13:16
102,199,click,,0,2026-02-03 01:44:22
70,201,click,,0,2026-02-27 04:25:48
92,142,click,,0,2026-02-12 14:19:50
150,170,click,,0,2026-02-13 11:58:53
76,205,view,,0,2026-01-18 13:15:12
22,69,click,,0,2025-12-31 15:26:09
40,190,click,,0,2026-02-15 08:29:03
28,24,purchase,4.4,1,2025-12-02 16:55:32
70,27,click,,0,2025-12-27 10:14:29
111,115,click,,0,2026-03-19 20:27:09
105,27,click,,0,2025-12-06 19:06:12
142,24,click,,0,2026-03-27 14:35:03
84,99,click,,0,2025-12-04 02:13:32
100,200,view,,0,2025-12-18 03:26:33
144,63,click,,0,2026-03-22 18:14:34
98,44,click,,0,2025-12-28 15:45:20
69,127,click,,0,2025-12-30 00:49:11
112,71,click,,0,2026-02-21 11:11:35
20,93,purchase,4.7,1,2026-01-19 13:43:11
127,153,click,,0,2026-03-31 10:35:56
28,35,click,,0,2026-01-29 20:31:24
102,86,view,,0,2026-05-14 02:55:00
85,113,click,,0,2026-02-04 16:41:52
35,77,view,,0,2026-02-01 23:07:19
52,123,click,,0,2026-01-31 16:54:51
102,82,view,,0,2026-01-27 06:57:39
126,148,click,,0,2026-05-02 12:58:43
97,72,view,,0,2026-05-09 05:51:15
94,30,click,,0,2026-03-21 04:26:52
140,47,view,,0,2026-04-13 01:43:31
7,187,purchase,4.2,1,2026-03-01 08:01:46
75,213,click,,0,2026-04-15 05:33:38
105,173,click,,0,2026-03-08 15:38:08
78,62,view,,0,2026-01-19 18:17:46
109,203,click,,0,2026-02-12 21:37:07
123,150,click,,0,2026-02-17 12:36:04
108,140,view,,0,2025-12-08 20:03:08
93,180,view,,0,2026-05-24 14:03:13
22,28,click,,0,2026-04-30 00:17:59
91,43,view,,0,2026-04-06 07:57:07
145,166,view,,0,2026-04-12 05:57:43
85,204,click,,0,2026-02-23 06:46:56
26,67,click,,0,2026-01-13 19:18:51
133,143,view,,0,2026-03-24 10:07:31
57,115,click,,0,2026-02-12 08:14:15
129,39,rating,4.0,0,2026-02-06 16:22:43
76,107,rating,3.2,0,2026-05-29 10:46:35
37,90,click,,0,2026-01-31 06:13:42
53,134,click,,0,2026-03-05 11:18:44
25,113,view,,0,2026-04-20 21:26:59
82,18,click,,0,2026-01-29 00:02:46
30,6,click,,0,2026-05-15 14:10:47
28,174,click,,0,2026-05-06 01:13:04
63,133,click,,0,2026-01-04 13:43:30
85,144,rating,3.5,0,2026-02-22 11:44:22
104,162,click,,0,2026-01-06 12:19:18
111,102,view,,0,2025-12-07 08:45:36
51,116,click,,0,2026-03-26 16:34:51
2,181,click,,0,2026-01-12 09:44:11
17,148,view,,0,2025-12-21 10:54:47
138,48,click,,0,2026-02-10 17:25:59
118,30,view,,0,2026-01-21 15:22:10
126,136,click,,0,2026-04-04 19:10:33
100,157,click,,0,2026-02-15 22:06:06
90,91,click,,0,2026-05-14 21:06:45
45,209,view,,0,2026-04-11 11:51:56
77,158,click,,0,2026-03-26 07:05:53
35,81,click,,0,2025-12-24 13:59:21
30,47,view,,0,2026-02-12 04:26:47
131,100,click,,0,2026-02-20 21:50:58
148,99,click,,0,2026-02-21 20:13:04
138,178,view,,0,2026-05-29 04:18:53
45,143,click,,0,2026-01-03 02:21:49
36,48,view,,0,2026-01-31 18:45:47
14,92,click,,0,2025-12-03 13:22:34
50,209,rating,4.0,0,2026-02-14 06:01:25
127,105,click,,0,2026-04-13 15:37:54
114,126,click,,0,2026-01-03 04:10:18
8,204,click,,0,2026-04-28 11:29:42
9,71,click,,0,2026-01-14 08:33:37
44,200,click,,0,2026-02-28 11:59:10
127,141,click,,0,2026-03-10 21:14:33
30,69,click,,0,2026-05-01 05:00:09
94,139,view,,0,2026-05-10 10:21:32
113,140,rating,3.2,0,2026-01-13 03:11:36
64,77,rating,3.9,0,2026-05-20 13:37:24
90,210,click,,0,2025-12-18 14:05:03
31,199,click,,0,2026-05-08 08:23:26
90,182,view,,0,2026-03-30 04:44:25
43,158,view,,0,2025-12-28 17:35:46
53,207,click,,0,2025-12-13 05:20:30
137,72,click,,0,2026-03-27 14:16:21
83,181,click,,0,2026-01-27 12:29:26
69,132,view,,0,2026-05-25 11:44:30
25,35,view,,0,2026-04-26 08:24:22
16,71,view,,0,2026-05-19 01:26:55
34,64,view,,0,2025-12-30 02:15:28
64,195,view,,0,2026-05-14 11:58:06
126,37,view,,0,2026-03-23 19:42:43
107,97,click,,0,2026-02-27 11:08:53
24,104,view,,0,2026-03-11 19:38:49
95,117,click,,0,2026-03-06 11:09:58
1,199,view,,0,2026-05-15 04:48:00
118,163,view,,0,2026-04-09 15:50:55
17,204,click,,0,2026-03-15 11:18:45
110,212,click,,0,2026-01-11 20:00:48
83,213,click,,0,2026-01-25 18:21:13
148,34,purchase,4.8,1,2026-03-21 15:07:39
13,12,view,,0,2025-12-21 00:45:57
118,5,purchase,4.2,1,2025-12-25 19:42:04
117,1,click,,0,2026-02-22 18:24:12
34,167,click,,0,2026-01-29 07:30:33
71,24,click,,0,2026-04-07 19:18:54
22,96,purchase,4.2,1,2026-04-09 17:32:58
102,161,view,,0,2026-01-30 00:29:25
60,110,click,,0,2026-04-07 23:29:48
25,1,click,,0,2026-01-12 03:19:44
34,152,click,,0,2026-01-14 14:50:23
114,3,view,,0,2025-12-03 06:17:18
31,109,click,,0,2026-04-15 11:07:59
19,59,click,,0,2026-02-14 01:56:57
27,27,click,,0,2026-01-31 13:02:16
77,36,view,,0,2026-02-14 00:19:24
35,165,click,,0,2026-04-12 04:24:06
136,145,view,,0,2025-12-03 08:12:33
43,113,view,,0,2026-02-07 21:22:03
39,106,view,,0,2026-03-31 07:50:11
56,23,click,,0,2026-05-24 19:08:24
32,151,click,,0,2026-04-22 10:48:12
110,81,click,,0,2026-05-04 07:23:55
71,166,click,,0,2025-12-18 01:20:29
73,200,click,,0,2026-04-14 18:33:57
78,53,view,,0,2026-03-12 05:35:59
49,192,click,,0,2026-02-15 18:24:22
14,201,view,,0,2026-05-25 01:17:23
62,127,click,,0,2026-02-14 15:04:16
128,164,click,,0,2026-03-27 00:37:39
4,93,click,,0,2026-02-01 03:35:01
146,108,click,,0,2026-02-10 15:39:34
45,196,rating,4.5,0,2026-03-03 03:48:05
5,151,click,,0,2025-12-14 19:26:19
56,11,click,,0,2026-05-29 20:14:43
102,130,view,,0,2026-01-26 07:50:38
129,197,click,,0,2026-02-20 08:46:03
103,22,click,,0,2026-04-05 01:50:03
40,72,click,,0,2025-12-17 22:18:17
131,53,click,,0,2026-05-07 14:32:49
84,101,view,,0,2026-03-25 13:42:33
17,80,click,,0,2026-04-16 08:46:47
62,15,click,,0,2026-01-18 04:04:20
112,30,view,,0,2026-02-27 17:34:48
15,80,view,,0,2026-04-10 00:52:11
45,31,view,,0,2025-12-04 03:44:13
3,42,rating,4.0,0,2026-03-08 02:09:57
67,43,click,,0,2026-02-11 21:45:04
69,188,click,,0,2026-05-22 19:42:22
8,86,click,,0,2026-05-07 10:06:33
135,17,view,,0,2026-01-21 18:08:54
148,161,click,,0,2025-12-16 15:53:11
131,93,click,,0,2025-12-12 11:04:44
146,43,click,,0,2026-02-11 02:15:48
27,147,view,,0,2026-04-11 14:20:35
59,190,click,,0,2026-03-10 12:00:36
4,63,click,,0,2025-12-10 15:00:13
99,39,purchase,4.9,1,2026-01-05 10:43:57
142,206,view,,0,2026-05-28 04:01:08
108,58,click,,0,2026-02-02 04:25:12
82,70,click,,0,2026-05-11 02:08:21
96,31,view,,0,2026-03-09 04:23:40
14,46,view,,0,2026-01-14 00:49:54
12,103,purchase,4.9,1,2025-12-15 01:56:04
80,84,click,,0,2025-12-18 11:17:59
3,95,click,,0,2026-01-09 15:54:34
78,190,click,,0,2026-04-01 14:47:17
95,152,rating,4.6,0,2026-03-07 11:56:29
140,195,click,,0,2026-05-05 06:13:11
2,105,click,,0,2025-12-06 08:08:38
89,163,view,,0,2026-05-13 17:24:45
3,86,view,,0,2025-12-01 23:31:39
97,189,click,,0,2026-04-21 21:46:54
53,136,click,,0,2026-01-16 22:39:20
16,37,click,,0,2026-04-18 21:15:18
12,60,view,,0,2026-05-24 22:22:36
106,180,click,,0,2026-05-24 14:24:35
22,149,click,,0,2025-12-20 06:08:07
101,20,click,,0,2026-03-26 15:08:54
112,170,click,,0,2025-12-27 01:51:32
67,81,view,,0,2026-05-30 12:22:56
84,82,click,,0,2026-02-27 14:43:07
20,52,view,,0,2025-12-28 03:02:28
150,28,click,,0,2025-12-31 20:58:47
116,120,click,,0,2026-01-31 16:12:55
138,92,click,,0,2026-04-30 06:44:37
79,119,purchase,4.1,1,2026-01-22 03:44:26
78,212,view,,0,2026-04-17 12:52:35
11,56,purchase,4.1,1,2026-05-13 00:24:21
64,92,click,,0,2026-02-16 15:20:49
77,67,rating,3.1,0,2026-05-09 22:36:31
104,116,view,,0,2026-03-19 15:38:47
64,25,click,,0,2026-03-01 09:59:30
36,32,click,,0,2025-12-04 00:26:14
57,34,view,,0,2026-01-09 04:04:51
96,176,purchase,4.1,1,2026-04-03 02:06:49
67,209,click,,0,2025-12-16 06:10:47
17,51,view,,0,2026-05-25 22:39:02
33,24,view,,0,2026-05-26 10:40:59
85,32,purchase,4.1,1,2025-12-09 23:41:36
147,111,view,,0,2026-05-10 06:02:44
128,8,view,,0,2026-02-14 00:21:45
45,91,purchase,4.3,1,2026-01-12 09:21:49
115,39,view,,0,2025-12-08 10:11:32
63,166,click,,0,2026-01-28 00:00:14
141,123,click,,0,2025-12-13 12:53:50
99,36,click,,0,2026-02-21 02:29:24
135,64,rating,4.1,0,2026-04-03 04:14:33
5,98,view,,0,2026-05-02 12:42:20
123,140,click,,0,2026-05-02 10:27:56
145,129,click,,0,2026-02-02 03:29:57
47,7,click,,0,2026-02-01 14:47:28
8,208,click,,0,2026-05-01 20:57:55
121,136,view,,0,2026-02-09 02:28:19
60,41,click,,0,2025-12-21 03:22:26
62,69,view,,0,2026-03-15 07:53:16
15,196,click,,0,2026-01-13 07:14:46
100,91,rating,3.3,0,2026-05-13 15:46:23
61,152,view,,0,2026-02-01 10:43:18
92,152,view,,0,2025-12-07 04:09:58
91,146,click,,0,2026-03-21 03:18:38
49,215,purchase,4.5,1,2026-05-08 01:27:26
80,45,click,,0,2026-03-06 22:18:48
15,60,click,,0,2026-03-28 12:39:57
135,123,click,,0,2025-12-01 19:53:58
52,207,click,,0,2025-12-27 00:50:22
46,206,purchase,4.1,1,2026-05-14 15:21:47
38,151,purchase,4.8,1,2026-04-17 12:50:13
135,94,click,,0,2025-12-15 18:44:09
102,151,click,,0,2025-12-21 07:33:29
83,35,view,,0,2026-01-01 06:44:07
112,203,rating,4.3,0,2026-04-04 19:54:34
45,182,view,,0,2026-03-20 19:43:05
92,58,click,,0,2026-04-09 22:18:59
45,97,view,,0,2026-01-30 06:36:50
76,33,view,,0,2026-01-05 04:53:41
147,101,rating,4.9,0,2026-05-15 21:31:44
9,47,click,,0,2026-03-28 16:02:55
57,164,click,,0,2026-03-21 12:22:09
128,37,view,,0,2026-02-04 00:04:15
61,89,click,,0,2026-02-01 17:46:44
23,211,view,,0,2026-04-18 08:44:03
86,115,click,,0,2025-12-03 21:49:17
64,178,click,,0,2025-12-14 20:39:38
28,185,click,,0,2025-12-01 22:41:05
113,188,rating,4.8,0,2026-02-21 04:26:23
127,97,click,,0,2026-02-07 21:34:12
26,213,view,,0,2026-03-04 19:17:45
148,167,view,,0,2026-04-27 22:23:06
42,116,view,,0,2025-12-16 00:13:29
9,76,click,,0,2025-12-05 14:17:03
27,19,click,,0,2026-02-06 01:39:21
97,42,click,,0,2026-04-22 20:00:42
24,87,rating,4.8,0,2026-03-27 01:05:49
8,111,click,,0,2026-04-07 14:52:29
112,41,click,,0,2025-12-12 02:18:07
53,49,view,,0,2026-02-19 04:05:47
139,68,click,,0,2026-04-08 23:19:24
61,25,click,,0,2025-12-11 08:01:55
141,216,click,,0,2026-03-07 00:41:56
93,1,click,,0,2026-02-22 17:30:08
123,52,click,,0,2025-12-20 12:42:21
44,164,rating,3.9,0,2026-01-27 08:39:14
30,79,click,,0,2026-05-03 02:30:14
126,170,click,,0,2026-01-22 03:43:27
140,100,click,,0,2026-01-06 14:19:23
98,95,click,,0,2026-01-06 22:15:13
68,113,click,,0,2026-03-02 00:02:28
69,145,click,,0,2025-12-13 15:58:28
25,22,click,,0,2026-04-10 10:28:39
139,106,click,,0,2026-04-27 14:03:31
142,16,click,,0,2026-05-13 23:06:46
134,108,view,,0,2026-03-15 16:23:31
122,147,click,,0,2026-05-21 21:31:08
77,21,purchase,4.7,1,2026-02-16 08:38:09
129,147,click,,0,2026-05-25 13:08:20
147,174,click,,0,2026-04-01 03:23:47
115,45,rating,4.6,0,2026-01-03 03:45:30
33,11,click,,0,2026-02-21 21:47:03
112,52,view,,0,2026-05-10 10:08:25
67,82,view,,0,2026-05-27 13:22:14
18,23,click,,0,2026-02-15 01:23:14
142,84,click,,0,2026-05-17 00:52:19
118,4,view,,0,2026-05-03 10:18:20
134,201,click,,0,2026-02-21 04:09:47
39,38,click,,0,2026-03-21 17:13:59
26,28,view,,0,2026-03-20 23:00:37
74,138,click,,0,2026-05-21 14:26:39
106,68,view,,0,2026-02-14 01:49:34
147,156,click,,0,2026-03-03 13:16:16
71,104,view,,0,2025-12-29 15:06:58
103,10,purchase,4.3,1,2026-02-16 13:14:31
61,13,click,,0,2026-04-25 12:09:36
69,96,click,,0,2025-12-05 15:00:22
78,80,view,,0,2026-01-25 03:13:27
26,59,click,,0,2025-12-27 18:59:45
114,199,click,,0,2026-05-11 01:19:47
107,155,click,,0,2026-04-06 01:13:03
114,55,view,,0,2026-05-28 01:37:10
125,195,purchase,4.8,1,2026-03-11 23:47:06
132,203,click,,0,2026-01-01 13:34:46
130,104,view,,0,2025-12-28 00:53:17
135,146,click,,0,2025-12-07 07:37:20
52,215,click,,0,2025-12-12 21:16:40
117,13,click,,0,2026-05-28 23:02:56
51,71,view,,0,2026-02-11 05:21:30
130,102,purchase,4.7,1,2026-04-04 01:56:18
62,96,click,,0,2026-03-06 14:37:31
46,122,click,,0,2026-03-25 15:46:27
89,42,purchase,4.7,1,2026-05-13 08:27:49
24,73,click,,0,2025-12-07 00:38:33
42,147,rating,4.7,0,2026-05-02 02:59:09
58,174,click,,0,2026-01-10 20:09:01
105,132,purchase,5.0,1,2025-12-05 14:09:53
3,122,click,,0,2026-05-27 16:41:02
45,154,click,,0,2026-05-06 05:00:52
65,156,purchase,4.7,1,2026-05-07 00:41:05
71,109,click,,0,2026-05-24 13:58:02
90,118,click,,0,2026-01-19 15:06:47
78,174,view,,0,2026-03-12 19:03:45
102,150,click,,0,2025-12-21 13:31:23
96,144,click,,0,2026-04-06 09:32:49
73,77,click,,0,2026-04-13 14:18:38
17,87,view,,0,2026-01-24 09:13:10
71,67,view,,0,2026-04-08 02:27:11
77,49,click,,0,2025-12-30 19:26:07
62,15,purchase,4.8,1,2026-05-07 02:17:21
104,170,view,,0,2026-02-01 18:05:29
7,168,rating,3.5,0,2026-03-08 06:38:22
108,104,view,,0,2026-02-15 02:12:23
150,182,view,,0,2026-03-22 18:37:30
88,186,click,,0,2026-04-19 05:15:21
137,164,click,,0,2026-05-03 02:35:58
92,130,view,,0,2026-01-28 23:43:24
143,47,click,,0,2026-01-27 17:50:49
33,190,view,,0,2026-01-20 22:07:08
144,196,click,,0,2026-05-27 21:51:13
86,168,click,,0,2025-12-19 00:52:53
58,191,click,,0,2026-05-19 21:52:57
85,96,click,,0,2026-01-21 07:00:29
119,31,click,,0,2026-03-03 01:34:24
150,149,click,,0,2026-04-01 05:10:28
50,129,purchase,4.4,1,2025-12-24 23:05:48
77,106,purchase,4.2,1,2025-12-12 04:39:40
52,88,rating,4.8,0,2026-02-19 03:41:10
118,37,purchase,4.2,1,2026-02-01 03:10:04
21,125,view,,0,2026-02-04 06:52:47
46,81,click,,0,2026-04-03 21:41:37
116,71,view,,0,2026-01-11 08:30:24
44,148,click,,0,2026-04-29 03:27:59
23,34,click,,0,2026-03-31 00:23:50
110,104,rating,3.8,0,2026-02-23 00:07:03
10,137,view,,0,2026-01-09 10:03:06
4,83,view,,0,2026-04-27 15:52:48
49,5,click,,0,2026-04-12 02:35:20
64,58,purchase,4.3,1,2026-04-15 08:46:25
27,99,click,,0,2026-03-09 10:25:55
43,17,click,,0,2026-05-10 16:06:16
75,117,click,,0,2026-04-22 00:39:24
135,87,purchase,5.0,1,2026-02-23 21:44:26
88,126,view,,0,2026-02-09 10:56:40
43,208,click,,0,2026-02-18 00:39:19
58,187,click,,0,2025-12-27 04:10:38
6,151,click,,0,2026-03-09 16:28:37
94,183,view,,0,2026-04-07 00:27:07
97,164,view,,0,2026-01-20 08:46:41
13,153,view,,0,2025-12-11 00:13:32
6,13,click,,0,2026-04-14 15:10:51
114,98,click,,0,2025-12-25 16:42:32
122,180,click,,0,2025-12-31 10:20:17
3,78,view,,0,2026-02-21 10:07:02
134,70,view,,0,2026-04-01 15:09:43
36,108,purchase,4.5,1,2026-05-11 23:50:11
31,73,view,,0,2025-12-23 20:03:04
128,51,click,,0,2026-03-29 22:52:05
68,213,rating,3.7,0,2026-03-13 06:45:06
105,76,click,,0,2026-01-01 20:06:33
128,54,purchase,4.3,1,2026-04-14 07:58:36
1,4,click,,0,2026-04-11 02:45:05
29,214,view,,0,2026-03-23 04:27:35
39,24,click,,0,2026-05-02 01:34:10
26,66,click,,0,2026-04-05 19:32:28
76,68,click,,0,2026-03-01 20:24:12
45,11,click,,0,2026-05-16 04:28:51
81,110,click,,0,2026-04-24 02:33:39
12,3,click,,0,2026-05-16 03:18:57
44,85,purchase,5.0,1,2026-02-09 02:54:45
69,188,click,,0,2025-12-19 17:53:55
88,47,click,,0,2025-12-23 19:12:35
117,70,click,,0,2026-05-12 23:23:50
123,205,view,,0,2026-02-21 14:09:51
43,29,view,,0,2025-12-27 10:15:46
16,217,click,,0,2026-01-01 15:33:02
124,206,view,,0,2026-03-22 04:10:57
47,157,view,,0,2026-02-13 10:28:51
8,176,view,,0,2026-05-21 13:34:46
34,124,click,,0,2026-05-29 10:04:46
106,113,click,,0,2025-12-10 14:57:38
81,4,purchase,4.5,1,2026-04-17 12:14:23
148,186,click,,0,2026-03-21 09:51:43
87,133,view,,0,2026-03-13 06:33:05
25,111,view,,0,2026-04-09 04:31:17
124,89,view,,0,2026-04-09 13:49:47
99,39,view,,0,2026-05-13 14:53:29
14,3,purchase,4.5,1,2026-04-05 15:10:10
121,127,click,,0,2026-05-19 12:29:04
126,83,click,,0,2026-01-17 11:21:05
72,13,click,,0,2026-03-10 03:10:33
97,104,click,,0,2026-05-09 08:41:29
118,114,click,,0,2026-05-06 06:51:44
23,128,click,,0,2026-02-26 12:12:09
128,191,click,,0,2026-04-07 13:39:11
104,106,click,,0,2025-12-08 15:42:11
1,212,view,,0,2025-12-19 08:19:05
78,131,click,,0,2026-03-20 21:22:26
117,88,view,,0,2026-02-10 06:00:46
58,217,click,,0,2026-02-27 22:39:04
122,184,click,,0,2026-04-08 07:20:07
116,30,view,,0,2025-12-20 14:48:12
57,1,click,,0,2026-02-05 23:33:13
75,141,click,,0,2026-03-13 01:20:27
28,12,click,,0,2026-05-24 20:27:52
36,211,view,,0,2026-04-19 21:30:20
105,28,view,,0,2026-01-20 01:47:17
49,31,click,,0,2026-05-16 04:13:40
118,212,click,,0,2026-05-02 10:23:49
87,28,click,,0,2026-04-27 17:17:09
32,198,click,,0,2026-05-23 20:35:26
130,35,click,,0,2026-03-08 13:25:26
13,142,view,,0,2026-02-23 17:45:24
124,131,purchase,4.2,1,2026-05-02 08:49:03
149,45,view,,0,2026-04-22 13:03:57
27,100,view,,0,2026-04-08 08:59:16
83,130,click,,0,2026-05-21 20:17:30
64,71,rating,4.9,0,2026-02-16 22:55:21
116,207,click,,0,2025-12-27 14:16:19
132,77,view,,0,2026-05-14 09:43:32
81,183,purchase,4.6,1,2026-04-23 18:32:16
52,54,view,,0,2026-04-01 21:32:45
89,173,rating,4.3,0,2025-12-27 11:00:33
46,129,view,,0,2026-03-17 00:54:27
83,182,view,,0,2025-12-24 02:32:29
144,123,click,,0,2026-03-24 20:47:17
107,173,purchase,4.5,1,2026-04-25 22:02:06
109,207,click,,0,2025-12-04 04:13:44
7,98,click,,0,2025-12-29 21:59:08
15,52,view,,0,2026-01-22 12:55:23
42,74,click,,0,2026-04-13 09:32:38
16,177,click,,0,2026-05-03 00:05:04
139,9,view,,0,2026-02-09 08:17:43
27,158,view,,0,2026-05-19 06:03:07
144,58,view,,0,2026-04-24 20:36:29
100,61,view,,0,2026-03-10 21:47:04
74,178,click,,0,2026-04-09 17:28:43
98,100,rating,5.0,0,2026-02-20 14:03:12
81,142,click,,0,2025-12-12 03:27:02
65,52,purchase,4.9,1,2026-04-01 04:44:28
114,213,purchase,4.7,1,2026-01-14 11:50:46
95,194,click,,0,2026-03-25 22:47:18
51,199,rating,3.6,0,2026-04-21 11:03:38
46,175,click,,0,2025-12-16 03:45:53
45,189,click,,0,2026-03-11 11:24:50
11,110,click,,0,2026-01-24 21:28:17
34,42,view,,0,2026-03-25 02:17:11
2,85,view,,0,2026-03-02 05:58:32
40,11,purchase,4.6,1,2025-12-31 13:01:25
78,126,click,,0,2026-05-04 01:57:11
92,19,view,,0,2026-05-02 22:33:55
135,57,click,,0,2026-01-06 09:36:22
130,41,click,,0,2026-02-20 11:05:39
104,24,click,,0,2026-02-07 13:02:59
55,170,click,,0,2026-02-04 03:24:12
76,56,view,,0,2026-04-26 20:20:38
122,144,view,,0,2026-05-10 15:22:49
3,30,click,,0,2026-04-10 14:11:36
62,165,purchase,4.2,1,2026-03-30 20:46:06
11,175,click,,0,2026-05-22 16:11:22
30,99,click,,0,2026-01-20 12:30:46
73,7,click,,0,2026-05-27 15:50:50
96,132,click,,0,2026-05-06 14:06:40
125,12,purchase,4.2,1,2026-01-28 06:11:47
132,22,click,,0,2025-12-20 07:54:12
138,137,view,,0,2025-12-03 02:52:37
54,172,view,,0,2026-04-02 22:27:51
109,214,click,,0,2025-12-21 21:02:53
112,166,purchase,4.7,1,2026-05-09 07:03:55
40,7,view,,0,2026-02-28 20:51:31
10,23,click,,0,2025-12-15 22:04:29
65,143,click,,0,2025-12-15 08:59:53
59,67,click,,0,2026-02-18 20:25:14
104,111,click,,0,2026-02-01 03:15:53
31,137,view,,0,2025-12-02 20:12:18
17,194,click,,0,2026-04-25 13:05:52
19,92,click,,0,2026-03-09 08:06:15
78,156,click,,0,2025-12-18 11:51:27
113,98,view,,0,2026-02-16 10:04:31
8,122,click,,0,2026-01-01 01:14:03
35,192,view,,0,2026-02-15 14:52:17
140,76,click,,0,2026-04-03 19:34:52
96,3,purchase,4.1,1,2026-03-19 04:19:25
11,2,click,,0,2026-03-22 21:46:34
138,141,click,,0,2025-12-18 05:26:02
89,55,purchase,4.9,1,2026-02-19 19:49:24
37,42,click,,0,2026-01-06 10:10:56
65,50,click,,0,2025-12-23 22:53:38
146,14,view,,0,2026-05-16 00:28:06
141,119,click,,0,2026-04-05 21:06:54
75,172,click,,0,2025-12-14 18:38:50
51,186,click,,0,2026-03-24 10:29:09
85,92,view,,0,2025-12-26 14:14:24
61,26,view,,0,2026-01-26 01:32:58
50,82,click,,0,2026-03-06 00:59:29
79,178,click,,0,2026-03-25 03:08:36
146,94,click,,0,2026-05-07 12:52:04
110,44,click,,0,2025-12-02 15:13:56
57,183,view,,0,2026-04-24 08:30:27
71,216,click,,0,2026-02-09 12:02:25
85,123,click,,0,2026-03-01 13:44:38
79,125,click,,0,2026-03-18 19:41:28
21,216,purchase,4.1,1,2026-01-25 04:28:45
138,51,view,,0,2026-01-21 19:28:35
20,187,purchase,4.8,1,2025-12-16 08:06:12
8,209,click,,0,2026-03-24 16:31:13
55,10,click,,0,2026-03-18 19:19:42
139,121,view,,0,2026-04-07 16:08:49
94,101,purchase,4.6,1,2026-01-14 01:23:54
75,35,click,,0,2026-03-01 22:22:42
24,102,click,,0,2026-02-10 08:27:02
62,207,view,,0,2026-03-30 22:19:45
132,36,click,,0,2026-02-26 08:15:07
145,145,purchase,4.1,1,2026-04-08 17:48:10
124,92,click,,0,2025-12-09 13:05:03
125,60,click,,0,2025-12-13 21:40:06
60,11,click,,0,2026-04-10 12:32:56
93,100,purchase,4.9,1,2026-03-02 21:33:16
11,167,click,,0,2026-02-02 14:59:42
134,163,click,,0,2026-05-11 19:09:00
68,149,click,,0,2026-03-17 09:34:09
97,168,click,,0,2026-02-13 04:44:17
20,133,click,,0,2026-01-19 13:11:30
58,133,click,,0,2026-02-18 12:04:33
89,125,click,,0,2026-05-04 14:45:56
2,129,click,,0,2026-05-21 23:17:30
43,59,click,,0,2025-12-16 15:58:16
72,55,click,,0,2025-12-30 20:53:06
93,155,view,,0,2026-04-19 23:35:13
59,107,click,,0,2026-05-08 05:03:09
30,124,click,,0,2026-04-11 19:30:40
54,152,view,,0,2026-01-02 00:10:34
106,6,click,,0,2026-01-18 00:18:00
147,152,click,,0,2026-01-01 23:37:49
132,11,click,,0,2026-05-23 16:07:55
15,43,purchase,4.5,1,2026-01-20 20:17:28
104,154,view,,0,2026-03-21 03:18:08
73,22,click,,0,2026-01-12 18:06:45
121,124,click,,0,2026-01-03 19:36:46
106,154,view,,0,2025-12-29 09:48:03
47,160,click,,0,2026-04-08 18:54:00
43,186,click,,0,2026-04-13 19:48:02
117,153,click,,0,2026-03-26 09:05:27
97,99,click,,0,2025-12-27 08:52:20
52,134,purchase,4.7,1,2026-05-17 14:42:06
39,156,click,,0,2025-12-20 09:29:53
10,201,click,,0,2026-03-14 21:21:26
31,24,view,,0,2026-03-05 08:07:11
139,212,purchase,4.8,1,2025-12-01 22:18:27
111,134,click,,0,2026-02-21 09:14:37
12,179,click,,0,2026-03-14 13:50:17
124,203,click,,0,2026-04-29 22:59:01
148,26,click,,0,2026-02-22 07:38:18
123,197,purchase,4.1,1,2026-01-15 20:18:09
140,105,click,,0,2026-01-20 18:10:20
2,148,click,,0,2026-03-13 03:55:48
2,97,click,,0,2026-04-07 19:07:12
81,105,click,,0,2026-02-10 01:00:49
110,167,click,,0,2026-03-25 08:44:13
138,109,click,,0,2026-03-21 08:16:05
71,175,view,,0,2026-02-16 20:59:05
106,142,click,,0,2026-05-02 21:25:58
46,95,click,,0,2026-03-20 06:16:48
65,79,click,,0,2026-03-23 20:45:49
102,189,purchase,4.7,1,2025-12-28 12:09:36
59,115,view,,0,2026-05-02 18:16:04
42,26,click,,0,2026-01-12 08:09:41
87,206,view,,0,2026-03-18 14:35:07
14,42,rating,3.0,0,2026-02-15 06:04:07
24,211,click,,0,2025-12-29 21:59:37
112,23,click,,0,2025-12-14 03:21:02
95,21,click,,0,2026-03-29 22:59:39
99,103,view,,0,2026-03-30 22:00:04
74,183,click,,0,2026-03-27 17:08:17
45,164,click,,0,2026-03-07 16:38:16
52,169,click,,0,2026-05-06 19:12:21
50,9,click,,0,2026-05-02 22:13:47
133,179,view,,0,2026-01-15 16:22:44
10,93,view,,0,2026-01-17 03:43:51
41,23,view,,0,2026-01-24 06:40:23
91,172,click,,0,2026-02-16 10:12:52
52,133,view,,0,2025-12-04 16:19:38
18,24,click,,0,2026-03-18 10:00:05
144,150,click,,0,2026-02-07 06:57:20
71,58,rating,3.9,0,2026-03-29 10:34:20
104,148,click,,0,2025-12-02 14:23:29
105,130,click,,0,2025-12-22 08:52:36
129,76,purchase,4.8,1,2026-02-05 17:04:12
66,138,view,,0,2026-05-08 14:15:19
65,178,rating,4.1,0,2026-02-25 16:09:56
63,194,rating,3.9,0,2026-02-05 15:38:52
118,151,click,,0,2026-05-18 02:02:01
30,67,click,,0,2025-12-14 19:32:23
57,174,click,,0,2026-04-16 20:25:53
81,106,click,,0,2026-02-08 06:15:43
3,180,click,,0,2026-05-12 06:56:25
74,24,view,,0,2026-02-17 03:51:56
88,20,purchase,4.5,1,2026-03-19 09:06:41
91,56,click,,0,2026-05-24 08:31:47
47,192,purchase,4.2,1,2026-04-13 08:13:29
52,61,click,,0,2026-04-23 12:03:43
68,53,click,,0,2026-01-15 04:53:55
64,215,click,,0,2026-03-31 19:35:04
28,31,click,,0,2026-05-29 09:06:06
127,158,view,,0,2025-12-02 23:34:57
139,11,click,,0,2026-05-15 08:43:47
81,127,rating,4.8,0,2026-05-25 02:15:44
71,126,rating,4.8,0,2026-01-06 04:57:31
72,102,view,,0,2026-01-13 19:44:29
33,14,view,,0,2026-03-13 18:49:08
123,139,click,,0,2025-12-08 00:28:01
101,176,click,,0,2026-05-01 08:41:19
31,179,click,,0,2026-03-12 07:43:30
3,4,click,,0,2026-04-11 14:15:43
149,26,click,,0,2026-02-02 21:21:24
67,48,click,,0,2026-03-18 05:12:17
69,121,click,,0,2026-03-30 17:53:34
48,128,click,,0,2026-02-22 00:25:52
96,94,click,,0,2026-05-16 14:09:44
116,47,click,,0,2026-03-22 15:40:35
148,176,view,,0,2026-01-15 01:54:44
70,206,click,,0,2026-01-16 11:38:45
98,51,view,,0,2025-12-30 00:23:42
39,122,click,,0,2026-05-07 03:24:03
108,128,rating,4.7,0,2025-12-27 19:23:51
133,137,click,,0,2026-04-20 14:46:07
125,77,click,,0,2026-01-19 10:20:16
146,13,click,,0,2026-02-17 01:24:05
42,16,view,,0,2026-01-12 12:51:52
122,215,click,,0,2026-04-03 00:05:05
86,67,click,,0,2026-02-09 18:55:08
143,208,click,,0,2026-01-20 17:45:08
106,32,purchase,5.0,1,2026-02-07 20:54:51
51,148,view,,0,2026-03-23 12:34:36
138,45,click,,0,2026-05-02 05:13:05
84,173,click,,0,2026-03-10 19:33:29
115,21,view,,0,2026-02-13 16:38:01
119,162,purchase,4.6,1,2025-12-29 19:45:22
87,108,view,,0,2026-04-03 06:39:41
104,19,click,,0,2025-12-17 01:24:08
59,81,view,,0,2026-02-01 05:28:25
69,155,click,,0,2026-04-05 20:58:27
114,200,purchase,4.7,1,2026-05-18 05:41:01
134,116,click,,0,2026-02-20 02:02:34
6,33,click,,0,2026-04-22 00:22:46
65,191,view,,0,2026-04-16 18:11:54
54,43,click,,0,2026-02-16 19:04:50
17,122,click,,0,2026-03-18 04:36:02
102,135,rating,3.2,0,2026-04-29 05:51:20
40,22,purchase,4.4,1,2026-04-07 20:27:20
59,64,click,,0,2026-04-23 22:08:51
33,34,view,,0,2026-03-13 23:30:40
8,9,click,,0,2026-04-09 13:04:38
84,122,rating,4.1,0,2026-03-02 09:59:36
70,141,click,,0,2026-02-26 01:50:30
139,46,click,,0,2026-03-26 10:11:09
145,112,view,,0,2026-03-13 08:12:49
137,80,click,,0,2026-05-27 04:36:11
139,59,click,,0,2026-05-06 22:55:27
79,94,click,,0,2026-02-19 17:43:23
78,3,click,,0,2025-12-01 17:08:40
35,89,click,,0,2026-01-26 09:07:23
3,177,click,,0,2026-05-29 17:57:27
123,77,view,,0,2025-12-03 11:16:30
75,153,view,,0,2026-01-15 14:15:21
141,96,click,,0,2026-01-07 07:31:07
144,112,click,,0,2026-02-16 08:23:31
100,213,click,,0,2026-02-13 03:59:25
21,109,click,,0,2026-04-02 02:55:50
70,73,view,,0,2026-04-06 14:44:34
69,106,purchase,4.2,1,2026-01-07 04:51:38
75,29,click,,0,2026-04-04 08:50:57
116,70,view,,0,2026-04-16 17:09:11
49,83,click,,0,2025-12-05 11:06:11
137,6,rating,3.6,0,2026-01-06 19:14:46
33,184,view,,0,2026-02-24 19:53:01
60,24,click,,0,2025-12-30 22:57:03
56,88,click,,0,2026-02-21 07:11:19
128,96,view,,0,2026-03-01 17:38:25
9,85,view,,0,2025-12-17 06:34:51
38,15,view,,0,2026-01-22 10:42:39
19,140,click,,0,2026-03-02 23:45:25
65,210,view,,0,2026-02-13 18:59:37
32,197,click,,0,2026-04-19 11:22:34
114,64,rating,3.4,0,2026-04-23 22:16:04
25,134,rating,3.9,0,2026-04-10 00:32:09
80,83,view,,0,2026-01-01 11:53:49
11,191,click,,0,2026-03-18 09:56:32
65,124,click,,0,2026-04-04 16:25:59
93,14,view,,0,2026-05-18 09:39:02
29,61,click,,0,2026-04-03 14:17:01
4,43,click,,0,2026-05-04 22:50:30
31,102,click,,0,2026-05-03 22:23:26
11,149,view,,0,2026-05-02 19:58:24
40,96,click,,0,2026-04-30 08:53:18
41,128,view,,0,2025-12-19 10:40:34
87,195,click,,0,2026-04-02 02:02:31
92,166,view,,0,2025-12-31 14:01:33
28,33,click,,0,2026-03-06 10:13:36
143,202,view,,0,2026-04-05 20:58:55
113,188,click,,0,2026-01-08 03:59:51
97,92,click,,0,2026-04-21 08:39:32
11,125,click,,0,2026-04-17 21:49:47
76,139,click,,0,2026-04-16 01:08:44
146,48,click,,0,2026-03-17 06:10:10
120,71,view,,0,2026-05-19 04:18:41
142,42,click,,0,2025-12-15 01:42:08
116,76,click,,0,2026-05-09 19:28:53
94,117,view,,0,2025-12-01 20:04:07
130,98,click,,0,2026-04-23 03:48:25
5,159,click,,0,2026-05-17 01:49:41
62,83,click,,0,2026-04-20 16:50:03
138,210,click,,0,2026-02-14 22:33:08
128,197,click,,0,2026-03-18 18:44:25
73,83,view,,0,2026-02-19 06:32:30
29,25,view,,0,2026-03-13 07:00:19
12,214,click,,0,2025-12-26 21:30:21
9,52,click,,0,2025-12-22 11:37:38
26,9,view,,0,2026-03-22 13:49:25
100,169,click,,0,2026-03-06 19:51:30
66,13,click,,0,2026-02-10 20:02:51
19,4,click,,0,2026-05-29 13:02:57
126,214,click,,0,2025-12-17 05:20:23
16,93,view,,0,2026-03-20 01:16:31
107,211,view,,0,2026-02-11 08:41:55
15,211,click,,0,2026-03-31 11:49:54
11,188,view,,0,2025-12-15 08:44:47
20,56,click,,0,2026-03-12 13:41:27
60,137,click,,0,2026-02-14 12:29:13
135,169,click,,0,2026-01-19 00:02:02
46,143,click,,0,2026-04-26 04:12:46
28,197,click,,0,2026-04-04 16:55:08
118,180,click,,0,2026-04-09 20:58:05
27,43,click,,0,2026-05-04 13:51:10
103,130,view,,0,2026-02-05 05:38:17
137,154,purchase,4.9,1,2026-02-25 17:18:01
141,84,click,,0,2026-05-14 18:01:09
111,212,click,,0,2026-04-21 15:30:09
62,145,click,,0,2026-03-17 15:31:00
141,191,click,,0,2026-01-20 00:51:19
116,115,click,,0,2026-02-16 19:17:25
9,73,click,,0,2026-03-27 09:10:12
35,78,click,,0,2025-12-02 23:19:37
57,55,click,,0,2026-05-16 20:39:37
71,142,click,,0,2026-03-10 23:24:43
147,40,click,,0,2025-12-20 00:07:26
92,40,click,,0,2025-12-28 13:44:35
150,64,click,,0,2026-01-15 22:32:44
77,24,click,,0,2026-03-22 11:22:37
56,188,view,,0,2025-12-16 16:29:58
124,45,view,,0,2026-03-06 12:14:49
148,210,click,,0,2026-05-26 22:41:45
77,10,view,,0,2026-04-22 14:26:21
98,21,click,,0,2026-05-02 04:20:44
86,90,view,,0,2026-05-21 12:50:39
107,31,view,,0,2026-05-19 14:12:47
3,163,view,,0,2026-05-01 15:44:51
14,79,click,,0,2026-03-13 12:31:03
139,145,click,,0,2025-12-30 17:48:27
57,40,view,,0,2025-12-11 12:09:12
101,115,click,,0,2026-04-26 21:12:13
130,24,click,,0,2026-01-13 19:42:29
101,38,click,,0,2025-12-27 08:45:35
122,147,click,,0,2026-04-25 10:08:02
103,68,click,,0,2025-12-18 05:12:39
112,199,click,,0,2026-04-16 05:01:35
35,124,click,,0,2026-03-20 07:13:23
102,167,click,,0,2026-03-22 15:18:29
135,64,click,,0,2026-01-17 17:59:03
111,83,purchase,4.1,1,2026-04-13 15:49:27
106,109,click,,0,2026-02-10 14:59:05
83,89,view,,0,2026-03-27 00:22:56
79,44,view,,0,2026-02-07 14:30:38
114,160,click,,0,2025-12-30 00:16:39
60,52,click,,0,2026-04-13 18:43:10
22,29,click,,0,2026-04-24 07:24:51
38,214,click,,0,2026-05-09 22:48:55
88,178,click,,0,2026-05-06 20:56:03
116,121,click,,0,2025-12-06 02:43:41
138,55,click,,0,2026-01-10 06:29:50
67,141,view,,0,2026-03-05 11:46:48
37,178,view,,0,2026-04-16 09:08:58
97,150,view,,0,2026-05-26 15:10:04
12,66,click,,0,2026-01-03 18:27:40
52,203,view,,0,2026-04-15 22:45:49
14,120,purchase,4.1,1,2026-04-07 20:06:25
70,170,purchase,4.4,1,2026-05-16 03:42:30
28,5,purchase,4.6,1,2026-01-27 11:50:32
60,98,rating,3.2,0,2026-03-10 10:41:01
81,125,click,,0,2026-05-19 00:10:04
23,48,click,,0,2026-01-09 07:32:23
118,144,view,,0,2026-05-30 13:49:04
11,64,click,,0,2026-05-29 18:48:15
86,126,view,,0,2026-02-16 02:05:24
5,89,click,,0,2026-04-13 13:50:10
78,61,click,,0,2026-03-09 00:42:55
16,161,purchase,4.9,1,2026-01-20 17:35:13
8,143,click,,0,2026-01-25 02:30:43
88,101,click,,0,2026-04-08 06:14:17
98,134,view,,0,2026-04-12 08:23:57
59,107,click,,0,2026-01-17 08:52:36
110,80,view,,0,2026-05-27 08:23:18
115,139,click,,0,2025-12-27 06:49:00
36,149,view,,0,2026-03-16 19:36:21
52,36,view,,0,2026-01-30 16:45:03
135,35,rating,5.0,0,2026-02-23 04:57:32
38,168,purchase,4.3,1,2026-03-21 09:04:45
143,137,click,,0,2026-04-20 09:32:59
82,215,click,,0,2026-05-21 12:07:29
8,196,purchase,4.4,1,2026-02-01 13:54:19
106,78,view,,0,2026-02-25 17:15:52
71,39,click,,0,2026-05-01 23:37:12
34,48,view,,0,2025-12-06 18:48:24
69,156,view,,0,2026-03-21 19:19:35
60,60,click,,0,2026-04-14 04:07:38
21,177,click,,0,2026-05-02 02:58:04
129,217,click,,0,2026-03-29 02:52:30
96,48,click,,0,2026-05-16 03:55:30
122,36,click,,0,2026-01-02 12:00:50
9,105,rating,4.9,0,2026-04-29 03:43:24
106,57,view,,0,2026-04-24 20:23:36
52,194,click,,0,2026-01-10 10:02:33
113,158,view,,0,2026-03-06 20:00:48
118,64,click,,0,2026-02-22 17:16:05
11,156,view,,0,2026-04-23 11:36:31
81,101,purchase,4.6,1,2026-03-30 10:32:00
138,135,purchase,4.8,1,2026-04-05 05:49:33
134,28,click,,0,2026-02-27 09:22:02
11,63,click,,0,2026-03-12 10:02:37
11,143,click,,0,2026-02-14 22:07:08
13,49,click,,0,2026-01-27 05:42:30
78,199,click,,0,2026-05-11 09:42:27
43,109,view,,0,2026-01-27 20:48:34
14,177,purchase,4.5,1,2026-03-12 01:58:02
116,24,click,,0,2026-04-21 00:29:32
47,200,purchase,4.7,1,2026-03-25 09:05:53
35,101,click,,0,2026-02-20 00:02:24
7,46,click,,0,2026-02-27 19:01:10
52,117,click,,0,2025-12-19 04:58:54
42,184,click,,0,2026-04-23 01:57:51
30,181,view,,0,2026-02-26 23:03:45
22,135,click,,0,2026-04-18 00:52:25
131,157,click,,0,2026-01-01 17:54:02
98,12,click,,0,2026-04-29 21:04:00
86,145,view,,0,2026-05-19 21:17:29
39,42,click,,0,2026-05-19 09:42:07
14,108,click,,0,2026-01-30 12:23:17
115,74,click,,0,2026-04-02 08:11:45
34,52,view,,0,2025-12-02 09:10:43
65,4,click,,0,2026-02-28 18:08:37
128,140,click,,0,2026-05-07 11:43:30
127,61,click,,0,2026-01-12 19:25:10
122,117,click,,0,2026-02-19 08:09:29
2,63,click,,0,2026-05-21 23:54:51
143,210,click,,0,2026-05-10 22:40:10
48,38,view,,0,2025-12-12 09:19:50
10,38,click,,0,2026-05-16 11:50:49
148,215,click,,0,2026-03-28 20:13:41
23,13,click,,0,2025-12-22 20:10:02
46,42,click,,0,2026-04-11 04:52:58
147,202,click,,0,2026-03-20 20:38:59
117,192,click,,0,2026-03-24 02:53:33
10,24,click,,0,2026-04-29 22:14:22
95,98,click,,0,2026-05-09 23:25:29
110,216,click,,0,2026-03-18 14:05:43
121,35,view,,0,2025-12-25 09:23:01
71,85,click,,0,2026-03-14 00:57:28
54,179,view,,0,2026-01-11 06:57:44
28,147,rating,4.1,0,2026-04-22 09:29:43
23,124,view,,0,2026-04-21 07:08:39
74,110,view,,0,2026-03-29 22:08:08
67,135,rating,3.7,0,2026-03-23 09:04:24
34,158,click,,0,2026-03-20 22:46:48
128,127,click,,0,2026-05-07 14:10:32
60,182,rating,3.0,0,2026-01-27 02:29:11
7,120,view,,0,2026-04-02 03:34:20
54,205,rating,3.8,0,2026-03-31 04:15:26
86,90,view,,0,2026-03-20 12:26:22
55,3,click,,0,2026-04-05 02:12:42
73,66,click,,0,2026-05-04 03:17:31
77,130,click,,0,2026-03-18 11:52:12
2,30,click,,0,2026-04-13 20:56:26
102,186,view,,0,2026-03-22 04:04:50
8,214,click,,0,2026-01-04 19:12:18
87,173,purchase,4.8,1,2026-03-04 17:31:13
35,124,view,,0,2025-12-31 20:52:00
138,86,view,,0,2026-03-01 11:58:51
106,191,view,,0,2025-12-12 13:47:48
77,145,view,,0,2026-04-21 11:17:31
143,138,click,,0,2025-12-05 07:56:54
85,205,purchase,4.4,1,2026-05-28 14:27:08
39,72,click,,0,2026-05-13 22:50:33
97,161,view,,0,2026-03-15 10:36:27
147,156,click,,0,2026-02-15 08:13:28
30,201,click,,0,2026-04-26 15:08:43
81,182,click,,0,2025-12-07 20:06:44
23,128,click,,0,2026-05-21 00:03:27
116,213,click,,0,2026-01-29 11:03:58
78,45,click,,0,2025-12-23 11:44:59
10,200,purchase,4.4,1,2026-01-09 22:33:39
7,205,purchase,4.2,1,2026-03-05 10:05:15
88,124,purchase,4.3,1,2026-04-22 22:08:12
84,37,purchase,4.8,1,2026-04-30 02:45:26
133,174,click,,0,2025-12-27 11:13:15
10,118,view,,0,2026-02-14 23:00:22
134,30,click,,0,2025-12-02 11:52:03
12,176,click,,0,2026-05-15 09:15:30
23,86,purchase,4.1,1,2026-03-02 08:30:48
80,6,view,,0,2026-03-23 20:20:17
54,83,click,,0,2026-01-09 15:22:14
71,137,view,,0,2026-02-01 16:03:35
31,70,click,,0,2025-12-30 16:35:57
30,4,click,,0,2026-04-01 15:50:53
27,53,click,,0,2026-03-17 01:04:52
82,70,purchase,4.8,1,2025-12-29 04:25:00
147,63,click,,0,2026-01-03 22:54:48
87,139,click,,0,2026-02-25 20:15:43
8,121,view,,0,2026-05-26 02:21:42
28,99,click,,0,2025-12-12 03:26:23
101,46,click,,0,2026-04-17 12:44:59
115,158,click,,0,2026-02-08 18:02:36
51,183,view,,0,2026-04-27 23:07:34
137,21,view,,0,2026-05-29 21:11:57
120,146,click,,0,2025-12-27 06:55:28
120,25,click,,0,2026-02-28 03:53:25
120,121,purchase,4.1,1,2026-01-15 16:29:14
67,94,click,,0,2026-02-15 19:55:30
85,202,purchase,4.5,1,2026-05-17 20:17:37
8,17,click,,0,2026-03-03 23:55:58
123,119,click,,0,2026-05-14 22:16:14
90,155,click,,0,2026-03-23 06:54:32
27,104,view,,0,2026-05-09 10:47:12
28,84,view,,0,2026-03-19 16:33:37
78,137,click,,0,2026-03-01 05:00:45
106,62,click,,0,2026-04-01 06:12:02
41,124,click,,0,2026-02-14 05:25:42
54,209,click,,0,2026-04-15 11:16:03
112,146,click,,0,2026-05-03 13:55:22
61,45,view,,0,2026-04-09 08:42:39
147,215,click,,0,2026-03-06 04:34:32
119,84,click,,0,2026-03-19 11:36:37
114,46,rating,3.1,0,2026-01-30 12:15:52
28,176,click,,0,2026-05-08 18:32:24
98,84,view,,0,2026-03-07 16:17:47
16,24,view,,0,2026-01-12 22:51:30
149,194,view,,0,2026-04-04 05:18:28
38,170,click,,0,2025-12-30 16:06:47
75,100,click,,0,2026-03-31 05:29:18
51,53,purchase,4.3,1,2026-04-13 00:48:45
78,112,rating,3.7,0,2026-04-20 01:51:49
23,150,view,,0,2025-12-03 06:33:09
131,104,click,,0,2026-05-15 06:59:15
76,16,purchase,5.0,1,2026-02-11 09:25:03
1,181,view,,0,2026-03-20 10:38:39
92,29,click,,0,2026-05-17 22:25:12
8,61,view,,0,2026-02-23 12:39:15
101,161,view,,0,2026-02-01 11:17:41
104,98,click,,0,2026-02-24 04:50:48
45,122,click,,0,2025-12-28 16:49:19
99,216,click,,0,2026-05-30 05:06:45
107,40,rating,4.3,0,2026-01-26 17:05:09
35,3,view,,0,2025-12-15 15:04:29
37,185,click,,0,2026-05-22 12:35:39
112,35,click,,0,2025-12-18 03:16:27
107,117,view,,0,2026-05-24 05:06:37
109,160,click,,0,2026-01-05 14:37:50
109,142,click,,0,2026-05-09 22:31:26
91,58,click,,0,2026-01-06 18:33:47
2,148,view,,0,2026-03-08 10:17:37
61,183,click,,0,2026-03-09 02:56:23
140,148,click,,0,2026-02-10 22:55:06
10,146,view,,0,2026-03-05 12:54:24
29,149,rating,3.2,0,2026-03-05 04:49:12
135,193,click,,0,2026-05-01 22:30:38
133,21,purchase,4.1,1,2026-03-13 07:44:00
121,162,view,,0,2026-04-24 17:13:19
20,176,click,,0,2026-04-03 17:54:45
149,80,click,,0,2026-03-30 17:41:00
88,137,click,,0,2026-05-01 20:54:48
117,132,click,,0,2026-05-26 15:14:12
85,108,rating,4.6,0,2026-02-08 05:24:54
75,43,view,,0,2025-12-08 13:20:46
78,187,click,,0,2026-05-03 03:10:47
16,162,click,,0,2026-03-03 13:48:07
147,14,rating,4.6,0,2026-04-08 03:23:11
7,74,click,,0,2026-03-05 19:51:37
130,20,view,,0,2026-05-16 00:44:11
65,34,click,,0,2026-03-31 06:32:23
66,4,click,,0,2026-04-24 16:01:28
45,152,click,,0,2026-04-24 04:33:03
115,95,click,,0,2026-05-07 13:31:28
61,125,view,,0,2026-01-05 19:20:45
9,88,rating,4.2,0,2025-12-18 02:03:12
40,215,view,,0,2026-03-08 00:00:02
106,198,click,,0,2026-02-14 02:24:06
113,186,click,,0,2026-04-04 12:01:38
148,188,click,,0,2026-05-14 03:56:25
68,194,click,,0,2026-05-09 20:00:19
43,119,click,,0,2026-02-17 02:59:58
122,192,purchase,4.2,1,2026-04-26 19:16:55
100,122,click,,0,2026-01-21 16:38:09
112,4,purchase,4.4,1,2026-01-26 18:35:00
81,136,rating,3.2,0,2026-04-13 07:08:54
137,164,rating,3.9,0,2026-02-08 09:40:21
70,86,click,,0,2026-01-23 04:31:30
26,66,click,,0,2026-04-07 18:10:29
119,198,view,,0,2026-04-11 19:47:55
50,134,view,,0,2026-02-05 05:08:34
47,81,click,,0,2026-03-18 00:46:25
3,213,click,,0,2025-12-14 21:23:35
26,135,view,,0,2025-12-21 20:57:25
90,57,click,,0,2026-04-21 12:37:37
50,9,view,,0,2025-12-06 07:09:58
15,153,purchase,4.2,1,2026-04-08 04:43:03
32,182,click,,0,2025-12-24 23:50:52
34,97,view,,0,2026-04-08 03:44:05
145,206,purchase,4.7,1,2026-01-06 13:47:53
65,76,view,,0,2026-03-02 08:53:05
20,164,purchase,4.3,1,2026-02-27 17:54:54
110,178,view,,0,2026-05-26 02:49:25
83,66,view,,0,2026-01-02 03:31:50
71,199,click,,0,2025-12-13 19:27:37
86,16,rating,3.5,0,2026-01-20 20:11:35
113,18,rating,3.4,0,2026-03-07 04:18:13
101,46,click,,0,2026-04-06 00:53:01
37,139,click,,0,2026-04-29 23:08:59
28,114,click,,0,2026-04-19 14:43:16
9,19,click,,0,2025-12-15 08:51:33
65,199,click,,0,2026-02-26 06:40:30
128,39,view,,0,2026-04-07 11:17:13
10,171,click,,0,2026-02-15 12:30:02
85,101,click,,0,2026-03-23 06:43:54
126,123,click,,0,2026-02-24 08:53:24
18,139,click,,0,2026-01-14 13:14:12
124,32,click,,0,2026-03-21 20:15:44
92,86,click,,0,2026-04-13 02:17:56
15,162,click,,0,2026-04-06 08:17:58
137,88,view,,0,2025-12-17 07:40:11
75,166,click,,0,2026-01-10 03:19:27
11,99,click,,0,2026-04-08 23:57:29
100,28,view,,0,2026-04-03 03:36:09
125,22,view,,0,2026-05-22 14:06:40
49,36,click,,0,2025-12-08 15:04:48
62,126,click,,0,2026-02-15 04:30:07
139,165,click,,0,2026-01-30 10:50:38
116,5,click,,0,2025-12-08 21:20:44
87,202,click,,0,2026-04-20 16:52:24
31,55,view,,0,2026-05-07 10:05:24
134,118,purchase,4.5,1,2026-04-12 08:47:09
149,60,click,,0,2026-05-30 06:40:05
37,126,click,,0,2026-04-07 15:47:23
12,63,view,,0,2026-04-16 20:59:39
4,45,click,,0,2026-04-03 13:07:48
79,211,click,,0,2026-05-04 19:36:38
44,214,click,,0,2026-03-26 11:10:18
28,30,click,,0,2026-03-08 05:34:14
57,17,click,,0,2026-05-06 21:44:21
87,208,rating,4.4,0,2026-05-13 00:16:17
84,31,click,,0,2026-04-13 12:47:49
36,83,rating,3.4,0,2026-05-13 02:44:48
12,152,click,,0,2026-01-04 09:02:19
31,71,view,,0,2025-12-29 02:55:31
44,179,click,,0,2026-02-11 12:42:01
113,63,click,,0,2026-05-30 10:40:29
35,26,view,,0,2026-05-04 07:17:06
97,200,click,,0,2026-01-01 07:53:58
125,21,click,,0,2025-12-02 22:18:19
23,181,click,,0,2026-04-07 06:06:58
73,107,view,,0,2026-04-15 08:40:29
122,178,click,,0,2025-12-26 08:04:32
70,134,click,,0,2026-02-27 03:49:10
45,157,click,,0,2026-04-15 00:08:47
47,184,view,,0,2026-03-08 18:21:33
23,161,view,,0,2026-05-11 04:24:24
90,108,click,,0,2025-12-02 14:00:43
50,31,rating,4.2,0,2026-03-14 15:37:14
139,130,click,,0,2026-01-13 06:36:54
54,71,click,,0,2025-12-12 00:02:01
39,176,rating,3.9,0,2026-05-14 13:01:18
46,41,purchase,4.1,1,2026-04-10 19:48:18
94,73,click,,0,2026-01-11 09:28:23
86,158,purchase,4.5,1,2026-05-07 01:00:08
27,190,purchase,4.2,1,2025-12-11 21:10:46
8,125,click,,0,2026-03-11 16:20:21
61,185,click,,0,2026-02-26 01:43:47
84,108,view,,0,2026-01-09 06:57:46
84,59,click,,0,2026-05-01 23:00:07
59,26,view,,0,2026-01-16 17:45:56
52,97,click,,0,2026-05-23 18:46:36
121,150,click,,0,2026-03-05 18:13:03
112,38,purchase,4.5,1,2026-01-12 16:07:00
100,96,click,,0,2025-12-28 04:24:20
50,162,rating,3.4,0,2026-02-09 07:51:55
33,9,click,,0,2026-04-15 02:38:56
72,35,purchase,4.5,1,2025-12-23 06:31:15
44,195,click,,0,2026-02-06 09:53:39
76,155,view,,0,2026-01-01 03:23:59
44,148,purchase,4.1,1,2026-03-19 00:44:31
134,126,rating,4.2,0,2026-05-18 02:51:10
119,72,view,,0,2025-12-04 12:18:25
64,64,click,,0,2026-02-03 06:01:25
57,152,purchase,4.9,1,2025-12-30 14:57:47
107,12,rating,4.5,0,2025-12-09 11:24:04
130,9,click,,0,2026-02-22 08:36:32
123,208,view,,0,2026-05-05 15:44:43
26,116,click,,0,2026-03-07 20:54:35
143,193,view,,0,2025-12-04 02:36:34
105,56,click,,0,2025-12-27 11:11:48
62,166,click,,0,2025-12-19 07:32:39
79,42,click,,0,2026-04-17 06:21:02
147,192,click,,0,2026-03-25 00:46:02
117,119,click,,0,2026-04-30 13:43:33
104,48,purchase,4.6,1,2026-05-04 01:43:21
1,161,click,,0,2025-12-15 10:11:36
86,136,click,,0,2025-12-08 01:10:23
70,179,click,,0,2026-03-30 15:10:36
54,202,click,,0,2026-04-13 15:29:06
86,189,click,,0,2025-12-12 08:09:18
94,14,click,,0,2025-12-23 05:51:20
120,159,click,,0,2025-12-09 15:12:08
45,166,view,,0,2026-03-20 04:51:59
144,182,click,,0,2026-04-30 21:50:14
86,62,click,,0,2026-03-16 11:35:24
123,189,click,,0,2026-04-26 18:34:47
54,193,view,,0,2026-04-25 08:44:37
83,91,click,,0,2026-05-25 01:23:07
109,71,click,,0,2025-12-12 06:30:58
89,116,click,,0,2026-03-06 02:41:44
32,121,click,,0,2026-04-18 12:44:23
137,75,view,,0,2026-02-27 11:05:09
17,49,purchase,4.1,1,2026-05-23 21:17:03
101,46,rating,3.2,0,2026-01-26 16:37:41
43,71,view,,0,2025-12-23 10:47:11
128,39,click,,0,2026-05-20 14:28:39
6,76,rating,4.1,0,2026-02-20 13:54:56
34,122,click,,0,2026-02-07 00:27:15
6,75,click,,0,2026-01-07 09:48:02
60,214,view,,0,2026-03-12 14:19:16
106,149,view,,0,2026-02-06 06:14:34
84,125,view,,0,2026-03-26 21:57:33
136,216,click,,0,2026-03-18 04:45:49
78,146,purchase,4.3,1,2025-12-27 07:39:55
67,59,click,,0,2026-03-05 17:27:02
74,198,click,,0,2026-05-14 21:05:37
91,73,rating,4.2,0,2026-02-28 05:29:08
42,183,click,,0,2026-03-15 15:28:14
45,215,view,,0,2026-04-18 04:45:04
40,42,click,,0,2026-01-16 21:26:00
82,148,click,,0,2025-12-26 06:07:24
95,48,click,,0,2026-01-10 12:48:26
9,171,rating,3.3,0,2026-02-01 05:46:44
115,139,click,,0,2026-01-02 06:28:26
32,7,purchase,4.8,1,2026-02-18 06:06:40
118,82,click,,0,2025-12-31 23:58:30
140,130,view,,0,2026-02-04 00:35:37
76,122,click,,0,2026-05-24 16:16:18
147,171,view,,0,2025-12-30 06:10:22
114,87,click,,0,2026-04-14 12:22:18
123,11,view,,0,2025-12-28 18:28:25
30,79,click,,0,2025-12-06 12:16:12
57,115,click,,0,2026-02-09 02:17:19
15,156,click,,0,2026-04-05 05:26:51
135,57,purchase,4.3,1,2026-05-02 09:45:30
6,22,view,,0,2026-03-16 05:53:50
23,132,click,,0,2026-02-16 06:51:41
82,155,click,,0,2026-03-29 04:34:52
15,171,click,,0,2026-02-09 19:23:54
110,95,click,,0,2026-02-14 16:07:45
73,89,click,,0,2026-02-07 22:08:50
115,144,click,,0,2025-12-18 16:57:12
114,190,view,,0,2026-02-20 09:35:45
74,42,view,,0,2026-05-07 03:25:17
109,187,click,,0,2026-05-24 18:22:31
23,37,click,,0,2026-01-11 01:03:24
135,86,purchase,4.6,1,2025-12-14 12:50:09
97,23,click,,0,2025-12-02 23:33:37
70,107,click,,0,2026-01-04 15:46:28
146,194,click,,0,2026-05-28 08:19:38
48,214,click,,0,2026-02-13 19:53:20
126,11,view,,0,2026-05-10 11:14:11
150,78,click,,0,2026-03-07 15:23:21
119,58,view,,0,2025-12-06 21:47:51
40,68,rating,4.7,0,2026-01-28 23:36:17
121,32,view,,0,2026-04-07 15:42:12
74,107,click,,0,2026-01-05 12:38:58
63,8,view,,0,2025-12-24 20:56:49
127,18,view,,0,2026-03-27 23:45:00
149,124,click,,0,2026-03-21 12:28:58
67,161,click,,0,2026-04-13 21:17:58
31,96,view,,0,2026-03-11 05:15:28
5,217,click,,0,2026-01-21 02:14:42
15,38,click,,0,2026-02-01 18:32:10
35,92,click,,0,2026-01-02 09:47:18
93,108,purchase,4.4,1,2026-04-04 05:50:26
75,75,view,,0,2026-03-14 12:53:11
20,132,view,,0,2026-01-08 07:57:24
47,196,click,,0,2025-12-20 01:09:23
43,140,purchase,4.8,1,2026-02-02 08:10:15
78,70,view,,0,2026-04-13 19:06:48
93,25,click,,0,2026-03-15 11:17:36
37,4,click,,0,2025-12-28 06:56:41
96,200,click,,0,2026-03-05 20:30:26
42,27,click,,0,2026-01-13 00:05:27
57,213,view,,0,2026-01-07 06:48:00
144,158,view,,0,2026-04-14 14:43:45
135,217,view,,0,2026-03-15 00:27:34
30,107,purchase,4.1,1,2026-03-01 02:45:33
34,5,click,,0,2026-03-04 19:25:51
93,36,click,,0,2026-05-09 08:23:25
134,196,click,,0,2026-02-06 02:45:36
78,8,view,,0,2026-04-25 06:09:00
57,33,view,,0,2026-05-17 01:45:44
59,79,click,,0,2025-12-26 00:51:37
21,109,view,,0,2026-04-14 20:09:36
29,20,view,,0,2025-12-05 08:21:30
111,11,click,,0,2026-01-08 19:46:34
132,152,click,,0,2025-12-13 04:54:36
65,12,click,,0,2025-12-14 13:26:57
3,194,view,,0,2025-12-20 10:27:12
53,151,click,,0,2026-05-25 16:29:36
90,8,click,,0,2025-12-19 07:46:35
72,149,click,,0,2026-02-07 05:44:59
129,200,view,,0,2026-04-22 04:01:20
130,146,click,,0,2025-12-14 23:11:16
149,196,click,,0,2025-12-04 09:53:08
50,73,purchase,4.5,1,2026-01-04 01:14:11
26,55,click,,0,2026-05-29 10:26:55
122,94,click,,0,2026-04-16 06:14:57
113,173,click,,0,2025-12-22 12:52:57
91,98,click,,0,2026-02-22 01:07:31
59,105,view,,0,2025-12-23 14:36:43
81,32,click,,0,2026-03-02 03:58:24
35,127,click,,0,2026-04-28 17:10:01
74,143,click,,0,2026-04-20 22:06:52
84,127,click,,0,2025-12-24 04:01:14
117,154,click,,0,2026-04-23 15:32:08
114,58,click,,0,2026-03-19 06:08:57
110,49,click,,0,2026-05-17 01:34:09
122,174,click,,0,2026-02-11 01:06:54
126,173,click,,0,2025-12-22 02:51:02
134,169,click,,0,2026-04-12 01:31:10
37,102,view,,0,2026-02-17 11:45:31
27,190,purchase,4.2,1,2026-05-30 08:52:46
94,51,click,,0,2026-02-05 10:51:07
104,32,view,,0,2026-01-15 21:57:55
128,72,view,,0,2026-04-29 05:01:11
149,152,view,,0,2026-01-23 16:51:34
103,92,view,,0,2026-03-04 02:13:31
104,125,click,,0,2026-03-11 00:04:42
117,28,click,,0,2025-12-25 10:09:40
128,60,purchase,4.0,1,2026-04-02 17:08:07
14,213,click,,0,2025-12-14 22:40:58
7,46,view,,0,2026-02-13 23:54:47
84,40,view,,0,2026-01-29 11:38:36
25,195,view,,0,2025-12-16 13:18:37
134,197,view,,0,2026-03-07 06:28:27
52,76,click,,0,2026-04-09 06:17:32
130,67,click,,0,2026-03-17 00:39:32
139,140,rating,3.1,0,2025-12-05 03:03:50
111,31,click,,0,2026-02-14 04:33:32
97,114,click,,0,2026-02-28 22:52:03
46,143,purchase,4.3,1,2026-04-08 17:47:32
43,126,click,,0,2026-02-23 07:50:01
100,125,click,,0,2026-04-29 01:15:50
126,169,view,,0,2026-03-19 05:32:03
147,121,click,,0,2026-03-04 02:37:13
41,130,click,,0,2025-12-12 12:28:04
127,152,view,,0,2026-02-13 01:22:44
91,197,click,,0,2026-01-25 22:17:21
8,152,click,,0,2025-12-10 10:58:53
94,90,view,,0,2026-05-07 21:30:23
7,196,view,,0,2026-05-23 18:40:23
98,25,click,,0,2026-02-22 20:01:45
92,106,click,,0,2026-02-07 21:44:51
63,64,view,,0,2026-01-16 06:07:56
22,177,purchase,4.1,1,2025-12-14 09:58:02
44,6,click,,0,2026-03-16 05:55:06
118,169,click,,0,2026-05-18 08:18:11
132,108,click,,0,2026-01-22 11:14:53
121,151,rating,3.8,0,2025-12-06 00:20:36
100,83,click,,0,2026-03-22 20:56:15
126,26,view,,0,2026-04-14 20:22:24
87,128,view,,0,2026-03-09 07:47:07
87,43,click,,0,2026-03-31 02:01:11
112,52,view,,0,2026-03-08 04:40:37
20,216,click,,0,2026-05-15 19:33:33
74,68,click,,0,2025-12-10 22:13:34
147,103,click,,0,2026-05-06 22:26:09
24,184,click,,0,2026-05-14 14:54:36
87,70,click,,0,2025-12-14 18:12:50
136,122,click,,0,2026-02-22 15:10:18
20,167,click,,0,2026-05-10 15:36:57
77,111,click,,0,2026-04-09 12:38:47
52,107,click,,0,2026-02-17 19:34:21
132,117,view,,0,2026-04-11 02:24:42
47,5,view,,0,2026-04-02 14:40:44
48,148,click,,0,2026-03-08 15:10:18
120,69,click,,0,2026-04-04 13:39:59
112,145,view,,0,2026-04-21 18:59:08
134,52,click,,0,2026-02-10 10:21:25
62,39,view,,0,2026-04-25 15:20:47
77,217,click,,0,2026-02-24 05:46:22
17,163,view,,0,2026-01-10 05:21:48
69,211,view,,0,2026-01-26 10:26:20
66,176,click,,0,2026-03-28 10:39:34
62,30,click,,0,2025-12-30 19:35:20
63,205,click,,0,2026-05-11 07:52:47
125,144,click,,0,2026-02-24 09:14:27
10,52,click,,0,2026-01-01 15:22:42
8,67,view,,0,2026-05-04 00:50:32
141,46,purchase,5.0,1,2026-04-05 19:20:27
125,201,click,,0,2025-12-05 13:29:44
22,81,click,,0,2026-03-28 12:22:19
17,105,click,,0,2026-05-24 19:58:49
24,102,view,,0,2026-05-13 18:30:52
36,61,click,,0,2025-12-23 10:21:24
129,31,view,,0,2026-03-13 01:12:45
149,199,click,,0,2026-03-13 16:36:13
24,61,click,,0,2026-03-28 04:05:02
81,85,click,,0,2026-05-12 07:40:21
100,207,view,,0,2026-04-26 00:23:27
109,56,click,,0,2025-12-29 17:05:52
55,71,click,,0,2026-02-25 00:49:04
15,126,click,,0,2026-03-15 06:51:51
29,82,click,,0,2026-03-17 16:04:13
64,72,view,,0,2026-05-21 11:10:17
38,93,view,,0,2026-03-03 23:24:29
79,6,rating,4.2,0,2026-04-06 00:29:05
14,177,view,,0,2026-05-28 20:22:30
62,65,click,,0,2026-03-19 00:36:46
93,208,click,,0,2026-04-13 18:12:10
61,114,click,,0,2026-02-15 03:07:13
101,66,click,,0,2026-01-29 02:57:16
61,77,purchase,4.2,1,2026-01-11 13:11:10
113,162,purchase,4.8,1,2026-02-01 06:54:01
105,203,click,,0,2025-12-08 06:36:51
21,211,purchase,4.5,1,2026-05-02 01:14:44
106,216,view,,0,2026-02-04 07:18:43
26,212,view,,0,2026-01-01 19:58:05
130,17,click,,0,2026-02-08 00:29:00
141,189,click,,0,2026-02-03 03:33:54
8,196,view,,0,2025-12-11 19:30:44
48,162,view,,0,2026-02-25 19:07:51
35,1,click,,0,2026-02-17 11:56:01
79,81,click,,0,2026-03-23 12:10:48
41,64,view,,0,2026-03-11 23:09:13
34,217,view,,0,2026-03-27 01:01:47
82,116,purchase,4.1,1,2026-03-04 14:03:31
45,176,view,,0,2026-03-26 20:23:22
73,51,click,,0,2025-12-18 02:02:30
47,101,click,,0,2026-05-20 20:59:15
147,58,purchase,4.9,1,2025-12-05 17:20:40
59,23,click,,0,2026-03-01 11:46:13
44,13,view,,0,2026-02-17 13:40:20
67,39,rating,3.3,0,2025-12-18 23:46:11
146,31,view,,0,2025-12-04 10:29:39
112,198,purchase,4.8,1,2026-05-29 08:10:25
127,31,view,,0,2026-01-14 06:53:06
49,209,click,,0,2026-05-02 13:39:59
127,98,click,,0,2025-12-26 23:29:13
53,154,rating,3.6,0,2026-01-12 13:19:38
49,108,click,,0,2026-01-05 17:17:55
38,8,rating,3.5,0,2026-01-27 01:06:40
116,64,click,,0,2026-02-11 11:21:03
118,22,click,,0,2025-12-03 16:48:35
83,178,view,,0,2026-02-16 21:27:12
99,182,view,,0,2026-02-21 21:23:34
66,19,click,,0,2025-12-20 04:44:54
14,86,click,,0,2026-01-16 07:09:16
91,156,rating,4.2,0,2026-04-10 22:49:45
12,2,click,,0,2026-01-19 22:50:27
98,78,view,,0,2026-02-16 08:08:04
34,144,click,,0,2025-12-09 16:22:13
67,44,click,,0,2026-03-09 12:20:38
87,120,click,,0,2025-12-27 07:30:13
136,111,click,,0,2025-12-29 05:31:48
81,12,click,,0,2025-12-26 12:38:18
72,192,purchase,4.3,1,2026-02-09 17:11:44
68,157,view,,0,2026-05-11 18:52:47
68,133,click,,0,2026-01-31 11:26:52
43,81,rating,4.5,0,2026-04-23 18:46:25
39,143,purchase,4.6,1,2026-05-16 08:08:20
113,14,click,,0,2026-01-07 09:08:41
59,47,click,,0,2025-12-08 15:50:39
42,181,click,,0,2026-03-02 09:42:39
127,11,click,,0,2026-02-25 10:20:42
144,125,click,,0,2026-02-28 14:01:44
38,32,click,,0,2026-02-07 13:59:17
73,47,click,,0,2026-05-12 19:52:48
131,211,click,,0,2026-01-23 16:00:53
150,55,rating,3.0,0,2026-03-25 00:14:31
147,47,purchase,4.2,1,2026-02-20 13:22:02
128,174,purchase,4.0,1,2025-12-20 00:12:30
32,101,click,,0,2026-02-12 05:37:19
28,215,click,,0,2026-02-02 12:30:43
21,118,view,,0,2026-05-12 00:03:11
123,117,rating,4.2,0,2026-04-02 17:04:07
2,85,view,,0,2025-12-10 05:03:21
116,84,rating,4.8,0,2026-04-22 17:57:43
146,34,purchase,4.8,1,2026-01-11 17:45:18
73,83,click,,0,2026-05-05 16:20:55
19,141,click,,0,2026-03-28 15:35:46
103,66,click,,0,2026-01-05 06:18:16
103,23,purchase,4.2,1,2025-12-05 16:18:25
104,73,view,,0,2026-04-06 08:44:08
40,31,click,,0,2026-01-28 16:02:32
111,189,purchase,4.9,1,2026-05-07 06:35:32
34,92,click,,0,2026-04-09 22:15:48
95,132,click,,0,2026-01-09 12:10:54
100,122,click,,0,2026-01-22 19:55:07
109,24,click,,0,2026-04-27 14:12:57
95,158,click,,0,2026-01-06 21:11:43
110,24,click,,0,2025-12-09 13:10:09
119,174,view,,0,2026-01-14 05:42:09
40,127,view,,0,2026-03-14 02:00:39
135,22,click,,0,2026-01-27 03:29:18
21,206,click,,0,2026-03-04 10:32:40
33,176,click,,0,2026-05-26 00:33:00
64,134,click,,0,2026-02-22 18:05:19
13,142,purchase,4.5,1,2025-12-16 13:22:53
131,109,click,,0,2026-02-19 21:31:26
146,209,click,,0,2026-01-19 21:33:07
150,21,click,,0,2026-04-29 22:52:03
30,190,click,,0,2026-04-09 03:53:33
47,216,click,,0,2026-02-16 00:01:41
107,181,click,,0,2026-01-28 11:51:07
117,194,click,,0,2026-04-10 20:21:05
68,88,purchase,4.2,1,2026-05-28 23:25:33
48,21,rating,3.5,0,2026-04-25 18:07:23
28,112,click,,0,2026-03-15 11:05:12
102,30,click,,0,2025-12-04 06:43:05
123,118,click,,0,2026-04-15 00:45:53
125,78,view,,0,2026-03-31 19:07:48
93,177,rating,4.4,0,2026-04-11 12:51:51
78,23,click,,0,2025-12-25 23:40:24
49,29,click,,0,2026-05-09 03:24:06
49,7,click,,0,2026-01-11 07:47:39
38,167,click,,0,2026-01-17 15:29:29
138,49,click,,0,2025-12-18 09:56:21
119,38,click,,0,2026-03-03 17:39:48
30,43,click,,0,2026-05-25 22:16:28
114,125,click,,0,2026-03-03 06:00:47
116,150,click,,0,2026-01-17 19:27:01
146,213,click,,0,2026-05-12 14:41:00
86,3,view,,0,2025-12-21 15:09:39
111,107,click,,0,2026-05-15 11:33:09
149,153,click,,0,2026-04-22 15:47:13
75,10,click,,0,2026-03-06 08:36:45
132,152,view,,0,2026-04-21 09:39:39
125,60,click,,0,2026-04-19 09:32:54
5,109,click,,0,2026-03-23 14:56:54
17,69,view,,0,2026-05-24 01:49:24
122,30,view,,0,2026-03-07 18:35:49
89,115,click,,0,2026-04-16 03:22:01
42,74,click,,0,2026-04-21 17:05:38
89,113,click,,0,2026-01-15 18:23:35
87,155,view,,0,2026-05-16 10:05:49
120,34,click,,0,2026-05-22 04:36:01
100,107,purchase,4.7,1,2026-05-12 11:09:06
93,204,view,,0,2026-03-03 09:54:26
42,160,click,,0,2026-01-10 22:22:34
23,171,click,,0,2026-03-05 11:08:36
52,41,click,,0,2026-03-29 07:42:32
107,127,click,,0,2026-01-29 15:50:04
143,13,click,,0,2025-12-05 05:12:31
67,92,click,,0,2026-04-12 03:25:35
129,9,click,,0,2026-05-07 08:44:49
111,30,click,,0,2026-03-31 14:45:57
144,58,click,,0,2026-03-06 03:20:26
88,201,view,,0,2026-02-08 16:15:25
143,69,click,,0,2026-05-24 17:51:26
132,155,click,,0,2026-04-10 16:44:40
13,113,click,,0,2026-05-05 20:15:46
29,28,view,,0,2026-05-02 11:28:42
27,211,click,,0,2026-03-20 22:01:39
27,43,click,,0,2026-04-03 00:22:57
53,93,view,,0,2026-01-01 04:32:19
114,196,click,,0,2026-03-09 22:21:47
26,40,click,,0,2026-04-06 08:23:09
36,32,click,,0,2026-05-15 11:27:14
107,197,click,,0,2026-04-30 00:40:06
122,88,click,,0,2026-01-26 09:06:16
22,69,view,,0,2026-02-12 00:23:36
107,93,view,,0,2026-04-02 22:07:08
39,193,click,,0,2026-04-27 00:18:43
59,36,click,,0,2026-05-06 09:13:37
105,118,click,,0,2026-05-16 05:08:30
93,8,click,,0,2026-02-25 15:16:49
3,184,click,,0,2026-05-07 06:05:48
18,22,click,,0,2026-02-05 09:19:24
43,112,click,,0,2025-12-13 15:10:38
10,170,view,,0,2026-05-29 19:57:49
148,15,rating,4.6,0,2026-04-03 08:13:07
134,76,click,,0,2026-02-21 02:49:06
142,78,view,,0,2026-04-20 19:23:08
89,3,click,,0,2026-05-11 06:49:48
136,157,click,,0,2026-05-29 10:19:29
104,115,click,,0,2026-04-05 17:24:33
140,160,view,,0,2026-05-03 18:39:07
114,179,purchase,4.8,1,2026-02-06 17:41:55
104,199,purchase,4.1,1,2026-01-09 00:10:44
138,86,view,,0,2026-02-15 10:12:56
33,134,click,,0,2026-03-16 16:58:45
24,131,click,,0,2026-03-18 20:13:21
88,194,click,,0,2026-04-04 03:13:24
8,204,click,,0,2026-03-16 12:58:57
62,214,click,,0,2026-05-01 00:33:03
109,130,view,,0,2025-12-23 03:24:38
96,67,click,,0,2026-04-02 10:41:49
32,13,view,,0,2026-04-27 14:32:20
32,115,click,,0,2026-01-28 13:18:48
2,117,rating,4.6,0,2026-02-05 12:28:36
149,145,purchase,4.6,1,2026-04-19 11:12:40
137,217,click,,0,2026-03-27 08:10:23
77,73,view,,0,2026-04-10 04:47:51
147,173,view,,0,2025-12-28 21:01:42
134,189,click,,0,2026-01-18 18:46:08
133,150,view,,0,2026-01-08 02:05:12
93,117,click,,0,2025-12-20 17:22:14
109,213,click,,0,2026-02-19 17:01:12
16,109,click,,0,2026-05-23 05:28:03
55,115,click,,0,2025-12-16 20:33:33
135,104,click,,0,2026-03-25 22:06:31
102,68,click,,0,2026-03-25 03:46:01
109,113,purchase,4.5,1,2026-04-14 11:46:12
107,211,click,,0,2026-01-02 07:36:59
33,125,click,,0,2026-04-18 18:54:57
132,136,view,,0,2025-12-24 14:54:18
117,122,view,,0,2025-12-08 00:40:32
144,95,rating,4.2,0,2026-05-29 16:08:06
105,29,click,,0,2025-12-25 03:59:33
75,11,click,,0,2026-03-13 05:02:02
96,79,click,,0,2026-02-12 09:49:23
125,8,click,,0,2026-05-04 07:59:26
108,13,click,,0,2026-05-24 08:14:05
73,56,view,,0,2026-01-06 05:54:55
126,1,click,,0,2025-12-25 10:48:12
18,12,click,,0,2026-02-20 18:45:19
80,145,purchase,4.8,1,2026-02-27 12:55:54
122,214,view,,0,2026-04-20 12:18:48
34,196,click,,0,2025-12-28 14:16:29
118,195,view,,0,2026-02-27 01:32:13
39,187,click,,0,2026-02-02 20:19:54
105,100,purchase,4.3,1,2026-01-15 21:44:40
12,172,click,,0,2026-05-23 12:36:57
72,166,purchase,4.7,1,2025-12-18 21:17:36
147,162,view,,0,2026-05-05 07:04:58
80,144,click,,0,2026-04-05 23:22:34
144,22,rating,4.1,0,2026-01-08 01:29:15
14,146,click,,0,2026-03-13 00:15:47
122,129,click,,0,2026-05-24 20:24:16
137,47,click,,0,2025-12-05 09:08:14
53,63,view,,0,2026-05-11 19:21:08
149,114,view,,0,2025-12-18 03:12:07
83,103,click,,0,2026-03-26 01:09:16
6,88,click,,0,2026-02-24 13:21:46
7,136,click,,0,2026-02-01 07:49:24
24,30,click,,0,2025-12-20 23:38:32
74,37,click,,0,2026-01-06 04:00:47
23,40,rating,4.4,0,2026-01-30 06:28:43
16,158,click,,0,2026-02-02 20:40:43
15,77,click,,0,2026-02-15 09:57:53
37,106,click,,0,2026-05-24 02:26:49
97,212,click,,0,2026-05-25 08:41:42
52,62,click,,0,2026-04-26 17:54:41
61,127,view,,0,2026-03-10 11:03:39
99,30,click,,0,2026-01-22 23:41:06
119,142,click,,0,2026-02-18 17:49:40
8,105,click,,0,2026-04-03 17:13:50
5,69,rating,4.4,0,2026-03-19 06:53:31
64,196,view,,0,2026-03-19 09:50:17
33,78,click,,0,2026-03-22 00:55:50
22,217,click,,0,2026-04-04 03:45:08
37,96,rating,4.6,0,2026-03-16 15:20:45
138,109,click,,0,2026-05-27 16:34:41
11,1,click,,0,2026-05-08 11:54:30
75,168,click,,0,2026-01-03 04:46:09
124,70,click,,0,2026-03-27 18:58:47
98,90,view,,0,2026-05-14 06:45:46
150,216,click,,0,2026-03-10 19:01:01
42,190,click,,0,2026-03-15 09:45:02
77,23,view,,0,2026-02-16 10:58:06
36,186,rating,4.8,0,2026-03-19 18:05:40
54,157,rating,3.6,0,2026-03-09 17:20:49
88,163,rating,4.4,0,2026-01-21 10:44:33
70,63,rating,3.7,0,2026-04-09 07:08:55
118,154,click,,0,2026-02-03 11:26:09
35,166,click,,0,2026-05-29 18:44:49
122,2,click,,0,2026-05-25 17:45:08
45,106,purchase,4.7,1,2026-03-19 14:53:10
101,138,view,,0,2025-12-17 10:53:41
20,138,purchase,4.8,1,2025-12-07 16:56:24
114,173,click,,0,2025-12-25 15:52:21
97,212,click,,0,2026-03-28 11:01:33
46,215,view,,0,2026-04-29 19:41:39
3,32,click,,0,2026-03-01 13:01:03
50,114,click,,0,2025-12-03 12:21:01
6,195,view,,0,2026-01-25 06:53:44
92,50,view,,0,2025-12-19 03:59:18
78,207,click,,0,2026-04-20 01:56:56
127,93,click,,0,2025-12-08 20:11:46
54,2,rating,4.3,0,2026-01-08 18:32:41
29,72,click,,0,2026-03-22 04:55:22
44,142,view,,0,2026-01-08 07:44:56
145,173,view,,0,2026-04-13 04:51:08
45,17,click,,0,2026-03-25 21:45:35
17,33,purchase,4.9,1,2026-01-21 02:39:06
134,187,click,,0,2026-05-02 14:16:33
6,178,click,,0,2026-04-12 07:11:08
65,175,purchase,4.0,1,2026-03-20 11:02:37
110,165,purchase,4.1,1,2026-04-11 09:35:11
83,111,rating,3.5,0,2026-05-14 15:37:51
133,120,click,,0,2026-03-07 22:15:35
12,185,click,,0,2026-01-14 07:11:04
108,137,click,,0,2026-02-26 20:33:37
101,50,click,,0,2026-02-04 16:33:22
147,207,rating,3.5,0,2025-12-06 14:57:21
109,20,click,,0,2026-05-28 18:13:17
43,85,click,,0,2026-01-31 01:10:28
25,8,click,,0,2026-03-04 21:31:11
7,152,view,,0,2026-05-05 12:01:58
86,216,click,,0,2026-01-19 07:42:24
122,62,view,,0,2026-02-05 20:57:59
86,134,click,,0,2026-05-04 21:32:24
19,199,view,,0,2026-03-28 04:45:08
25,161,click,,0,2026-02-26 09:21:02
22,16,click,,0,2026-05-28 16:54:46
81,178,view,,0,2025-12-14 07:46:03
16,206,click,,0,2026-02-25 12:12:11
111,17,view,,0,2025-12-21 11:15:54
144,14,view,,0,2026-01-27 23:07:33
103,25,view,,0,2026-03-31 13:32:59
60,154,view,,0,2026-05-03 14:36:45
3,117,click,,0,2026-02-14 05:54:40
110,159,click,,0,2026-03-31 22:32:15
7,117,click,,0,2026-03-12 03:06:03
50,28,click,,0,2025-12-21 15:16:57
18,152,view,,0,2026-05-03 23:39:40
147,33,click,,0,2026-04-04 11:02:40
91,108,view,,0,2026-03-05 04:11:51
114,48,click,,0,2026-01-17 21:53:12
12,16,click,,0,2025-12-26 11:44:58
112,132,view,,0,2026-04-07 05:52:46
80,150,click,,0,2026-05-22 14:08:50
38,38,click,,0,2026-03-02 20:51:12
88,75,rating,4.0,0,2026-02-11 07:35:11
38,15,click,,0,2026-01-16 19:01:09
144,14,click,,0,2026-02-21 15:39:41
52,164,click,,0,2026-05-27 02:37:55
18,88,view,,0,2026-01-07 11:10:30
120,154,click,,0,2026-04-15 03:35:47
149,145,view,,0,2026-02-04 21:00:19
108,85,click,,0,2026-01-02 04:59:37
11,127,purchase,4.6,1,2026-01-13 07:13:10
59,120,click,,0,2026-04-01 20:23:31
124,189,rating,3.7,0,2026-04-29 21:28:38
97,53,click,,0,2026-02-17 10:18:21
2,93,click,,0,2025-12-03 14:48:52
8,143,click,,0,2025-12-24 01:32:06
113,50,click,,0,2026-04-03 06:56:47
93,12,click,,0,2025-12-07 11:03:32
73,45,purchase,4.7,1,2026-01-13 05:04:19
87,217,click,,0,2026-03-19 08:53:40
51,6,view,,0,2026-01-04 21:17:39
26,6,view,,0,2026-05-12 03:31:55
98,168,purchase,4.3,1,2026-05-03 14:19:47
54,79,click,,0,2026-02-28 06:46:38
96,170,purchase,5.0,1,2026-01-03 23:18:31
112,183,click,,0,2025-12-14 09:23:43
34,204,click,,0,2026-01-07 12:30:21
97,178,click,,0,2026-02-12 08:52:13
110,163,purchase,4.8,1,2026-01-18 04:23:53
49,138,view,,0,2026-01-27 19:42:18
84,64,view,,0,2025-12-12 00:55:08
72,33,click,,0,2026-05-16 01:00:14
150,126,view,,0,2026-01-11 07:49:54
121,203,view,,0,2026-04-09 12:51:30
43,131,view,,0,2026-02-15 01:27:54
131,96,click,,0,2026-03-08 12:18:05
46,83,click,,0,2026-04-19 01:08:37
124,184,click,,0,2026-03-07 18:36:43
149,103,purchase,4.6,1,2026-04-04 14:30:06
10,54,purchase,4.5,1,2026-01-13 07:46:50
61,102,click,,0,2026-01-13 03:26:05
97,147,purchase,4.4,1,2026-01-01 05:21:45
141,22,view,,0,2025-12-27 18:44:19
76,114,click,,0,2026-03-12 10:35:38
150,11,click,,0,2026-03-02 00:57:02
87,110,click,,0,2026-02-27 07:13:52
105,95,click,,0,2026-05-06 21:58:36
70,98,click,,0,2025-12-06 11:54:33
60,68,click,,0,2026-04-06 00:17:08
22,76,click,,0,2026-05-14 07:31:50
140,165,view,,0,2025-12-16 20:57:41
59,26,click,,0,2025-12-24 17:22:25
10,140,click,,0,2026-01-09 14:12:38
85,65,view,,0,2026-01-29 11:28:15
71,49,view,,0,2026-04-17 17:14:49
36,193,view,,0,2026-04-19 18:22:47
67,3,click,,0,2026-04-30 05:31:43
89,201,purchase,4.8,1,2026-02-18 02:36:37
4,121,click,,0,2026-04-07 16:59:57
39,102,click,,0,2026-01-14 21:18:24
54,122,click,,0,2026-01-16 01:56:35
142,194,view,,0,2026-03-02 17:11:35
119,88,click,,0,2026-05-04 11:18:18
49,110,purchase,4.4,1,2026-04-30 05:47:06
113,116,click,,0,2026-05-16 07:43:18
96,36,purchase,4.3,1,2026-03-23 20:05:54
3,128,view,,0,2026-05-08 01:27:30
91,87,click,,0,2026-01-14 11:34:36
104,196,view,,0,2026-05-01 21:27:19
77,84,click,,0,2026-03-25 16:07:23
9,36,rating,5.0,0,2025-12-31 12:58:02
146,162,view,,0,2026-05-05 21:00:12
147,101,click,,0,2026-02-13 17:47:14
101,17,click,,0,2026-03-15 11:37:14
122,28,click,,0,2026-02-03 13:13:33
116,164,click,,0,2026-05-24 10:31:20
44,27,click,,0,2026-04-11 17:54:31
9,212,view,,0,2026-04-14 11:48:04
7,48,click,,0,2026-01-09 08:06:55
99,73,click,,0,2026-01-10 16:14:30
135,18,click,,0,2026-02-27 23:36:01
133,3,click,,0,2026-01-04 01:28:48
106,101,rating,3.3,0,2026-01-01 04:33:08
108,123,click,,0,2026-04-25 00:00:37
53,34,click,,0,2026-05-19 17:18:03
111,210,view,,0,2026-04-18 12:01:24
41,155,purchase,4.6,1,2026-03-23 08:50:03
129,184,click,,0,2026-04-13 16:16:51
52,2,click,,0,2025-12-29 09:42:25
103,155,click,,0,2026-05-07 12:14:37
85,146,click,,0,2026-05-21 10:16:00
119,148,view,,0,2025-12-09 06:51:44
74,166,purchase,4.3,1,2026-05-21 18:26:38
77,101,view,,0,2026-03-30 17:37:45
45,107,click,,0,2026-01-19 01:45:59
111,118,purchase,4.2,1,2026-02-14 09:22:58
146,25,view,,0,2026-02-16 02:47:46
12,62,purchase,4.3,1,2026-05-22 15:38:17
138,75,purchase,4.7,1,2026-04-10 03:33:38
56,127,rating,4.1,0,2026-02-19 13:24:33
95,20,click,,0,2026-04-27 09:07:07
84,105,click,,0,2026-02-27 06:13:41
54,130,click,,0,2025-12-10 08:43:44
19,164,view,,0,2026-04-15 13:15:07
119,98,view,,0,2026-02-06 10:16:30
50,102,click,,0,2025-12-09 00:45:24
30,182,click,,0,2026-05-28 18:52:56
119,125,click,,0,2026-03-01 06:47:37
141,169,view,,0,2026-01-17 17:53:03
113,36,view,,0,2026-03-03 02:44:38
42,44,click,,0,2026-05-13 12:23:17
26,46,click,,0,2026-01-27 19:31:39
101,44,view,,0,2025-12-16 18:17:16
3,174,click,,0,2026-01-23 18:09:43
92,46,view,,0,2026-01-12 18:28:51
137,56,view,,0,2026-02-25 12:51:15
134,165,view,,0,2026-04-09 08:22:26
27,100,click,,0,2026-04-14 17:57:46
14,154,click,,0,2025-12-02 14:27:29
97,197,purchase,4.4,1,2026-01-09 20:52:53
62,52,click,,0,2025-12-19 10:36:20
8,4,view,,0,2026-02-05 03:47:29
17,57,click,,0,2026-05-22 00:27:54
43,186,click,,0,2026-01-03 03:12:38
132,28,click,,0,2026-05-09 01:47:56
144,161,view,,0,2026-01-07 12:04:10
139,102,click,,0,2026-02-22 18:46:51
55,28,click,,0,2026-02-08 22:28:49
4,103,click,,0,2026-04-07 16:32:28
100,55,click,,0,2026-02-28 18:45:53
72,167,click,,0,2026-04-01 20:20:33
18,56,click,,0,2026-02-19 12:33:51
128,27,click,,0,2026-04-19 01:20:59
146,44,rating,4.2,0,2026-01-19 14:50:25
100,174,rating,4.4,0,2026-05-30 05:26:43
86,45,view,,0,2026-04-04 01:40:33
82,171,click,,0,2026-03-05 07:36:16
5,156,click,,0,2026-05-27 19:25:24
98,131,view,,0,2026-04-05 02:05:20
129,151,rating,3.5,0,2026-04-17 12:31:26
32,80,view,,0,2026-01-16 14:24:03
63,159,click,,0,2025-12-17 02:41:48
96,128,click,,0,2026-01-28 07:02:20
97,53,click,,0,2026-04-05 08:49:56
114,190,click,,0,2026-05-21 01:22:37
72,82,view,,0,2026-04-05 16:07:01
11,134,rating,4.3,0,2026-05-04 10:40:31
74,193,click,,0,2025-12-06 07:07:59
85,88,click,,0,2026-01-17 17:40:34
14,171,view,,0,2026-01-18 22:03:12
57,156,click,,0,2026-05-20 03:49:04
83,47,view,,0,2026-02-25 14:15:55
17,126,rating,3.1,0,2025-12-15 06:52:03
37,53,click,,0,2025-12-26 01:52:15
141,213,purchase,4.2,1,2026-05-05 02:46:08
21,110,click,,0,2026-04-21 11:24:29
43,185,click,,0,2026-01-09 01:17:59
46,156,click,,0,2026-01-19 00:59:44
148,115,click,,0,2026-04-04 02:50:32
124,21,click,,0,2026-02-09 12:29:14
43,121,click,,0,2026-02-25 09:40:32
111,195,view,,0,2025-12-31 23:09:37
124,6,click,,0,2026-04-28 15:33:43
22,195,purchase,4.6,1,2026-05-26 17:06:36
40,142,click,,0,2026-04-21 19:08:25
98,119,click,,0,2026-01-30 02:03:56
97,144,click,,0,2026-03-29 08:59:49
86,35,click,,0,2026-04-19 12:13:08
40,49,click,,0,2025-12-02 12:11:49
129,187,click,,0,2026-04-21 13:04:07
104,107,rating,3.7,0,2026-02-16 07:54:54
126,79,rating,3.1,0,2026-04-05 04:13:03
10,32,purchase,4.2,1,2026-02-14 10:08:00
112,66,purchase,4.7,1,2026-04-30 11:05:40
131,182,view,,0,2026-03-06 13:51:25
95,179,view,,0,2025-12-12 21:38:13
109,189,click,,0,2026-01-18 14:50:50
9,209,view,,0,2026-02-09 21:01:36
8,179,view,,0,2026-04-09 22:59:14
67,155,purchase,4.1,1,2026-02-28 03:21:42
64,155,rating,4.7,0,2026-03-23 23:58:56
4,30,click,,0,2026-04-30 09:42:17
99,102,click,,0,2026-04-17 19:14:16
21,133,click,,0,2026-05-27 09:23:04
109,43,click,,0,2026-05-11 19:37:38
78,129,view,,0,2026-03-15 05:36:44
98,151,view,,0,2026-01-30 11:59:58
23,28,click,,0,2026-04-04 05:31:44
89,209,click,,0,2025-12-29 09:48:25
54,192,view,,0,2026-02-16 23:23:23
2,44,click,,0,2026-05-09 05:21:51
25,18,view,,0,2026-04-30 22:37:15
135,107,click,,0,2026-04-07 19:00:14
111,44,click,,0,2026-01-04 22:48:13
35,51,click,,0,2026-03-06 03:50:04
29,116,view,,0,2026-03-21 19:33:18
48,52,view,,0,2025-12-13 03:35:25
50,67,purchase,4.4,1,2026-05-25 21:36:44
28,163,click,,0,2026-01-02 22:55:05
22,97,click,,0,2025-12-25 21:46:20
88,8,click,,0,2026-03-25 10:01:27
125,173,click,,0,2026-04-28 09:03:27
16,69,rating,4.3,0,2026-04-26 16:21:00
11,25,click,,0,2026-01-11 16:21:50
2,97,click,,0,2026-03-28 18:49:38
69,125,view,,0,2026-03-03 14:08:02
110,87,view,,0,2026-02-11 16:41:53
88,81,click,,0,2026-05-09 07:29:52
93,171,click,,0,2026-02-17 01:43:30
15,92,click,,0,2026-05-20 05:32:59
26,1,purchase,4.4,1,2026-02-28 10:06:44
36,7,click,,0,2026-03-28 13:48:51
136,72,view,,0,2026-04-16 11:31:24
64,95,view,,0,2026-02-27 10:48:18
122,132,view,,0,2026-02-19 22:01:25
1,164,click,,0,2026-05-08 11:47:36
93,12,view,,0,2026-05-07 12:12:22
114,60,click,,0,2026-03-29 12:26:05
21,90,purchase,4.9,1,2026-02-22 18:56:54
122,169,view,,0,2026-05-17 03:05:22
26,188,click,,0,2026-02-14 10:17:05
50,183,purchase,4.9,1,2025-12-29 11:53:41
130,9,click,,0,2025-12-26 12:35:28
23,78,view,,0,2026-05-12 07:45:55
141,120,purchase,5.0,1,2026-01-03 07:53:49
124,170,click,,0,2026-03-16 16:24:33
55,44,purchase,4.7,1,2026-04-26 23:07:31
28,112,click,,0,2026-04-19 16:25:17
84,99,click,,0,2026-04-29 11:58:19
66,171,rating,4.3,0,2026-03-04 04:26:37
35,137,view,,0,2026-04-03 17:15:45
24,204,click,,0,2026-04-15 00:39:49
58,148,purchase,4.1,1,2026-04-29 12:06:18
88,97,view,,0,2026-05-27 10:24:01
98,168,view,,0,2026-04-05 09:07:38
112,207,click,,0,2026-01-16 00:17:07
30,75,click,,0,2025-12-18 17:20:03
88,190,purchase,4.7,1,2026-03-26 16:34:06
30,147,click,,0,2026-02-11 02:29:34
81,98,view,,0,2026-03-23 17:20:29
80,16,click,,0,2026-03-26 06:35:31
100,109,view,,0,2026-02-01 18:21:30
33,134,view,,0,2026-04-09 13:58:46
57,28,click,,0,2026-02-16 11:00:12
118,81,view,,0,2025-12-29 19:04:07
76,215,click,,0,2026-01-13 04:52:54
117,38,click,,0,2026-03-28 11:44:46
9,154,click,,0,2026-02-01 20:40:18
32,71,view,,0,2026-05-15 07:08:21
123,162,click,,0,2026-05-11 14:40:36
75,181,click,,0,2026-02-12 20:18:13
86,40,view,,0,2026-05-11 10:56:11
58,180,click,,0,2026-04-23 13:26:37
46,125,click,,0,2026-04-21 22:37:21
41,6,click,,0,2026-03-18 02:18:47
109,174,rating,4.5,0,2026-03-03 15:01:07
101,19,view,,0,2026-03-14 04:38:51
73,179,click,,0,2026-05-29 22:30:11
141,101,click,,0,2025-12-20 14:15:22
149,207,view,,0,2025-12-12 04:56:49
78,118,click,,0,2026-04-07 19:31:46
36,114,click,,0,2026-04-15 20:06:07
38,54,view,,0,2026-01-13 01:18:13
51,189,click,,0,2026-04-07 03:42:11
148,27,view,,0,2026-04-12 09:54:15
38,97,view,,0,2026-02-22 15:11:45
44,15,click,,0,2025-12-20 08:19:44
122,46,click,,0,2025-12-11 21:15:07
132,167,click,,0,2026-02-05 10:10:20
39,161,click,,0,2026-04-21 00:02:35
9,31,click,,0,2026-01-17 11:10:54
78,177,rating,4.3,0,2026-03-27 11:00:00
97,199,rating,4.3,0,2026-04-15 00:42:42
23,200,purchase,4.7,1,2026-03-01 17:35:26
71,162,click,,0,2026-04-07 12:49:32
3,31,click,,0,2025-12-24 08:14:18
126,165,purchase,4.2,1,2026-04-10 13:30:42
147,147,click,,0,2026-03-04 19:20:18
25,204,click,,0,2026-03-26 19:43:50
124,166,click,,0,2026-04-17 03:42:21
147,33,click,,0,2025-12-21 00:08:38
138,48,view,,0,2026-02-18 09:41:28
6,101,view,,0,2026-03-19 16:08:32
136,126,click,,0,2025-12-14 02:39:26
150,138,view,,0,2026-04-19 07:01:34
32,193,click,,0,2026-04-26 21:53:36
31,47,click,,0,2026-05-18 01:56:28
47,2,click,,0,2026-03-19 09:54:17
81,32,click,,0,2025-12-09 07:08:04
53,168,click,,0,2026-01-02 00:00:30
66,193,click,,0,2025-12-08 11:51:02
32,130,click,,0,2026-01-28 16:11:17
140,44,rating,4.3,0,2026-02-21 20:16:34
64,77,purchase,4.5,1,2025-12-10 15:51:52
76,169,click,,0,2026-03-15 09:48:42
148,126,click,,0,2026-04-15 16:07:18
91,156,click,,0,2026-03-16 04:57:07
26,170,click,,0,2026-05-09 21:05:16
10,49,click,,0,2025-12-29 04:55:54
56,35,click,,0,2026-03-28 14:54:37
92,72,view,,0,2025-12-26 15:31:50
109,20,click,,0,2026-03-18 11:11:39
98,167,click,,0,2026-05-26 04:04:28
117,22,view,,0,2026-01-20 01:16:33
37,138,click,,0,2026-01-10 06:19:05
69,163,view,,0,2026-04-16 00:03:04
96,145,view,,0,2026-04-08 08:02:17
131,155,click,,0,2026-01-02 13:12:37
40,81,click,,0,2026-05-03 16:03:14
7,155,click,,0,2026-01-18 18:08:13
32,137,view,,0,2025-12-23 01:18:19
105,17,view,,0,2026-02-03 15:37:53
93,86,click,,0,2026-05-01 18:47:15
58,71,click,,0,2025-12-03 14:40:50
57,97,view,,0,2025-12-22 02:03:44
32,45,view,,0,2026-03-13 22:16:07
79,151,view,,0,2026-05-10 04:27:04
25,136,view,,0,2026-02-07 10:42:25
73,142,view,,0,2026-01-23 07:55:01
13,44,purchase,4.4,1,2026-02-01 10:41:05
89,207,view,,0,2026-04-24 15:24:33
137,142,purchase,4.4,1,2026-03-27 03:49:48
33,67,view,,0,2025-12-03 12:58:32
40,169,click,,0,2025-12-26 05:38:00
146,189,click,,0,2026-01-22 14:44:53
95,182,click,,0,2026-05-01 16:15:28
108,181,click,,0,2026-02-28 14:09:15
91,205,click,,0,2026-03-02 16:51:18
71,110,purchase,4.9,1,2026-03-12 18:51:40
59,79,purchase,4.9,1,2026-04-04 02:59:20
105,198,view,,0,2026-01-31 10:10:25
21,20,click,,0,2026-04-22 10:32:30
24,43,click,,0,2026-03-23 09:53:03
74,142,view,,0,2026-03-07 09:33:50
3,109,click,,0,2026-04-12 03:55:00
35,123,click,,0,2026-03-08 08:39:16
137,179,click,,0,2025-12-25 21:49:08
49,213,click,,0,2026-04-25 12:56:26
109,180,view,,0,2026-03-15 10:50:53
63,190,rating,4.6,0,2026-04-09 02:00:31
136,176,click,,0,2026-03-29 23:45:43
115,44,purchase,4.8,1,2026-04-11 16:12:55
58,45,click,,0,2025-12-16 06:48:35
35,132,rating,3.8,0,2026-02-08 07:10:19
98,44,rating,3.7,0,2026-02-12 04:20:32
64,213,purchase,4.9,1,2026-03-16 09:11:37
75,77,click,,0,2026-03-05 12:14:18
55,1,view,,0,2026-04-24 00:09:47
101,56,click,,0,2026-05-29 22:28:07
132,212,click,,0,2026-05-24 04:20:35
119,159,click,,0,2026-05-15 10:19:12
92,2,click,,0,2026-03-31 05:17:34
77,91,click,,0,2025-12-22 12:08:05
48,103,click,,0,2026-02-08 12:57:16
111,126,click,,0,2026-01-09 01:20:16
132,40,click,,0,2026-02-19 10:48:13
125,2,view,,0,2025-12-31 22:00:15
65,58,click,,0,2026-03-03 02:19:44
77,94,purchase,4.5,1,2026-02-22 20:55:48
69,28,view,,0,2026-02-24 20:36:29
113,42,click,,0,2025-12-28 20:34:34
112,2,purchase,4.7,1,2026-02-09 10:52:43
29,49,click,,0,2026-01-26 00:26:35
102,108,click,,0,2026-04-25 03:39:04
9,42,click,,0,2026-04-10 01:27:13
123,171,click,,0,2026-01-22 07:25:48
126,141,view,,0,2026-03-07 22:13:35
33,84,view,,0,2026-04-26 13:02:48
103,129,purchase,4.8,1,2026-04-21 16:05:38
100,34,rating,4.6,0,2025-12-23 00:06:21
33,40,click,,0,2026-02-06 12:25:55
61,14,view,,0,2026-04-12 09:52:09
110,153,click,,0,2026-04-23 21:23:39
123,75,click,,0,2026-01-25 11:58:13
110,64,click,,0,2026-03-31 15:00:00
131,48,click,,0,2026-01-19 03:18:49
30,68,click,,0,2026-04-16 19:24:17
110,51,view,,0,2026-03-03 17:12:53
27,180,click,,0,2026-04-22 12:53:21
47,49,click,,0,2026-05-16 16:42:21
39,59,click,,0,2025-12-25 02:06:14
10,71,purchase,4.4,1,2026-01-08 00:19:32
52,24,click,,0,2026-05-18 12:52:39
105,135,view,,0,2026-01-30 04:51:20
60,57,click,,0,2026-02-04 23:24:59
16,131,view,,0,2026-02-22 15:01:04
78,29,click,,0,2026-01-22 23:29:30
90,183,click,,0,2026-02-20 21:04:52
13,47,click,,0,2025-12-09 15:16:16
83,55,click,,0,2026-01-26 02:23:15
26,111,click,,0,2026-01-06 14:07:51
126,94,click,,0,2026-02-04 14:34:54
25,172,view,,0,2025-12-04 08:22:54
34,85,view,,0,2026-02-09 17:05:10
93,191,click,,0,2026-05-01 22:13:26
96,61,click,,0,2026-04-06 23:05:27
150,99,purchase,4.1,1,2025-12-18 15:14:27
31,11,rating,4.8,0,2026-03-25 14:17:19
49,50,click,,0,2026-04-17 12:40:04
26,20,view,,0,2026-03-17 19:57:25
78,186,rating,3.4,0,2026-03-03 18:38:21
40,12,click,,0,2025-12-26 12:27:15
141,183,purchase,4.8,1,2026-01-19 17:34:05
144,89,click,,0,2026-05-24 11:18:40
31,112,click,,0,2025-12-14 20:15:31
135,129,click,,0,2026-05-04 06:30:22
71,179,click,,0,2025-12-26 17:35:28
145,16,rating,3.4,0,2026-05-04 22:50:29
102,127,click,,0,2026-04-13 15:37:14
132,20,click,,0,2026-01-02 20:05:05
131,99,view,,0,2026-03-20 22:08:51
103,156,click,,0,2026-01-23 09:58:07
1,41,click,,0,2026-03-22 17:57:06
3,203,click,,0,2026-03-11 06:30:54
135,67,purchase,4.3,1,2026-01-29 14:42:28
69,142,click,,0,2025-12-24 19:46:34
12,137,click,,0,2026-01-16 22:53:05
38,72,click,,0,2025-12-27 12:24:20
14,165,rating,3.4,0,2026-01-19 01:10:33
30,1,click,,0,2026-04-06 15:37:16
95,84,purchase,4.9,1,2025-12-17 20:40:09
68,185,click,,0,2025-12-27 15:23:21
76,84,view,,0,2025-12-12 19:34:51
3,211,click,,0,2026-02-08 17:23:08
72,46,rating,4.1,0,2026-01-20 09:42:03
150,28,view,,0,2026-04-21 00:17:04
98,168,purchase,4.6,1,2026-01-20 16:01:46
142,53,click,,0,2026-05-09 07:29:50
84,69,click,,0,2026-01-10 07:02:37
102,40,click,,0,2026-02-26 07:29:07
112,95,purchase,4.1,1,2025-12-30 12:00:05
47,118,view,,0,2026-01-06 15:00:26
46,49,click,,0,2026-03-22 07:30:46
47,166,click,,0,2026-01-25 11:08:08
42,46,click,,0,2026-05-09 10:32:11
49,18,click,,0,2025-12-29 13:34:36
63,117,view,,0,2026-05-27 05:34:19
104,26,click,,0,2026-04-21 08:13:44
4,155,click,,0,2025-12-21 01:29:21
6,29,click,,0,2026-05-11 04:46:24
12,34,view,,0,2026-01-18 22:04:34
69,37,click,,0,2026-04-02 12:32:14
3,203,click,,0,2025-12-22 08:17:22
87,182,click,,0,2025-12-18 04:40:50
123,195,purchase,4.8,1,2026-03-20 23:47:27
79,85,click,,0,2026-03-04 16:35:20
15,140,click,,0,2026-04-15 01:51:35
140,32,view,,0,2025-12-05 19:33:00
27,140,click,,0,2026-01-28 07:36:56
107,37,purchase,4.0,1,2025-12-01 22:21:18
110,99,click,,0,2025-12-30 07:32:18
74,58,purchase,4.4,1,2026-05-29 16:06:18
29,126,rating,3.4,0,2026-01-03 14:54:59
73,92,view,,0,2025-12-16 12:15:03
31,93,purchase,4.1,1,2026-05-29 23:41:43
12,155,click,,0,2025-12-31 00:54:18
136,86,click,,0,2026-03-28 03:06:22
109,39,view,,0,2026-05-24 02:56:37
78,160,click,,0,2026-05-09 10:49:54
27,70,click,,0,2026-05-28 14:40:32
95,68,purchase,4.8,1,2026-05-08 02:56:25
1,39,view,,0,2026-05-01 17:27:01
82,38,click,,0,2026-02-15 13:02:24
123,209,click,,0,2025-12-14 18:25:06
110,187,click,,0,2026-01-24 18:30:25
83,33,view,,0,2026-01-06 00:18:02
91,82,click,,0,2026-03-07 15:52:59
106,155,view,,0,2026-05-04 18:41:58
36,206,purchase,4.4,1,2026-04-07 16:21:42
141,128,click,,0,2026-03-16 07:27:29
137,138,click,,0,2026-05-10 04:44:06
22,149,click,,0,2026-04-19 12:29:15
148,199,view,,0,2026-04-15 08:39:12
57,180,click,,0,2025-12-18 15:19:46
1,53,click,,0,2026-05-15 20:46:28
143,122,purchase,4.1,1,2025-12-27 15:18:04
90,93,view,,0,2026-05-15 12:10:58
36,76,click,,0,2026-03-01 02:16:46
142,108,click,,0,2026-01-17 18:50:02
58,15,click,,0,2026-04-25 17:57:53
37,97,click,,0,2026-04-23 01:07:18
109,96,view,,0,2025-12-12 04:45:38
149,19,view,,0,2026-03-04 06:53:13
41,8,click,,0,2025-12-30 05:15:20
21,63,click,,0,2025-12-16 15:51:52
107,39,click,,0,2026-04-29 07:49:09
36,192,view,,0,2026-03-14 02:48:34
77,121,view,,0,2026-02-19 14:32:52
114,201,view,,0,2026-04-05 21:55:10
74,29,click,,0,2025-12-31 23:12:06
9,155,click,,0,2026-04-26 13:14:50
42,3,view,,0,2026-02-16 16:01:43
117,142,view,,0,2026-04-18 20:06:35
147,129,view,,0,2026-01-30 02:56:08
109,41,rating,4.0,0,2026-01-23 11:31:21
33,191,click,,0,2026-01-11 20:04:23
15,57,click,,0,2026-02-15 20:55:21
144,155,click,,0,2026-05-14 03:22:51
120,123,view,,0,2026-01-31 12:17:01
104,212,click,,0,2026-02-13 13:49:59
96,166,click,,0,2026-02-22 01:43:53
28,27,click,,0,2025-12-16 19:19:42
86,8,click,,0,2026-01-17 05:00:16
139,28,click,,0,2025-12-14 09:07:24
3,194,click,,0,2026-05-27 08:09:46
142,52,purchase,4.2,1,2026-04-04 15:49:20
22,146,click,,0,2026-03-21 08:51:29
124,12,click,,0,2025-12-11 00:38:17
80,3,view,,0,2026-02-08 22:49:10
102,129,click,,0,2026-01-08 12:56:17
101,186,rating,4.4,0,2026-02-08 19:02:10
25,85,purchase,4.5,1,2026-02-18 18:48:25
129,207,click,,0,2026-05-01 04:45:23
98,123,purchase,4.0,1,2026-03-25 13:20:29
42,39,click,,0,2026-04-13 04:48:26
24,184,purchase,4.8,1,2026-01-15 15:54:32
37,197,click,,0,2026-04-20 05:25:15
129,133,view,,0,2026-04-22 04:47:54
134,197,click,,0,2026-02-05 23:49:29
34,87,click,,0,2026-01-27 04:08:03
111,11,view,,0,2026-05-23 15:35:00
100,62,rating,4.2,0,2026-01-11 05:53:19
40,146,rating,3.2,0,2026-04-02 14:25:33
4,37,purchase,4.5,1,2026-04-29 12:00:42
23,128,click,,0,2025-12-19 23:19:01
44,76,click,,0,2026-01-02 01:13:49
148,94,click,,0,2026-02-08 07:31:50
46,182,click,,0,2026-04-30 14:13:03
122,66,purchase,4.7,1,2026-04-28 21:14:02
36,32,click,,0,2026-03-22 03:12:14
94,74,click,,0,2026-02-17 13:13:34
34,113,click,,0,2026-02-10 21:48:37
81,96,view,,0,2025-12-17 21:48:29
130,116,purchase,5.0,1,2026-01-21 17:34:43
11,159,click,,0,2026-04-05 17:21:03
63,180,click,,0,2026-05-10 03:56:48
40,27,click,,0,2026-01-27 03:17:26
146,103,click,,0,2026-05-16 11:50:47
100,119,click,,0,2026-04-10 15:10:54
120,120,click,,0,2026-04-05 10:54:31
120,28,click,,0,2025-12-18 08:40:34
28,102,click,,0,2026-04-29 20:51:47
103,85,click,,0,2025-12-14 05:10:23
125,55,view,,0,2026-04-17 01:37:36
30,72,click,,0,2026-02-27 23:12:15
40,121,view,,0,2025-12-29 22:51:27
82,146,rating,4.5,0,2025-12-07 18:41:27
16,207,view,,0,2026-02-09 21:23:33
122,55,click,,0,2025-12-12 04:44:01
6,195,click,,0,2026-04-13 10:51:14
65,163,click,,0,2026-01-04 21:25:33
18,71,click,,0,2026-02-18 08:28:12
116,108,click,,0,2026-03-13 14:21:23
67,48,click,,0,2026-05-11 23:21:12
110,88,click,,0,2026-04-26 22:46:08
51,90,click,,0,2026-02-21 01:52:00
138,177,click,,0,2026-05-02 21:45:15
112,91,view,,0,2026-05-27 21:43:41
100,211,click,,0,2025-12-03 14:59:54
51,20,view,,0,2026-04-21 00:51:02
38,83,rating,4.9,0,2026-04-09 15:28:18
82,4,purchase,4.9,1,2025-12-30 22:07:27
128,82,view,,0,2025-12-23 18:09:38
105,68,view,,0,2026-03-12 19:18:48
116,214,click,,0,2026-05-17 03:52:05
116,164,click,,0,2026-03-24 00:08:47
56,191,click,,0,2026-01-07 03:15:32
140,199,view,,0,2026-01-02 22:48:03
56,90,rating,4.9,0,2026-01-11 10:16:51
148,4,view,,0,2026-02-11 14:14:02
5,78,click,,0,2026-05-24 19:25:44
32,180,view,,0,2026-03-08 14:49:53
117,106,click,,0,2026-02-19 09:15:19
139,110,rating,3.7,0,2026-03-13 06:51:44
46,118,click,,0,2026-02-22 21:07:35
142,153,click,,0,2026-01-02 06:45:04
98,73,view,,0,2026-05-14 19:07:35
112,163,view,,0,2026-01-25 16:44:49
26,23,view,,0,2026-05-07 04:39:56
23,167,view,,0,2025-12-04 21:16:01
106,27,view,,0,2026-03-08 02:07:43
140,26,click,,0,2026-04-03 17:09:19
149,207,view,,0,2025-12-08 00:48:24
108,55,view,,0,2026-01-13 23:24:26
142,98,click,,0,2025-12-23 22:19:40
121,32,rating,4.8,0,2026-02-07 18:41:32
106,211,view,,0,2026-04-05 21:58:36
102,2,view,,0,2026-02-12 10:40:50
130,73,purchase,4.3,1,2026-01-22 15:51:47
107,173,click,,0,2026-01-17 14:26:22
107,9,click,,0,2025-12-04 17:05:22
96,216,click,,0,2026-05-09 06:50:40
82,86,rating,5.0,0,2026-01-03 18:53:08
62,143,click,,0,2026-02-15 16:35:42
101,213,view,,0,2025-12-11 17:05:56
148,110,purchase,4.4,1,2025-12-26 17:17:38
45,104,click,,0,2026-05-26 06:27:29
41,112,click,,0,2026-01-15 13:06:36
33,130,view,,0,2025-12-24 16:22:15
101,216,view,,0,2026-04-28 16:41:33
67,215,click,,0,2026-03-19 01:26:26
83,53,click,,0,2025-12-19 19:18:40
112,3,view,,0,2026-04-02 19:34:23
40,8,view,,0,2026-03-31 17:16:02
21,147,click,,0,2026-02-13 22:50:59
34,117,view,,0,2026-04-03 21:31:36
92,48,view,,0,2026-01-17 05:53:56
57,77,click,,0,2026-01-08 08:01:20
63,186,view,,0,2026-05-02 03:54:45
97,198,view,,0,2026-01-21 06:38:15
71,22,view,,0,2025-12-29 14:43:43
149,27,click,,0,2025-12-23 05:41:33
32,28,click,,0,2025-12-29 05:42:53
47,24,click,,0,2025-12-16 17:20:15
93,215,click,,0,2026-01-11 01:56:09
126,204,click,,0,2025-12-05 23:02:27
125,161,click,,0,2025-12-16 12:21:25
108,97,click,,0,2026-05-23 11:04:46
116,207,click,,0,2026-01-01 23:30:41
3,46,click,,0,2026-04-08 18:58:56
9,31,rating,4.0,0,2026-02-06 06:19:35
140,2,click,,0,2026-01-01 10:51:25
66,32,view,,0,2026-01-08 03:26:17
138,6,click,,0,2026-03-12 06:44:43
40,56,click,,0,2026-05-19 00:38:27
56,8,click,,0,2026-02-03 07:09:35
22,187,purchase,4.3,1,2026-04-14 23:48:42
124,52,click,,0,2025-12-19 13:19:28
142,167,click,,0,2026-01-27 20:20:55
127,112,purchase,4.9,1,2026-03-11 05:52:00
65,45,view,,0,2026-01-09 02:53:06
72,101,click,,0,2025-12-21 16:14:15
80,43,click,,0,2026-05-04 21:29:10
125,111,click,,0,2026-05-22 03:07:39
70,209,view,,0,2026-02-01 14:11:26
99,110,click,,0,2026-01-09 11:28:49
96,162,click,,0,2026-05-09 19:07:23
43,9,click,,0,2026-03-10 23:48:34
105,76,view,,0,2026-03-28 23:00:31
136,91,click,,0,2026-02-17 00:57:28
47,208,click,,0,2026-02-02 08:31:02
48,92,click,,0,2026-01-18 07:58:46
96,96,view,,0,2025-12-29 20:38:52
32,3,view,,0,2026-02-01 13:26:49
85,55,click,,0,2026-03-02 01:31:35
83,60,click,,0,2026-03-20 18:08:56
73,155,click,,0,2026-01-11 21:31:19
27,144,view,,0,2026-01-24 16:30:50
20,147,view,,0,2026-05-24 00:49:48
112,82,click,,0,2026-05-08 15:24:25
51,13,click,,0,2026-05-06 13:41:04
12,71,click,,0,2026-02-21 11:49:19
116,44,click,,0,2026-03-28 11:35:03
99,61,click,,0,2026-03-23 14:59:50
5,165,purchase,5.0,1,2026-05-02 19:10:58
119,73,view,,0,2025-12-27 03:29:20
104,10,click,,0,2026-05-24 15:34:56
136,11,view,,0,2026-02-05 05:03:53
18,121,view,,0,2025-12-20 04:00:16
107,186,click,,0,2026-01-29 03:28:04
89,103,click,,0,2025-12-17 04:27:22
81,127,click,,0,2026-03-30 14:20:06
77,179,click,,0,2026-02-27 23:13:07
32,216,purchase,4.1,1,2026-02-12 07:14:34
58,13,click,,0,2026-05-10 23:37:13
27,83,view,,0,2026-05-17 23:04:36
112,58,click,,0,2026-01-03 17:51:49
95,209,click,,0,2026-05-26 00:26:33
2,177,click,,0,2026-05-19 05:57:24
12,29,purchase,4.1,1,2025-12-11 00:25:34
85,177,view,,0,2026-03-30 16:20:20
98,70,click,,0,2026-04-16 08:43:41
36,150,click,,0,2026-03-01 03:42:09
82,38,click,,0,2026-04-26 22:06:38
106,164,view,,0,2026-02-26 10:51:31
134,136,click,,0,2026-01-17 09:38:04
126,72,view,,0,2026-02-02 04:55:47
124,58,click,,0,2025-12-19 12:31:48
76,183,click,,0,2025-12-17 18:33:48
63,169,view,,0,2026-04-06 08:34:42
53,178,click,,0,2025-12-16 20:17:54
127,16,click,,0,2026-01-11 22:55:17
56,120,click,,0,2026-05-09 15:15:14
125,27,click,,0,2026-02-05 19:19:36
136,132,click,,0,2026-05-17 09:25:20
80,182,view,,0,2026-02-27 20:36:35
130,28,click,,0,2026-05-28 04:50:48
94,99,purchase,4.5,1,2026-02-27 13:11:58
103,49,click,,0,2025-12-15 00:35:47
43,176,rating,4.2,0,2026-01-30 08:07:18
27,38,purchase,4.7,1,2026-03-01 04:54:57
62,5,click,,0,2026-05-24 07:30:47
69,8,view,,0,2026-03-04 04:09:19
116,91,click,,0,2026-01-22 06:24:02
141,22,click,,0,2026-02-08 12:27:46
39,102,click,,0,2026-03-09 05:05:27
86,14,click,,0,2026-02-25 09:30:37
26,13,click,,0,2026-04-06 15:30:38
109,50,click,,0,2026-01-27 18:52:51
46,153,click,,0,2026-01-24 06:37:16
127,133,click,,0,2026-02-23 21:16:30
13,166,rating,3.4,0,2026-01-19 00:52:42
14,10,click,,0,2026-03-23 09:28:57
17,137,click,,0,2025-12-21 07:33:26
104,101,click,,0,2026-02-15 23:41:34
69,127,click,,0,2026-01-10 15:22:14
53,89,click,,0,2026-04-04 08:52:46
74,188,click,,0,2025-12-02 07:11:35
129,180,click,,0,2026-04-01 11:59:44
79,177,click,,0,2026-01-17 00:45:41
18,43,click,,0,2026-01-07 01:48:08
117,37,view,,0,2025-12-04 04:03:45
110,86,click,,0,2025-12-05 17:46:27
68,20,view,,0,2026-01-03 20:21:03
3,153,rating,4.2,0,2026-02-08 01:49:20
126,64,click,,0,2026-03-03 11:02:30
5,146,rating,4.7,0,2026-04-12 17:57:33
135,129,view,,0,2026-01-03 04:24:38
25,26,view,,0,2026-01-29 20:15:49
86,116,view,,0,2026-03-06 23:21:50
140,66,click,,0,2026-04-09 12:25:19
94,118,view,,0,2025-12-04 07:54:47
78,182,purchase,4.8,1,2026-02-04 12:03:00
124,29,view,,0,2026-01-23 02:42:49
6,38,purchase,4.7,1,2026-02-19 08:56:20
37,92,click,,0,2026-03-08 08:46:49
148,190,rating,3.7,0,2026-04-15 19:24:19
23,50,rating,4.3,0,2026-05-29 11:14:28
71,161,click,,0,2026-04-12 12:09:30
116,135,click,,0,2026-01-04 16:03:02
90,85,click,,0,2026-02-15 15:01:42
71,80,click,,0,2026-01-07 16:50:49
134,180,view,,0,2026-02-06 08:29:20
32,111,click,,0,2026-05-05 03:14:02
89,74,rating,4.0,0,2025-12-23 02:14:22
38,120,click,,0,2026-04-12 22:02:44
75,160,view,,0,2026-03-20 01:50:20
78,125,click,,0,2026-01-26 16:06:10
76,4,click,,0,2026-02-27 19:50:47
73,212,click,,0,2026-03-26 20:37:41
126,79,click,,0,2025-12-02 16:26:11
1,13,click,,0,2026-01-19 12:28:44
73,202,click,,0,2026-05-17 11:59:36
144,40,view,,0,2025-12-18 09:31:09
37,188,click,,0,2026-01-08 21:31:49
21,75,click,,0,2026-01-13 04:39:55
91,64,view,,0,2026-05-08 07:33:09
99,109,rating,3.2,0,2026-02-17 04:43:06
67,78,click,,0,2026-03-27 15:06:59
145,112,purchase,4.8,1,2026-04-12 12:43:32
36,175,click,,0,2026-04-29 18:16:14
35,107,click,,0,2026-03-19 07:51:49
79,22,click,,0,2026-01-28 10:23:30
119,140,click,,0,2026-01-06 07:17:25
112,25,click,,0,2025-12-28 14:40:58
81,129,view,,0,2026-04-13 17:48:23
120,91,click,,0,2026-02-22 17:47:49
106,119,purchase,4.0,1,2025-12-07 01:40:45
108,23,click,,0,2026-04-27 11:15:38
78,202,click,,0,2026-01-17 19:31:29
96,33,click,,0,2026-04-01 06:16:12
145,76,view,,0,2025-12-12 02:12:36
101,33,view,,0,2026-02-17 22:33:38
119,207,purchase,4.5,1,2026-04-28 20:31:51
14,22,click,,0,2025-12-12 07:36:03
28,86,click,,0,2026-03-27 02:32:16
75,145,view,,0,2026-03-05 04:31:01
16,32,click,,0,2026-04-24 11:34:05
131,190,click,,0,2026-04-19 21:56:59
53,133,click,,0,2025-12-29 16:30:38
127,35,purchase,4.6,1,2026-01-14 02:30:09
40,78,click,,0,2026-04-02 16:31:20
2,207,view,,0,2026-03-05 20:46:08
52,30,click,,0,2025-12-14 17:37:07
31,134,click,,0,2025-12-20 12:07:53
27,122,view,,0,2025-12-06 11:37:16
114,101,purchase,4.3,1,2025-12-12 12:04:36
124,48,click,,0,2026-05-09 23:27:14
140,67,view,,0,2026-05-10 06:03:02
113,169,click,,0,2026-03-31 12:52:52
38,163,click,,0,2025-12-05 21:38:49
62,44,view,,0,2026-03-11 00:32:48
140,52,click,,0,2026-03-04 03:46:23
75,171,rating,4.0,0,2025-12-21 02:50:22
71,101,view,,0,2026-02-14 14:46:09
28,119,view,,0,2026-02-20 15:35:33
38,8,click,,0,2026-01-25 17:33:26
145,100,click,,0,2025-12-03 20:04:09
9,166,purchase,4.6,1,2026-04-06 23:54:06
11,91,click,,0,2025-12-28 17:54:56
118,71,rating,3.7,0,2025-12-03 11:13:00
129,54,purchase,4.5,1,2026-02-07 10:23:55
132,17,view,,0,2026-01-04 13:55:42
91,168,click,,0,2026-04-20 08:28:17
118,184,view,,0,2026-05-17 10:22:40
72,201,view,,0,2026-04-28 18:43:23
101,18,view,,0,2026-05-28 14:19:45
124,97,view,,0,2026-03-03 07:14:21
47,148,purchase,4.8,1,2026-04-18 06:33:51
135,67,view,,0,2025-12-26 19:51:51
149,90,view,,0,2026-03-25 04:39:00
104,18,click,,0,2025-12-10 10:05:56
41,60,view,,0,2025-12-20 10:37:30
128,174,click,,0,2026-03-04 04:57:34
60,198,purchase,4.8,1,2026-05-07 16:51:20
27,45,purchase,4.8,1,2026-04-22 02:12:01
108,17,view,,0,2025-12-13 17:18:47
30,10,view,,0,2026-05-15 03:05:48
114,196,view,,0,2026-02-12 09:10:53
8,45,click,,0,2026-02-02 01:25:28
116,97,rating,4.1,0,2025-12-27 13:32:55
52,51,click,,0,2026-01-19 17:25:33
74,58,view,,0,2026-01-09 18:20:25
112,209,view,,0,2026-03-14 07:50:23
50,23,click,,0,2026-03-24 17:32:01
25,53,view,,0,2025-12-08 03:37:12
2,93,click,,0,2026-05-01 01:36:46
140,19,click,,0,2026-02-05 20:32:38
136,128,view,,0,2026-01-07 14:48:58
147,212,click,,0,2026-03-03 16:28:09
92,159,click,,0,2026-05-25 09:52:47
36,206,click,,0,2025-12-14 17:40:39
97,19,click,,0,2026-03-22 05:09:24
133,77,click,,0,2025-12-21 07:00:10
60,14,click,,0,2026-03-28 11:51:31
6,58,purchase,4.9,1,2026-05-10 04:22:44
65,100,click,,0,2026-04-17 06:12:19
41,74,click,,0,2025-12-16 05:12:02
62,133,click,,0,2026-03-30 09:19:59
103,159,click,,0,2025-12-12 16:42:50
29,150,purchase,5.0,1,2026-03-03 03:38:02
8,9,click,,0,2026-02-05 08:07:09
52,86,view,,0,2026-05-23 03:13:29
36,53,view,,0,2026-03-17 22:19:33
85,194,purchase,4.1,1,2026-04-09 12:05:04
127,19,purchase,4.9,1,2026-05-07 03:22:17
10,89,purchase,4.6,1,2025-12-15 10:29:38
21,142,purchase,4.3,1,2026-03-04 15:57:03
11,27,click,,0,2025-12-08 14:37:21
58,167,click,,0,2026-02-07 17:01:59
78,201,purchase,4.2,1,2026-05-15 17:13:31
15,7,view,,0,2026-04-30 22:00:47
51,137,purchase,4.7,1,2026-03-29 18:50:48
5,142,click,,0,2026-03-05 07:48:17
97,179,click,,0,2025-12-26 00:21:45
110,141,click,,0,2025-12-28 10:46:15
31,158,click,,0,2026-05-26 03:34:06
50,88,purchase,4.2,1,2026-02-24 11:04:02
24,151,click,,0,2025-12-03 15:32:56
138,146,rating,3.0,0,2025-12-10 14:03:47
64,209,click,,0,2025-12-12 17:48:40
33,113,click,,0,2026-01-05 18:20:26
81,90,view,,0,2026-03-28 16:10:34
63,75,view,,0,2025-12-26 21:14:08
123,169,view,,0,2025-12-25 11:01:45
20,65,click,,0,2026-03-17 06:17:20
92,57,view,,0,2026-02-25 19:46:08
94,200,click,,0,2026-03-18 18:27:05
63,135,click,,0,2026-05-24 02:17:43
139,129,click,,0,2025-12-21 23:09:06
106,181,click,,0,2026-04-01 10:50:48
21,53,click,,0,2026-05-27 19:10:17
134,60,view,,0,2026-01-29 21:50:01
54,32,view,,0,2026-02-12 00:10:38
37,10,view,,0,2026-01-16 08:23:02
117,30,click,,0,2025-12-05 19:55:52
9,70,click,,0,2026-01-24 16:08:08
77,212,click,,0,2025-12-18 02:28:53
99,127,purchase,4.4,1,2025-12-05 08:33:15
12,58,click,,0,2026-01-10 15:29:09
111,137,view,,0,2025-12-11 20:15:42
9,139,click,,0,2026-04-28 20:32:04
7,156,purchase,4.9,1,2026-04-27 04:50:12
68,208,click,,0,2026-04-26 23:25:55
8,88,view,,0,2026-04-21 15:07:24
112,110,view,,0,2026-05-02 15:57:12
15,207,click,,0,2025-12-22 21:40:14
74,137,click,,0,2026-03-01 16:47:33
146,197,click,,0,2026-03-12 11:01:24
98,120,rating,3.5,0,2026-04-25 11:37:11
4,72,view,,0,2026-05-05 23:04:07
71,22,view,,0,2026-01-19 05:29:04
76,87,click,,0,2026-03-22 14:09:07
71,93,view,,0,2026-01-22 21:10:03
4,32,click,,0,2026-01-30 06:56:57
83,215,view,,0,2026-01-22 01:27:18
114,119,click,,0,2025-12-05 01:10:57
120,10,click,,0,2026-02-09 08:29:15
143,56,click,,0,2026-02-19 00:58:44
21,71,view,,0,2026-05-24 21:14:36
81,17,click,,0,2026-02-25 05:18:39
71,67,click,,0,2026-05-19 10:48:20
59,162,click,,0,2026-01-04 13:55:16
13,60,view,,0,2025-12-23 22:04:25
48,176,purchase,4.6,1,2026-03-10 02:11:48
11,142,click,,0,2026-04-19 23:50:36
67,66,view,,0,2025-12-04 19:49:49
91,139,click,,0,2026-04-20 04:19:29
61,90,click,,0,2025-12-22 21:27:10
114,29,click,,0,2026-03-10 22:18:44
53,84,click,,0,2026-03-22 10:48:42
107,19,click,,0,2026-04-05 08:07:28
73,37,click,,0,2025-12-06 11:47:57
93,86,purchase,4.4,1,2026-02-18 22:46:22
76,160,click,,0,2025-12-07 17:55:05
12,75,purchase,4.0,1,2025-12-30 20:03:34
55,207,click,,0,2026-01-31 11:53:34
131,201,view,,0,2026-03-24 14:38:15
56,97,click,,0,2026-05-12 00:10:53
39,98,rating,3.2,0,2026-04-28 18:44:34
20,58,click,,0,2026-03-21 11:40:48
148,162,view,,0,2026-03-18 03:39:54
138,188,view,,0,2025-12-25 05:44:40
136,205,view,,0,2025-12-11 16:24:08
135,134,click,,0,2026-02-25 08:00:15
50,215,click,,0,2026-03-23 09:32:39
63,85,view,,0,2026-01-17 21:31:04
93,60,click,,0,2026-02-28 04:59:41
30,178,click,,0,2026-01-17 12:04:19
105,93,click,,0,2025-12-17 04:05:48
130,20,click,,0,2026-05-28 07:13:28
124,155,click,,0,2026-01-15 10:13:19
108,59,view,,0,2026-03-22 06:02:28
33,138,view,,0,2026-01-18 06:14:08
105,173,view,,0,2026-03-25 05:52:17
67,204,click,,0,2026-01-26 09:41:45
31,21,click,,0,2026-02-19 00:28:30
38,148,view,,0,2026-03-07 15:51:15
51,47,click,,0,2026-05-20 21:03:38
43,31,click,,0,2026-02-20 23:39:03
142,183,view,,0,2026-03-02 22:25:18
33,9,click,,0,2026-05-12 14:46:36
43,19,click,,0,2025-12-27 09:38:21
136,100,click,,0,2026-05-26 06:52:22
33,103,click,,0,2026-04-16 00:38:14
76,31,purchase,4.9,1,2026-02-05 02:21:16
28,185,click,,0,2025-12-10 11:32:13
91,115,click,,0,2026-05-27 12:45:49
116,190,click,,0,2026-05-12 19:11:09
123,180,view,,0,2025-12-27 20:01:17
131,22,purchase,4.6,1,2025-12-31 06:16:49
95,173,click,,0,2026-04-06 19:09:34
83,113,click,,0,2026-01-05 00:17:58
72,198,click,,0,2025-12-20 12:17:39
127,88,click,,0,2025-12-11 01:45:08
135,149,view,,0,2026-03-10 09:13:40
110,74,click,,0,2026-02-02 09:04:17
46,37,view,,0,2025-12-09 20:08:33
54,111,click,,0,2026-03-12 12:03:30
81,26,click,,0,2026-02-07 03:27:43
31,74,click,,0,2026-01-23 20:56:26
58,44,purchase,4.3,1,2026-01-26 17:07:22
28,60,click,,0,2026-04-10 02:31:11
25,53,view,,0,2026-03-18 21:58:56
44,8,purchase,5.0,1,2026-03-27 21:25:15
139,138,click,,0,2026-05-05 20:17:12
126,214,click,,0,2026-05-10 09:22:03
53,73,click,,0,2026-03-22 14:32:12
114,134,view,,0,2025-12-26 04:44:58
76,29,view,,0,2026-04-19 18:41:07
31,114,click,,0,2026-05-23 07:11:38
68,23,click,,0,2026-05-18 13:35:20
72,188,click,,0,2026-04-10 13:09:16
91,206,view,,0,2025-12-17 01:11:36
57,187,click,,0,2025-12-16 03:12:42
130,86,click,,0,2026-01-24 07:28:15
132,173,click,,0,2026-05-01 14:00:32
81,10,click,,0,2026-02-23 20:24:01
134,82,view,,0,2026-01-07 16:02:10
10,163,click,,0,2026-04-02 12:04:27
36,151,purchase,4.2,1,2026-02-12 17:58:31
51,68,click,,0,2026-03-02 23:36:38
48,188,click,,0,2026-03-08 03:37:37
51,163,click,,0,2026-05-20 18:32:09
133,186,click,,0,2026-04-26 05:23:08
112,18,click,,0,2026-03-06 23:30:02
54,182,click,,0,2026-01-05 06:47:25
68,158,view,,0,2026-02-13 12:59:42
61,164,click,,0,2026-02-07 09:47:29
47,77,click,,0,2026-05-13 22:37:19
75,172,click,,0,2026-03-05 21:15:26
101,154,click,,0,2026-02-09 01:03:02
76,25,click,,0,2026-01-13 05:00:15
74,108,click,,0,2026-02-26 12:41:27
109,30,click,,0,2026-01-04 21:50:23
82,170,click,,0,2025-12-23 17:49:53
102,181,view,,0,2025-12-26 13:30:25
124,216,purchase,4.6,1,2026-05-06 22:59:14
61,8,click,,0,2026-01-27 04:32:50
56,201,click,,0,2026-02-19 02:49:10
83,67,click,,0,2026-04-11 18:23:28
101,208,click,,0,2026-02-25 12:21:27
67,14,click,,0,2026-01-22 19:09:47
57,87,view,,0,2026-04-04 05:55:46
79,115,click,,0,2026-02-19 06:34:27
43,138,view,,0,2026-01-10 17:40:46
29,158,click,,0,2026-03-30 07:01:19
139,6,click,,0,2026-04-20 22:32:38
98,24,view,,0,2026-05-02 05:47:52
91,197,click,,0,2026-04-29 10:35:35
13,133,click,,0,2026-01-11 13:32:40
51,41,click,,0,2026-05-13 10:46:18
59,75,click,,0,2026-05-06 06:58:29
96,85,click,,0,2026-02-19 23:16:32
64,4,view,,0,2025-12-08 16:50:08
135,27,click,,0,2026-03-09 01:52:13
125,11,click,,0,2026-01-01 04:07:59
7,59,view,,0,2026-04-03 07:58:34
64,9,view,,0,2026-01-23 14:27:41
97,168,click,,0,2026-02-17 12:20:56
70,22,click,,0,2025-12-16 13:21:22
107,6,view,,0,2025-12-04 13:24:57
139,155,click,,0,2026-05-29 03:26:45
101,50,view,,0,2026-05-12 03:39:11
80,201,click,,0,2026-02-02 13:23:24
6,78,click,,0,2026-01-23 21:52:42
26,68,click,,0,2026-04-08 02:07:55
97,75,click,,0,2026-02-23 02:29:25
105,144,click,,0,2026-01-24 18:53:17
137,130,click,,0,2026-01-18 04:41:53
128,187,rating,4.5,0,2026-02-16 03:14:01
28,116,click,,0,2026-01-14 04:54:48
7,102,click,,0,2026-04-30 10:47:37
95,123,click,,0,2026-03-21 01:11:55
80,86,view,,0,2025-12-29 14:44:12
22,25,click,,0,2026-03-20 14:37:46
126,152,click,,0,2026-01-19 05:39:15
104,158,click,,0,2026-05-13 10:24:19
146,195,click,,0,2026-01-15 19:54:55
127,65,click,,0,2026-02-19 16:06:51
87,214,click,,0,2025-12-30 22:37:00
145,154,purchase,4.3,1,2026-02-18 15:18:04
54,194,view,,0,2026-03-20 21:43:56
140,128,rating,3.5,0,2026-01-31 11:28:30
119,182,click,,0,2026-03-05 11:38:24
21,27,view,,0,2026-02-22 08:37:45
97,33,click,,0,2026-04-27 16:03:42
134,192,click,,0,2025-12-25 06:50:28
113,30,purchase,4.5,1,2025-12-09 06:45:21
135,125,view,,0,2025-12-28 20:32:02
141,108,click,,0,2026-02-17 06:04:46
31,112,view,,0,2026-01-27 19:53:44
70,134,view,,0,2026-02-02 07:08:32
96,145,click,,0,2026-04-06 22:57:44
75,134,click,,0,2026-04-13 17:09:24
96,133,click,,0,2026-03-29 01:58:16
119,54,purchase,4.7,1,2026-02-03 19:27:04
35,43,view,,0,2026-03-13 12:29:41
122,3,click,,0,2026-02-01 09:14:51
39,121,rating,3.0,0,2025-12-14 17:10:49
49,52,click,,0,2026-04-15 11:11:56
118,85,click,,0,2025-12-20 02:06:57
120,153,click,,0,2026-01-01 01:50:17
144,58,view,,0,2026-02-06 16:19:56
50,71,view,,0,2026-01-25 21:07:27
110,150,click,,0,2026-04-22 07:36:22
104,66,click,,0,2026-03-20 15:41:13
52,20,click,,0,2026-03-26 18:36:45
56,72,click,,0,2026-01-05 07:46:12
27,33,click,,0,2026-05-05 10:27:54
99,85,view,,0,2026-03-23 11:27:51
71,207,purchase,4.7,1,2026-04-23 20:37:13
122,54,click,,0,2026-01-03 08:06:50
60,56,purchase,4.6,1,2025-12-19 10:22:52
37,43,purchase,4.3,1,2026-03-04 00:32:13
14,36,view,,0,2026-03-11 01:26:00
109,171,click,,0,2026-03-03 06:56:40
129,195,click,,0,2025-12-24 11:21:19
101,97,click,,0,2026-04-30 23:26:27
122,91,view,,0,2026-01-31 05:37:46
82,136,purchase,4.8,1,2025-12-16 21:09:03
43,163,click,,0,2026-05-12 13:35:41
37,216,click,,0,2026-02-24 14:24:55
126,178,click,,0,2026-05-03 21:33:28
31,143,click,,0,2026-05-25 09:54:34
90,46,purchase,4.9,1,2025-12-06 14:35:59
89,187,click,,0,2026-02-22 01:03:38
144,49,click,,0,2026-02-13 23:05:41
3,51,click,,0,2026-02-25 12:57:32
50,2,click,,0,2026-03-25 12:33:00
25,95,click,,0,2026-05-28 12:41:04
4,156,click,,0,2026-01-23 17:06:57
71,165,click,,0,2026-03-04 15:46:49
65,71,click,,0,2026-04-02 02:41:07
147,211,purchase,4.9,1,2025-12-07 14:30:42
117,126,click,,0,2026-01-04 10:32:44
140,207,click,,0,2025-12-21 20:51:50
8,157,view,,0,2026-05-24 08:17:30
46,34,click,,0,2025-12-17 18:42:17
31,15,view,,0,2026-02-25 19:00:19
16,81,purchase,4.3,1,2025-12-20 14:58:57
50,168,view,,0,2026-03-30 22:10:45
86,215,view,,0,2026-04-11 04:25:07
82,182,purchase,4.6,1,2026-01-03 13:18:23
94,133,purchase,4.4,1,2025-12-04 10:45:24
16,17,view,,0,2026-01-08 03:52:45
129,38,click,,0,2026-04-22 05:54:01
45,114,click,,0,2025-12-10 08:08:18
51,177,click,,0,2026-03-09 20:21:20
1,80,click,,0,2026-01-23 20:32:34
31,88,click,,0,2026-03-02 05:36:26
23,145,click,,0,2026-03-01 14:28:32
24,47,click,,0,2026-04-22 08:39:55
82,152,rating,4.5,0,2026-04-02 08:59:52
3,56,click,,0,2026-04-04 13:45:22
21,186,click,,0,2026-01-18 14:34:09
49,192,view,,0,2026-04-27 11:08:56
80,14,view,,0,2026-02-13 08:25:44
46,72,click,,0,2025-12-28 23:08:49
106,58,click,,0,2026-05-12 21:22:44
52,46,click,,0,2026-01-27 23:11:54
113,68,click,,0,2025-12-19 15:23:08
149,94,view,,0,2026-02-07 10:30:57
134,116,view,,0,2026-05-11 18:27:52
44,10,click,,0,2026-05-12 18:48:39
40,138,click,,0,2026-03-22 03:06:03
112,89,view,,0,2026-04-06 03:19:46
74,54,view,,0,2026-02-06 03:23:38
129,142,view,,0,2026-05-11 20:07:52
69,24,view,,0,2026-03-11 08:44:13
67,56,click,,0,2026-03-02 12:17:56
30,133,view,,0,2026-04-08 12:45:52
122,36,click,,0,2026-03-02 10:14:32
96,145,view,,0,2026-02-13 01:54:11
9,83,click,,0,2026-04-16 20:57:16
92,3,click,,0,2026-01-01 12:32:42
86,87,purchase,4.2,1,2026-04-06 12:03:35
92,79,click,,0,2026-01-02 07:09:49
48,193,click,,0,2025-12-05 22:04:34
117,152,view,,0,2026-03-23 12:54:23
103,122,click,,0,2026-05-12 15:53:06
96,154,click,,0,2026-02-05 07:20:27
103,77,rating,4.8,0,2025-12-09 11:43:43
130,28,click,,0,2026-02-21 10:39:03
69,148,click,,0,2026-02-17 12:20:42
42,132,purchase,4.9,1,2026-01-03 00:07:23
135,51,view,,0,2026-03-21 23:43:52
34,170,view,,0,2026-02-04 09:17:32
14,24,view,,0,2026-01-30 18:01:59
37,206,click,,0,2026-02-06 21:40:06
43,118,view,,0,2025-12-01 20:38:37
52,45,click,,0,2026-01-29 04:47:29
48,61,click,,0,2026-05-17 06:10:32
24,186,click,,0,2026-01-18 05:15:01
143,217,click,,0,2026-05-01 07:18:42
123,41,click,,0,2026-02-06 15:11:16
141,176,view,,0,2026-02-16 05:06:27
121,172,view,,0,2026-02-12 18:21:36
63,196,click,,0,2026-05-28 18:00:34
33,82,purchase,4.4,1,2026-04-28 20:45:29
84,73,view,,0,2026-05-09 21:13:02
109,153,click,,0,2026-02-16 04:11:23
89,126,view,,0,2026-04-10 18:33:56
7,57,view,,0,2026-05-22 15:51:14
61,95,click,,0,2026-02-10 01:03:48
1,157,view,,0,2026-03-28 01:02:58
20,166,click,,0,2026-01-15 08:56:03
49,12,click,,0,2026-01-11 17:07:41
24,87,view,,0,2026-02-14 06:35:38
109,39,click,,0,2026-01-26 00:44:35
124,9,rating,3.8,0,2026-01-21 09:09:11
42,102,click,,0,2026-04-13 04:38:52
28,120,click,,0,2026-05-07 06:00:48
26,168,click,,0,2026-05-18 04:05:57
4,42,click,,0,2026-02-01 15:28:55
130,99,click,,0,2026-04-13 23:05:51
125,168,click,,0,2026-04-10 20:02:56
14,78,click,,0,2026-02-22 05:16:12
30,155,view,,0,2026-05-07 10:11:22
116,129,view,,0,2026-02-12 02:12:21
86,217,rating,3.2,0,2026-03-15 14:06:26
46,109,view,,0,2026-03-14 22:40:11
21,39,click,,0,2025-12-03 01:08:05
67,51,view,,0,2026-03-11 16:18:17
117,112,click,,0,2025-12-11 02:56:37
11,32,click,,0,2026-05-19 05:24:21
94,13,click,,0,2026-05-23 08:31:39
95,65,click,,0,2026-02-22 08:37:54
76,197,click,,0,2026-05-09 18:19:12
69,46,click,,0,2026-01-27 15:18:36
5,115,click,,0,2026-02-02 17:36:41
10,153,click,,0,2025-12-23 09:11:45
10,137,click,,0,2026-04-24 03:12:50
45,22,click,,0,2026-03-15 13:55:33
38,163,click,,0,2026-03-07 12:21:33
71,89,view,,0,2026-02-28 15:17:33
63,212,view,,0,2026-05-26 03:42:15
135,146,click,,0,2026-02-28 17:06:15
84,96,click,,0,2025-12-09 03:08:46
26,98,rating,3.2,0,2026-03-11 05:45:13
78,109,click,,0,2026-02-17 12:17:45
66,185,view,,0,2026-04-07 11:25:38
21,215,click,,0,2026-05-27 20:33:27
30,204,click,,0,2026-01-07 21:50:17
78,158,click,,0,2026-03-11 12:18:43
63,178,click,,0,2026-05-05 20:06:36
147,122,view,,0,2026-01-12 11:39:43
112,71,view,,0,2026-04-25 17:22:46
48,71,view,,0,2026-03-09 02:10:03
103,47,click,,0,2026-04-12 09:23:37
2,105,click,,0,2026-01-10 22:02:22
107,169,click,,0,2025-12-26 21:28:19
119,154,rating,3.6,0,2026-05-04 03:35:03
57,58,view,,0,2025-12-05 04:56:24
57,17,click,,0,2026-03-30 09:58:50
118,151,view,,0,2026-02-21 09:37:12
85,139,click,,0,2026-02-15 05:46:10
143,4,click,,0,2026-02-06 06:58:49
89,211,click,,0,2026-02-25 23:41:21
128,54,view,,0,2026-03-15 01:08:02
100,66,click,,0,2026-02-17 22:32:32
147,21,click,,0,2026-04-03 07:10:37
89,22,view,,0,2026-01-10 23:58:22
136,95,click,,0,2026-01-29 17:36:33
81,116,click,,0,2026-04-11 16:07:06
40,160,click,,0,2026-03-25 06:43:03
91,145,click,,0,2026-02-23 11:47:36
6,193,click,,0,2026-01-25 19:43:35
126,61,purchase,4.1,1,2026-02-12 13:39:57
32,25,click,,0,2026-02-16 13:02:29
29,147,click,,0,2026-01-26 21:10:41
41,197,rating,5.0,0,2026-05-01 16:14:30
141,105,view,,0,2026-02-08 01:16:04
108,154,click,,0,2026-01-24 20:23:16
93,162,view,,0,2025-12-22 05:01:35
82,129,click,,0,2026-03-15 16:55:01
58,104,view,,0,2026-03-07 18:48:14
74,212,click,,0,2026-05-30 05:25:51
46,103,click,,0,2026-01-26 16:47:31
86,196,view,,0,2026-03-01 19:12:39
26,99,view,,0,2026-03-24 08:26:44
108,106,view,,0,2026-01-07 08:56:06
58,36,view,,0,2026-03-30 02:09:01
21,154,view,,0,2026-03-22 11:49:53
6,84,click,,0,2026-03-30 02:38:47
146,161,view,,0,2026-03-03 07:59:26
95,6,view,,0,2026-04-24 23:11:01
100,142,purchase,4.9,1,2026-03-10 23:42:36
42,118,view,,0,2026-02-11 08:40:42
62,45,purchase,4.9,1,2026-03-03 09:10:50
83,34,click,,0,2026-01-27 14:06:31
8,53,click,,0,2026-03-23 20:32:08
63,176,click,,0,2026-03-28 20:03:29
62,204,rating,4.0,0,2026-01-05 01:01:29
29,206,view,,0,2026-03-28 23:35:23
41,63,view,,0,2026-03-01 10:46:45
18,2,click,,0,2026-04-26 01:28:58
105,134,purchase,4.1,1,2026-03-03 00:02:52
107,67,view,,0,2026-05-22 05:27:22
31,184,view,,0,2026-05-01 11:54:58
137,183,click,,0,2025-12-06 07:15:28
16,75,click,,0,2026-05-08 07:20:06
11,94,view,,0,2026-02-17 06:11:24
131,162,click,,0,2026-04-06 20:12:30
32,27,view,,0,2025-12-30 01:02:51
149,193,click,,0,2026-05-04 09:55:26
44,94,view,,0,2026-02-19 20:56:06
37,63,click,,0,2026-05-05 04:15:37
68,25,view,,0,2026-02-03 18:44:43
19,118,view,,0,2026-05-25 07:16:04
63,194,click,,0,2026-01-21 04:23:59
114,85,click,,0,2026-05-03 14:08:33
67,146,click,,0,2026-01-24 03:42:01
36,38,click,,0,2026-03-13 00:22:54
57,95,click,,0,2026-03-21 02:59:53
75,79,click,,0,2026-04-19 16:45:17
79,122,click,,0,2026-04-19 03:54:08
76,40,view,,0,2026-04-25 02:45:42
33,38,click,,0,2026-03-29 15:38:01
99,66,click,,0,2026-04-04 08:14:30
55,150,click,,0,2026-01-29 12:35:38
4,67,view,,0,2026-02-10 09:49:52
133,104,view,,0,2026-03-04 07:34:32
44,89,click,,0,2026-04-05 17:16:47
129,81,click,,0,2026-03-13 07:38:35
125,166,purchase,4.5,1,2026-01-03 12:52:28
124,98,view,,0,2025-12-04 11:02:34
17,88,click,,0,2026-01-14 08:28:31
58,39,view,,0,2026-01-24 17:45:31
31,167,click,,0,2026-01-08 22:31:52
118,146,view,,0,2026-05-27 22:12:58
4,216,view,,0,2026-04-25 14:31:18
135,59,click,,0,2026-04-24 15:47:07
9,103,click,,0,2026-04-02 07:57:33
85,130,click,,0,2025-12-14 17:52:41
137,217,click,,0,2026-04-24 15:13:34
21,205,click,,0,2025-12-12 13:34:32
134,64,click,,0,2026-01-18 05:03:45
47,177,purchase,4.2,1,2026-04-07 01:41:44
117,46,rating,3.5,0,2025-12-09 12:12:45
72,24,click,,0,2026-04-24 23:51:35
17,34,click,,0,2026-03-13 04:00:34
54,59,click,,0,2026-01-18 01:33:35
149,123,click,,0,2026-03-01 20:22:30
14,82,view,,0,2026-05-04 02:27:22
51,123,click,,0,2025-12-24 07:12:26
122,51,click,,0,2025-12-21 02:10:10
56,154,click,,0,2026-03-06 07:22:25
3,149,purchase,4.1,1,2026-02-23 03:31:14
114,200,click,,0,2026-04-05 11:34:28
117,1,view,,0,2026-01-19 13:56:37
70,127,click,,0,2026-04-03 05:59:05
130,124,click,,0,2026-03-11 13:03:39
77,68,click,,0,2026-05-19 02:26:35
88,71,click,,0,2026-04-12 07:41:21
80,161,click,,0,2026-02-25 03:28:00
47,125,click,,0,2025-12-02 23:05:12
131,121,click,,0,2026-03-07 23:15:12
17,195,view,,0,2026-02-23 14:02:58
25,114,view,,0,2026-02-06 04:33:41
138,211,click,,0,2026-01-06 03:57:04
28,196,click,,0,2026-01-15 16:59:36
129,79,view,,0,2026-02-01 20:05:46
121,27,click,,0,2026-04-13 15:51:47
54,147,click,,0,2026-04-11 03:56:08
41,50,click,,0,2026-04-29 12:23:05
44,41,view,,0,2026-03-30 04:05:40
84,133,view,,0,2026-03-03 16:39:59
107,200,click,,0,2026-04-21 18:18:06
68,121,view,,0,2026-05-16 23:04:13
95,38,click,,0,2026-01-30 03:51:37
91,213,click,,0,2026-04-25 09:39:46
79,109,click,,0,2026-03-21 01:49:08
107,2,purchase,4.1,1,2026-04-28 16:55:46
105,91,view,,0,2026-04-06 02:19:34
117,197,click,,0,2026-01-23 22:36:46
52,54,view,,0,2026-04-09 06:06:44
76,214,click,,0,2026-02-12 05:14:04
110,203,click,,0,2026-02-13 22:51:24
144,190,view,,0,2026-01-09 10:13:42
129,113,click,,0,2026-05-16 23:50:36
20,63,click,,0,2026-01-01 20:18:57
123,185,click,,0,2026-03-26 20:00:57
12,200,click,,0,2026-04-08 17:49:33
125,64,rating,4.2,0,2026-01-25 02:16:24
16,26,view,,0,2025-12-12 14:13:37
71,138,click,,0,2026-02-11 10:28:13
73,29,click,,0,2026-03-03 07:39:07
19,84,view,,0,2026-05-01 05:36:28
39,39,click,,0,2026-03-26 05:25:12
52,144,click,,0,2025-12-18 18:50:52
84,147,view,,0,2026-03-17 19:59:08
67,143,view,,0,2026-03-14 19:28:53
6,36,view,,0,2026-04-30 14:57:51
81,93,view,,0,2026-05-26 10:48:07
55,48,click,,0,2026-02-02 01:55:39
118,93,click,,0,2026-02-04 08:39:46
67,66,view,,0,2026-03-28 21:46:21
6,36,view,,0,2025-12-24 20:10:54
110,102,click,,0,2026-05-07 05:14:54
13,213,click,,0,2026-03-14 07:13:28
132,96,click,,0,2025-12-04 20:13:03
9,130,view,,0,2026-05-20 05:33:57
138,126,click,,0,2026-01-25 13:56:31
18,189,click,,0,2025-12-16 08:48:52
143,200,click,,0,2025-12-23 12:13:58
132,217,click,,0,2026-05-16 00:55:34
120,157,rating,4.5,0,2026-04-06 22:44:40
111,210,click,,0,2026-01-24 10:59:53
39,167,click,,0,2026-02-03 20:37:37
148,87,click,,0,2026-02-27 20:43:36
111,6,click,,0,2026-02-17 15:40:53
2,160,click,,0,2026-05-11 12:30:41
3,58,click,,0,2026-02-02 07:08:02
67,58,view,,0,2026-03-25 04:06:21
84,137,view,,0,2026-02-28 13:59:57
52,198,click,,0,2026-05-10 05:17:49
91,184,click,,0,2026-05-19 02:21:36
49,198,click,,0,2025-12-30 11:46:00
47,26,click,,0,2025-12-06 18:55:44
11,200,click,,0,2025-12-26 10:05:05
18,84,click,,0,2026-05-19 17:47:57
59,169,click,,0,2026-01-11 05:49:35
42,109,click,,0,2026-01-23 08:01:44
56,198,click,,0,2026-02-08 16:44:26
113,32,purchase,4.0,1,2026-05-12 16:10:07
54,98,click,,0,2025-12-11 06:04:09
103,51,view,,0,2026-01-10 15:01:47
32,24,click,,0,2026-01-04 16:43:27
149,186,click,,0,2026-03-11 23:45:39
54,31,view,,0,2026-03-06 16:07:28
92,192,click,,0,2026-02-01 05:28:48
54,24,click,,0,2026-05-06 00:00:40
123,66,click,,0,2026-03-10 11:35:32
117,5,click,,0,2025-12-03 02:31:39
108,103,click,,0,2026-05-17 04:55:17
93,80,click,,0,2026-05-13 03:14:53
77,59,click,,0,2026-04-16 20:36:28
100,121,rating,3.5,0,2025-12-04 18:34:50
83,12,view,,0,2025-12-29 00:35:26
46,145,click,,0,2025-12-03 11:56:02
40,36,click,,0,2026-04-15 15:58:34
10,16,view,,0,2026-03-27 11:13:42
76,96,click,,0,2026-03-31 14:43:45
41,108,click,,0,2026-01-04 04:14:58
133,39,view,,0,2026-04-24 18:31:46
47,94,purchase,4.8,1,2026-05-21 09:30:42
8,128,click,,0,2026-01-10 07:46:53
96,216,view,,0,2026-01-22 04:32:55
8,201,click,,0,2025-12-06 17:05:27
121,9,purchase,4.9,1,2026-04-23 09:49:59
12,139,view,,0,2026-02-12 21:49:58
135,44,click,,0,2026-01-01 09:51:06
90,58,click,,0,2025-12-19 14:02:33
17,29,click,,0,2026-03-04 01:35:14
107,138,click,,0,2026-02-25 05:12:02
1,80,click,,0,2026-03-04 04:10:10
66,33,view,,0,2026-02-02 09:25:39
94,158,view,,0,2026-04-10 11:49:58
123,127,view,,0,2026-04-26 01:59:49
147,51,click,,0,2025-12-26 03:08:18
34,207,click,,0,2025-12-29 09:15:27
22,191,view,,0,2025-12-20 02:27:49
73,158,click,,0,2025-12-22 03:06:47
65,48,view,,0,2026-04-22 10:54:06
85,182,view,,0,2026-03-01 10:29:07
134,133,rating,3.5,0,2026-03-23 18:30:28
34,84,click,,0,2026-02-21 15:28:27
38,149,purchase,4.0,1,2026-04-23 16:38:06
99,162,view,,0,2025-12-11 00:29:46
47,4,view,,0,2025-12-29 10:55:48
61,42,click,,0,2026-02-16 17:45:59
147,124,purchase,4.2,1,2026-03-05 15:35:40
148,104,rating,3.9,0,2026-02-27 11:40:19
68,140,click,,0,2026-02-25 02:37:27
72,168,click,,0,2026-04-29 22:14:06
87,87,click,,0,2026-05-24 00:11:26
88,207,click,,0,2026-05-20 00:23:38
141,117,click,,0,2026-04-09 11:40:27
88,196,click,,0,2026-03-12 11:46:09
94,110,click,,0,2026-04-05 10:00:54
140,33,click,,0,2025-12-20 01:30:19
118,213,click,,0,2025-12-23 06:38:59
76,33,click,,0,2026-05-20 06:37:06
116,112,rating,3.2,0,2026-03-19 03:16:20
130,47,view,,0,2026-02-16 21:28:09
131,50,view,,0,2025-12-29 05:07:23
57,199,click,,0,2025-12-04 22:37:53
91,135,view,,0,2026-03-28 09:16:49
145,136,click,,0,2026-03-13 15:36:08
137,93,click,,0,2026-03-16 10:46:01
136,43,click,,0,2026-02-12 09:52:50
43,163,purchase,4.2,1,2026-04-03 20:49:30
39,139,click,,0,2026-03-30 01:57:41
52,72,rating,4.9,0,2025-12-11 04:39:41
76,100,click,,0,2026-05-25 15:28:34
108,122,click,,0,2026-03-02 13:46:17
77,1,click,,0,2025-12-16 05:38:09
143,172,click,,0,2026-01-31 04:54:01
18,16,click,,0,2026-04-27 08:03:33
37,124,click,,0,2026-05-10 09:34:05
63,101,click,,0,2026-05-03 09:11:51
108,101,click,,0,2026-03-26 12:54:51
90,19,rating,3.6,0,2026-01-14 15:22:19
103,32,view,,0,2026-04-21 16:01:16
39,53,click,,0,2026-02-25 19:01:15
71,195,click,,0,2026-02-03 06:49:56
31,134,click,,0,2026-01-31 02:49:39
121,60,click,,0,2026-04-08 22:30:04
32,139,view,,0,2026-04-24 22:56:01
40,19,rating,4.8,0,2026-05-21 14:52:07
88,70,click,,0,2025-12-09 15:39:20
66,29,click,,0,2026-04-02 10:16:19
150,44,view,,0,2026-05-20 20:17:57
125,195,click,,0,2026-01-27 05:22:14
27,23,view,,0,2026-04-22 18:57:34
93,62,view,,0,2026-05-19 12:13:53
127,215,rating,3.8,0,2026-04-16 22:24:09
27,198,view,,0,2026-01-25 02:33:26
71,65,click,,0,2026-04-05 00:34:02
108,171,click,,0,2026-05-13 02:08:13
92,22,click,,0,2025-12-04 04:57:15
125,63,click,,0,2026-03-25 10:39:57
112,171,click,,0,2026-01-22 07:13:06
125,144,view,,0,2026-03-29 11:51:51
97,156,purchase,4.7,1,2026-03-12 11:16:28
11,155,click,,0,2025-12-22 15:05:15
26,148,click,,0,2025-12-20 03:02:36
62,93,view,,0,2026-03-24 08:16:44
108,209,view,,0,2026-02-16 03:41:57
11,89,view,,0,2026-04-06 08:21:54
118,147,click,,0,2026-05-18 08:30:08
103,209,view,,0,2026-05-07 01:18:50
111,172,click,,0,2026-05-27 00:40:47
146,47,view,,0,2025-12-06 09:14:07
85,26,purchase,4.8,1,2026-01-27 10:49:22
117,65,view,,0,2026-02-09 07:51:34
89,91,click,,0,2026-01-18 23:44:42
13,84,view,,0,2026-02-28 16:06:08
68,197,click,,0,2026-05-04 19:20:57
143,198,click,,0,2026-05-18 08:50:10
83,190,view,,0,2026-02-17 15:00:17
45,217,purchase,4.3,1,2026-03-08 18:07:14
138,190,view,,0,2026-05-07 01:00:41
59,82,click,,0,2026-05-11 14:39:26
24,164,click,,0,2026-02-18 13:06:55
128,164,view,,0,2026-01-06 20:25:56
52,68,view,,0,2026-05-16 21:51:05
90,87,click,,0,2026-05-07 04:28:07
93,194,rating,3.6,0,2026-01-01 14:43:15
29,49,click,,0,2026-03-24 16:19:01
130,180,click,,0,2026-04-05 10:05:06
144,138,click,,0,2026-01-05 05:49:33
20,51,click,,0,2025-12-19 19:49:13
104,68,view,,0,2025-12-30 00:01:49
137,91,click,,0,2026-02-16 17:44:04
99,27,rating,4.6,0,2026-05-14 18:44:37
76,158,rating,3.6,0,2026-03-22 09:36:15
58,114,click,,0,2026-05-11 02:46:40
141,40,rating,3.1,0,2026-04-10 07:35:20
58,214,rating,3.5,0,2026-04-15 16:01:03
58,113,view,,0,2026-04-06 12:07:26
38,4,click,,0,2026-01-28 07:52:13
6,157,view,,0,2026-03-05 12:55:51
107,143,rating,3.4,0,2026-03-18 17:36:51
48,133,click,,0,2026-03-24 11:53:02
148,100,click,,0,2026-04-25 17:01:14
94,206,click,,0,2026-05-06 09:01:29
95,94,purchase,4.2,1,2026-05-25 11:15:52
139,92,rating,3.3,0,2025-12-16 15:44:55
64,204,click,,0,2026-03-16 05:15:34
25,201,view,,0,2026-03-10 05:37:13
138,81,view,,0,2025-12-22 01:09:11
59,185,view,,0,2026-02-07 08:06:33
142,211,click,,0,2026-01-14 04:27:40
148,215,click,,0,2025-12-12 00:39:03
113,128,click,,0,2026-03-26 11:16:01
44,6,click,,0,2026-03-20 10:18:39
15,89,purchase,4.1,1,2026-03-04 05:57:15
91,17,click,,0,2026-04-20 06:53:08
65,187,view,,0,2025-12-07 01:13:55
126,111,view,,0,2026-04-17 10:36:25
35,102,view,,0,2026-01-12 11:38:17
80,138,view,,0,2026-04-16 01:55:46
85,60,view,,0,2026-03-22 08:26:31
131,105,view,,0,2025-12-29 16:53:20
81,2,click,,0,2026-03-30 01:37:48
92,151,view,,0,2025-12-24 22:28:44
19,158,click,,0,2025-12-14 01:14:44
42,188,click,,0,2026-01-08 11:42:15
46,214,click,,0,2026-01-05 21:20:41
127,187,click,,0,2025-12-24 21:37:29
25,104,view,,0,2026-03-23 03:45:41
100,207,click,,0,2026-02-18 20:08:51
122,36,click,,0,2026-05-15 05:15:28
25,80,click,,0,2026-02-08 15:51:55
111,65,click,,0,2026-03-08 17:24:00
67,103,click,,0,2026-01-09 15:36:42
21,87,view,,0,2026-02-27 09:55:00
135,66,purchase,4.1,1,2025-12-05 15:47:18
143,16,click,,0,2026-04-13 06:22:25
44,1,click,,0,2026-03-14 10:35:47
84,99,click,,0,2026-01-30 04:00:26
146,145,purchase,5.0,1,2026-02-12 11:34:35
49,163,click,,0,2026-04-01 06:11:21
138,56,click,,0,2026-02-06 17:41:10
40,154,click,,0,2026-02-12 08:27:53
113,181,purchase,4.2,1,2026-05-14 23:14:03
39,209,click,,0,2026-05-09 17:30:34
10,138,rating,4.9,0,2026-05-23 04:10:56
80,75,click,,0,2025-12-22 14:58:54
47,152,click,,0,2026-03-12 09:02:50
26,128,view,,0,2026-01-08 04:54:12
87,117,click,,0,2026-04-08 13:29:26
100,201,purchase,4.7,1,2026-02-26 16:14:42
17,87,click,,0,2026-01-18 12:11:33
62,210,click,,0,2026-03-06 23:51:34
104,11,click,,0,2026-02-09 06:36:46
123,208,purchase,4.7,1,2026-05-14 12:10:53
26,134,view,,0,2025-12-19 08:35:17
83,135,click,,0,2026-03-21 00:28:08
137,134,view,,0,2026-02-16 05:44:56
52,73,click,,0,2026-02-01 21:29:48
51,75,click,,0,2026-04-02 07:40:00
112,97,click,,0,2025-12-17 16:40:27
126,27,click,,0,2026-02-02 03:04:49
100,79,rating,4.5,0,2026-03-08 07:45:58
15,136,click,,0,2026-05-12 02:39:12
23,79,click,,0,2026-05-23 22:10:00
147,139,view,,0,2026-01-04 08:37:28
13,137,click,,0,2025-12-07 03:01:54
78,99,click,,0,2026-01-07 05:58:17
138,14,view,,0,2026-05-10 15:38:57
112,190,click,,0,2026-03-10 09:54:45
46,131,view,,0,2026-02-11 16:52:44
12,55,click,,0,2025-12-20 20:27:35
48,57,click,,0,2026-04-19 00:47:17
53,127,click,,0,2026-01-10 20:10:41
4,12,click,,0,2026-05-29 17:56:52
30,75,purchase,4.7,1,2025-12-02 14:47:54
85,46,view,,0,2026-02-15 09:51:12
96,215,click,,0,2026-02-17 17:58:39
37,154,view,,0,2026-01-18 11:57:51
67,109,click,,0,2026-04-12 19:35:16
80,53,view,,0,2026-05-21 07:39:52
70,105,click,,0,2026-04-14 17:39:28
106,97,view,,0,2026-01-24 16:41:31
49,210,click,,0,2026-05-02 00:10:02
3,161,click,,0,2026-04-15 04:06:21
115,33,view,,0,2026-04-09 10:20:44
19,164,click,,0,2025-12-23 21:45:55
126,18,click,,0,2026-01-06 07:13:37
43,190,rating,4.4,0,2026-01-20 12:05:12
102,73,click,,0,2026-03-15 19:52:02
146,67,view,,0,2025-12-22 18:19:25
102,211,purchase,5.0,1,2026-05-22 15:54:27
143,217,click,,0,2026-03-08 09:24:34
133,10,click,,0,2026-03-02 18:12:43
29,59,view,,0,2025-12-09 01:57:09
48,22,view,,0,2026-04-28 18:24:52
18,62,view,,0,2026-02-24 08:22:55
113,190,click,,0,2025-12-29 10:01:04
11,170,view,,0,2026-03-09 11:45:00
49,197,view,,0,2026-01-11 13:23:43
12,146,purchase,4.3,1,2025-12-04 10:56:34
65,45,click,,0,2026-02-07 16:22:43
15,101,click,,0,2026-02-13 11:48:09
75,130,click,,0,2025-12-14 01:20:30
50,86,view,,0,2026-04-08 11:16:24
7,113,view,,0,2025-12-15 04:03:42
136,74,click,,0,2026-03-19 19:50:16
141,82,click,,0,2025-12-12 17:00:59
17,105,click,,0,2026-03-12 06:59:22
44,186,click,,0,2026-02-02 03:44:27
37,27,click,,0,2026-04-13 13:51:38
98,1,click,,0,2026-03-20 23:08:26
100,197,click,,0,2026-03-21 18:54:53
58,196,click,,0,2026-04-02 16:44:30
140,19,view,,0,2025-12-05 12:57:28
122,147,click,,0,2026-04-05 21:39:14
100,116,view,,0,2026-05-27 10:44:42
126,157,click,,0,2026-01-19 05:59:44
117,123,purchase,4.5,1,2026-05-29 05:33:08
93,58,click,,0,2025-12-29 17:42:05
45,100,purchase,4.4,1,2026-01-20 15:24:14
6,111,click,,0,2026-05-07 02:23:07
11,118,view,,0,2026-02-19 09:11:01
139,59,click,,0,2026-02-17 19:14:46
91,54,click,,0,2026-02-18 11:50:37
107,118,click,,0,2026-04-23 02:50:08
100,119,click,,0,2026-02-10 07:01:40
103,35,click,,0,2026-04-21 03:34:20
63,56,click,,0,2026-04-19 01:37:25
50,187,view,,0,2026-04-08 17:23:45
94,119,purchase,4.8,1,2026-03-18 03:32:13
96,165,click,,0,2026-01-30 06:58:01
37,121,click,,0,2025-12-22 19:03:38
116,77,view,,0,2026-05-26 08:48:36
106,14,click,,0,2026-01-09 10:01:51
142,41,click,,0,2026-04-08 18:54:46
133,111,purchase,4.0,1,2026-01-05 17:02:38
53,99,view,,0,2026-03-21 20:57:24
70,191,click,,0,2026-04-12 20:40:50
40,165,click,,0,2026-02-17 17:35:39
51,39,click,,0,2026-02-19 13:27:47
63,190,view,,0,2025-12-27 01:08:41
125,81,purchase,4.6,1,2026-03-30 05:11:19
10,174,view,,0,2025-12-20 13:04:04
22,6,purchase,4.9,1,2025-12-03 09:06:47
85,24,purchase,4.4,1,2026-01-31 12:46:10
39,55,view,,0,2026-01-30 10:03:22
93,160,click,,0,2026-05-27 06:06:20
115,122,view,,0,2026-02-05 10:48:04
75,78,view,,0,2025-12-21 09:44:09
41,39,click,,0,2026-01-02 09:32:44
137,159,click,,0,2026-02-19 05:57:39
142,161,view,,0,2026-03-02 21:03:29
72,177,purchase,5.0,1,2026-05-15 08:39:21
38,114,view,,0,2025-12-20 13:05:17
35,98,click,,0,2026-03-03 12:10:58
44,197,click,,0,2025-12-05 13:42:25
93,113,click,,0,2026-03-25 06:30:17
115,6,purchase,4.6,1,2026-03-07 04:30:52
87,22,click,,0,2026-05-22 20:03:37
46,35,click,,0,2026-04-01 20:54:35
101,39,rating,4.6,0,2025-12-23 05:52:49
51,163,click,,0,2026-02-01 23:16:40
22,91,rating,4.0,0,2026-03-28 18:01:27
107,44,purchase,4.2,1,2026-02-10 14:44:38
72,134,purchase,4.5,1,2026-05-26 06:57:49
43,14,click,,0,2026-04-06 19:09:40
79,68,rating,3.7,0,2026-02-26 20:53:04
70,192,view,,0,2026-04-28 05:28:33
21,86,click,,0,2026-03-18 17:50:15
3,189,click,,0,2026-03-23 02:07:44
98,52,click,,0,2026-05-26 08:09:07
100,10,view,,0,2026-04-15 16:59:32
97,86,view,,0,2026-02-10 22:05:51
109,105,click,,0,2026-04-18 00:52:49
89,185,click,,0,2026-01-21 11:48:08
126,73,click,,0,2026-01-22 11:29:53
116,172,view,,0,2025-12-18 03:53:20
82,131,click,,0,2026-05-24 15:32:02
33,207,click,,0,2026-04-28 16:11:12
20,46,click,,0,2026-02-12 04:49:47
147,206,view,,0,2026-01-16 16:57:33
20,3,click,,0,2026-04-21 02:38:15
88,159,click,,0,2025-12-15 08:43:18
118,162,click,,0,2026-05-20 07:03:35
28,157,click,,0,2025-12-25 09:10:28
36,52,view,,0,2026-05-28 22:54:51
21,48,view,,0,2025-12-19 12:05:06
24,1,view,,0,2026-02-23 18:29:51
60,54,view,,0,2025-12-11 09:43:28
100,83,click,,0,2026-04-02 03:31:49
122,210,view,,0,2026-01-09 00:11:51
127,155,click,,0,2026-04-17 20:11:22
74,188,click,,0,2026-04-11 23:50:42
16,114,click,,0,2026-01-06 14:32:25
21,46,click,,0,2026-01-09 02:09:30
139,148,view,,0,2026-01-07 11:07:42
20,49,view,,0,2026-01-07 00:25:16
59,42,view,,0,2026-02-16 08:00:00
76,154,click,,0,2026-02-19 18:05:14
74,56,click,,0,2026-02-22 12:27:24
89,189,click,,0,2026-01-17 10:47:12
65,73,click,,0,2026-04-27 03:59:36
16,17,click,,0,2026-03-07 14:33:44
16,159,view,,0,2026-04-27 10:17:56
21,173,purchase,4.4,1,2026-04-29 03:14:02
23,82,view,,0,2026-03-25 21:38:19
93,179,view,,0,2026-04-12 22:46:50
17,146,view,,0,2026-01-21 15:45:38
82,116,view,,0,2026-02-09 05:38:22
123,95,click,,0,2026-03-08 17:27:40
126,81,rating,3.4,0,2026-03-17 16:52:16
44,11,click,,0,2026-04-14 20:22:35
120,119,purchase,4.8,1,2026-02-02 16:22:39
104,119,purchase,4.5,1,2026-05-19 09:04:02
37,189,click,,0,2026-04-26 10:32:25
7,36,click,,0,2026-05-03 18:17:48
39,103,click,,0,2026-02-10 17:02:47
45,39,purchase,4.2,1,2026-03-26 20:00:05
5,101,click,,0,2026-03-03 09:44:12
87,51,click,,0,2025-12-05 21:45:12
41,78,rating,4.1,0,2026-05-11 19:45:38
59,49,view,,0,2026-03-06 04:07:49
128,111,purchase,4.2,1,2026-02-24 04:27:44
16,91,click,,0,2025-12-22 06:45:48
83,181,view,,0,2026-03-04 06:17:54
37,61,purchase,4.8,1,2026-03-12 10:19:24
107,126,rating,4.3,0,2025-12-04 05:08:51
87,162,view,,0,2026-01-31 00:16:14
110,157,click,,0,2025-12-25 08:33:50
136,73,view,,0,2026-02-05 22:20:33
33,95,rating,3.1,0,2026-03-21 11:19:55
115,95,click,,0,2026-02-20 16:04:39
84,177,purchase,4.9,1,2026-01-16 00:36:56
122,202,click,,0,2026-01-25 04:05:05
148,204,view,,0,2026-02-03 23:34:08
33,83,view,,0,2026-05-02 11:12:41
59,182,view,,0,2026-03-26 19:31:28
64,126,click,,0,2026-03-21 01:52:23
5,81,purchase,4.4,1,2026-03-10 21:57:45
38,160,click,,0,2026-02-02 03:44:05
126,119,purchase,4.9,1,2026-03-28 17:01:57
69,18,click,,0,2026-02-26 23:27:56
50,203,click,,0,2026-04-30 04:55:16
37,94,view,,0,2026-05-15 07:37:18
122,64,view,,0,2026-01-14 01:31:22
84,92,view,,0,2026-05-10 20:43:55
144,38,click,,0,2026-05-02 20:56:51
82,125,view,,0,2026-01-31 16:50:40
138,52,view,,0,2026-05-10 17:28:06
49,153,click,,0,2026-03-29 04:35:52
16,189,click,,0,2026-05-22 12:02:56
130,73,view,,0,2026-01-18 21:32:00
109,180,purchase,4.3,1,2026-05-09 15:36:14
53,37,click,,0,2026-01-28 04:39:21
108,21,click,,0,2026-02-11 06:39:43
38,115,click,,0,2026-04-02 05:34:20
41,153,view,,0,2026-02-25 22:33:11
28,71,click,,0,2026-02-28 05:33:49
117,73,click,,0,2026-01-02 07:53:17
83,5,click,,0,2025-12-25 18:11:58
84,142,click,,0,2026-03-04 08:10:06
81,213,click,,0,2026-04-20 14:29:36
7,161,view,,0,2026-02-24 00:30:38
102,46,view,,0,2026-02-03 02:49:45
9,165,click,,0,2026-01-25 15:09:55
146,11,click,,0,2026-05-22 05:00:08
34,128,purchase,4.1,1,2025-12-14 02:24:24
27,134,purchase,4.2,1,2026-01-02 10:07:41
93,92,click,,0,2026-02-05 08:38:41
88,193,click,,0,2025-12-15 04:57:51
140,16,click,,0,2026-03-13 13:53:49
102,178,click,,0,2025-12-31 18:59:31
23,209,click,,0,2026-01-10 22:35:25
30,196,purchase,4.2,1,2026-05-27 16:15:34
15,166,click,,0,2026-04-13 10:09:26
14,165,view,,0,2026-05-14 08:52:51
123,11,click,,0,2025-12-09 21:16:04
60,40,click,,0,2026-05-19 17:27:34
82,83,view,,0,2026-02-14 22:42:46
102,5,view,,0,2026-03-10 18:38:14
127,7,view,,0,2026-04-10 17:28:20
107,141,click,,0,2025-12-14 21:26:16
10,54,click,,0,2026-01-15 06:17:22
2,90,click,,0,2026-04-16 23:27:07
95,131,view,,0,2026-05-25 04:23:44
102,55,click,,0,2025-12-31 06:16:40
73,69,click,,0,2026-03-19 17:05:10
100,41,click,,0,2026-05-12 19:16:05
66,86,click,,0,2026-01-08 17:04:47
67,101,view,,0,2025-12-24 20:04:32
116,8,view,,0,2026-02-26 05:05:49
132,198,click,,0,2026-02-18 11:22:13
29,11,view,,0,2026-02-14 22:22:17
53,52,click,,0,2026-04-28 05:26:56
77,214,view,,0,2026-04-14 15:10:52
78,93,click,,0,2026-03-01 18:05:04
59,146,purchase,4.3,1,2026-05-23 13:22:37
131,7,click,,0,2026-01-30 20:57:36
47,86,click,,0,2026-01-10 18:23:14
100,185,click,,0,2026-02-03 06:19:00
101,155,click,,0,2026-04-27 01:57:00
126,123,click,,0,2026-03-20 14:22:14
64,20,click,,0,2026-03-31 09:12:28
1,8,click,,0,2026-03-31 22:45:10
3,71,click,,0,2025-12-01 16:45:30
98,187,rating,3.2,0,2026-03-22 00:18:10
95,56,click,,0,2026-04-06 02:13:49
109,190,click,,0,2026-05-20 21:14:32
72,107,click,,0,2026-04-07 14:49:55
9,31,click,,0,2026-01-29 08:22:11
117,205,click,,0,2026-05-28 06:54:03
8,122,click,,0,2026-01-04 14:19:19
23,186,click,,0,2026-01-16 06:58:28
149,178,click,,0,2026-03-19 22:35:43
6,180,click,,0,2026-03-21 01:33:33
40,56,click,,0,2025-12-14 08:22:16
97,8,click,,0,2025-12-08 21:53:51
120,106,rating,4.2,0,2026-01-04 16:22:47
12,169,rating,4.8,0,2025-12-13 22:21:47
73,185,click,,0,2026-03-04 17:48:49
69,7,click,,0,2026-04-11 00:55:52
49,61,click,,0,2026-04-14 14:50:00
1,167,purchase,4.8,1,2025-12-10 06:20:33
112,144,click,,0,2026-04-17 04:41:03
60,184,view,,0,2026-05-15 10:48:30
74,94,click,,0,2025-12-18 20:45:45
117,211,click,,0,2026-03-03 10:36:29
96,169,click,,0,2026-05-25 19:30:14
142,139,click,,0,2025-12-29 23:42:19
89,105,click,,0,2026-01-04 11:26:21
96,120,view,,0,2026-02-07 03:53:18
38,209,view,,0,2026-04-11 07:31:38
127,173,click,,0,2026-03-16 23:52:08
111,23,click,,0,2026-03-28 14:56:43
36,86,click,,0,2026-05-30 06:13:02
120,116,click,,0,2026-04-27 01:13:34
43,11,click,,0,2026-02-06 09:19:28
38,154,click,,0,2026-02-06 00:55:04
41,205,click,,0,2026-03-23 02:18:55
53,212,click,,0,2026-04-15 07:19:45
108,29,click,,0,2026-03-09 01:19:52
134,27,click,,0,2026-03-23 10:34:24
141,171,view,,0,2026-01-02 16:16:50
86,126,click,,0,2025-12-24 09:36:25
96,141,click,,0,2026-02-16 09:21:48
101,57,click,,0,2026-03-23 17:49:10
105,177,rating,3.5,0,2026-04-26 15:15:47
117,40,view,,0,2026-05-12 17:03:49
49,184,purchase,5.0,1,2025-12-01 19:29:32
28,127,purchase,4.7,1,2025-12-29 17:27:35
79,62,click,,0,2026-04-27 11:00:00
54,139,click,,0,2026-04-04 15:10:05
49,7,click,,0,2025-12-04 20:18:17
31,54,view,,0,2026-01-06 18:12:16
19,18,click,,0,2026-01-19 21:48:06
31,109,view,,0,2026-02-09 02:51:05
3,179,click,,0,2026-03-27 17:32:58
100,96,click,,0,2026-01-11 04:09:14
123,163,click,,0,2026-03-31 01:54:16
126,9,click,,0,2026-03-08 18:51:32
8,66,click,,0,2026-04-16 17:53:37
99,193,view,,0,2026-03-16 08:43:00
109,177,view,,0,2026-03-25 16:54:49
90,176,rating,3.8,0,2026-03-06 21:43:01
125,195,click,,0,2026-05-26 14:23:58
65,140,click,,0,2025-12-19 13:41:34
25,117,view,,0,2026-02-13 10:56:55
62,155,click,,0,2026-03-02 19:42:54
80,142,view,,0,2026-05-01 14:33:35
116,56,click,,0,2026-03-30 20:50:37
3,176,click,,0,2025-12-26 15:01:39
8,130,click,,0,2026-02-25 23:54:28
47,119,view,,0,2026-01-24 01:06:02
100,206,click,,0,2026-05-30 07:26:08
13,65,click,,0,2026-03-25 10:05:33
133,126,purchase,4.3,1,2026-01-04 11:14:02
42,11,view,,0,2026-01-27 01:32:52
110,29,click,,0,2026-04-14 01:28:06
20,51,click,,0,2026-03-05 07:40:41
2,100,view,,0,2026-05-01 07:55:30
46,198,click,,0,2026-02-12 20:21:17
47,58,purchase,4.6,1,2026-02-05 17:33:25
127,59,click,,0,2026-04-19 07:23:36
30,26,click,,0,2026-01-02 15:01:43
145,7,click,,0,2026-02-24 18:23:43
111,6,click,,0,2026-04-18 06:08:18
95,163,click,,0,2026-03-17 05:32:10
122,9,click,,0,2026-01-24 20:29:33
109,18,click,,0,2025-12-14 08:27:11
92,122,click,,0,2026-02-17 15:02:00
63,36,click,,0,2025-12-25 04:39:56
23,147,view,,0,2026-01-06 23:13:19
115,169,click,,0,2026-03-17 16:52:50
68,123,rating,4.3,0,2025-12-14 16:06:45
150,106,click,,0,2025-12-24 04:36:48
60,52,click,,0,2025-12-30 07:35:18
101,3,click,,0,2026-02-11 21:42:02
4,29,view,,0,2026-03-13 13:21:19
150,136,click,,0,2025-12-03 09:59:35
36,82,click,,0,2026-05-29 11:38:04
123,206,click,,0,2026-01-12 03:58:50
122,123,click,,0,2026-03-04 15:46:40
45,100,view,,0,2026-03-19 02:01:57
139,206,click,,0,2025-12-15 11:13:06
33,131,purchase,4.1,1,2025-12-29 22:20:22
132,19,click,,0,2026-03-21 15:11:56
106,215,click,,0,2026-04-02 04:19:51
58,212,click,,0,2026-01-21 15:54:20
111,11,click,,0,2026-05-19 18:19:28
102,8,view,,0,2026-01-08 02:19:18
96,101,view,,0,2026-02-27 01:03:58
58,192,click,,0,2026-05-26 22:00:27
131,105,purchase,4.6,1,2026-04-06 03:28:59
62,154,click,,0,2026-03-12 21:57:17
20,111,click,,0,2026-03-28 04:05:10
17,144,view,,0,2025-12-18 04:06:34
38,198,click,,0,2026-04-05 05:51:19
72,101,click,,0,2026-01-25 05:29:34
88,78,click,,0,2026-05-13 02:16:07
84,79,purchase,4.5,1,2026-05-16 19:04:07
99,194,view,,0,2026-05-19 20:36:34
144,175,click,,0,2026-03-29 05:10:22
147,36,click,,0,2026-03-02 19:56:29
126,88,click,,0,2026-03-15 03:27:30
17,65,click,,0,2026-04-02 20:37:56
70,74,click,,0,2026-03-27 02:58:35
81,83,click,,0,2026-05-26 20:39:17
49,90,click,,0,2026-01-30 04:23:51
86,133,click,,0,2026-04-11 23:34:08
68,154,view,,0,2026-02-21 23:59:22
49,197,purchase,4.1,1,2026-03-30 17:45:05
76,49,view,,0,2026-04-14 02:50:52
139,142,click,,0,2026-02-02 01:20:47
119,149,click,,0,2026-03-12 16:36:53
75,164,click,,0,2026-01-18 15:56:38
87,47,view,,0,2026-05-22 23:42:26
128,96,click,,0,2026-01-18 09:27:02
70,146,click,,0,2026-02-28 20:10:42
38,66,click,,0,2026-03-29 08:48:11
32,97,click,,0,2026-05-08 14:06:09
101,1,click,,0,2025-12-14 14:50:34
66,127,purchase,4.6,1,2026-02-28 00:03:07
71,131,click,,0,2026-03-21 21:14:23
69,14,view,,0,2026-02-22 17:58:28
126,153,click,,0,2025-12-22 16:23:58
100,81,click,,0,2025-12-24 21:22:01
32,93,view,,0,2026-04-28 07:09:02
14,11,click,,0,2026-05-15 04:50:04
28,141,click,,0,2026-03-15 15:01:56
25,191,click,,0,2026-04-14 01:04:52
11,170,click,,0,2026-03-21 17:06:33
29,87,view,,0,2026-04-01 22:26:33
73,111,click,,0,2026-01-17 10:21:55
147,193,purchase,4.4,1,2026-01-22 11:47:34
61,39,click,,0,2025-12-06 03:41:16
82,196,click,,0,2026-01-13 09:23:36
99,53,view,,0,2026-03-16 21:16:18
42,24,view,,0,2026-03-22 14:53:12
70,208,click,,0,2026-03-06 02:50:11
64,217,click,,0,2026-02-18 14:41:08
118,157,purchase,4.9,1,2026-01-02 20:39:51
72,28,click,,0,2025-12-02 07:28:47
79,112,purchase,4.8,1,2026-03-24 06:01:15
115,55,click,,0,2026-01-15 18:45:17
21,105,click,,0,2026-04-19 00:51:19
39,190,click,,0,2026-05-23 03:38:45
98,6,view,,0,2026-03-16 19:11:24
53,173,click,,0,2026-03-07 03:21:45
135,88,click,,0,2026-02-02 05:42:57
130,158,view,,0,2026-02-15 00:27:44
53,96,view,,0,2025-12-29 18:12:22
97,44,click,,0,2026-05-03 17:23:10
56,81,click,,0,2026-02-08 07:03:02
64,184,purchase,4.4,1,2026-01-27 03:22:32
121,7,purchase,4.2,1,2026-04-13 23:59:58
17,116,view,,0,2026-04-19 03:51:34
100,147,click,,0,2026-02-06 17:23:20
6,126,view,,0,2026-02-24 09:58:53
109,23,click,,0,2026-02-24 14:58:13
59,69,purchase,4.3,1,2026-02-10 21:10:10
41,44,purchase,4.6,1,2026-01-13 05:57:55
136,208,view,,0,2026-01-08 16:47:57
98,94,view,,0,2025-12-11 00:18:37
24,182,click,,0,2026-05-28 12:53:02
142,13,click,,0,2026-01-19 07:37:16
66,116,click,,0,2025-12-30 15:14:28
112,72,purchase,4.2,1,2026-05-19 19:54:32
80,43,click,,0,2026-03-12 18:27:25
24,159,click,,0,2025-12-11 19:44:04
46,74,click,,0,2026-03-18 02:17:34
109,43,click,,0,2026-01-16 13:41:48
51,155,click,,0,2026-04-19 01:20:25
26,69,view,,0,2026-05-09 09:33:37
137,32,click,,0,2026-05-01 23:23:37
95,186,click,,0,2026-01-05 10:33:37
48,63,click,,0,2026-05-03 11:58:22
44,197,click,,0,2026-01-23 13:53:55
6,129,purchase,4.4,1,2026-03-09 15:53:59
43,13,click,,0,2026-03-02 18:43:27
34,62,view,,0,2026-05-18 00:28:21
95,147,click,,0,2026-05-02 18:29:32
63,117,view,,0,2026-01-04 16:56:56
64,42,view,,0,2026-04-04 23:57:52
11,18,click,,0,2026-02-12 23:38:33
74,118,view,,0,2026-03-14 09:32:03
102,141,view,,0,2026-03-16 20:08:32
135,120,purchase,4.4,1,2026-04-06 09:35:56
148,184,view,,0,2026-05-13 08:20:32
65,135,click,,0,2026-02-18 20:37:57
128,33,click,,0,2026-05-06 23:32:04
19,154,view,,0,2026-02-11 01:23:39
30,155,click,,0,2026-05-26 06:25:45
97,77,click,,0,2026-02-12 05:55:31
125,51,click,,0,2026-04-26 09:25:07
112,199,view,,0,2026-04-04 16:07:26
116,152,view,,0,2026-05-04 04:49:27
36,167,click,,0,2026-05-04 19:54:22
63,37,purchase,4.9,1,2025-12-04 21:02:28
65,125,click,,0,2026-02-17 05:18:13
120,96,click,,0,2026-05-22 00:55:08
34,107,click,,0,2025-12-11 16:00:18
38,164,click,,0,2026-05-29 21:01:32
96,14,click,,0,2026-02-07 18:25:09
99,168,click,,0,2026-05-20 01:03:17
76,91,click,,0,2026-05-10 03:17:26
123,11,view,,0,2026-05-19 08:49:07
18,91,click,,0,2026-02-04 01:23:39
130,43,rating,3.3,0,2025-12-03 20:14:22
144,70,click,,0,2025-12-13 07:48:27
56,162,click,,0,2026-03-12 21:10:27
115,104,view,,0,2026-02-04 13:27:27
118,89,click,,0,2026-04-01 10:23:05
95,14,click,,0,2026-05-06 06:41:18
32,113,click,,0,2026-04-27 23:32:43
132,10,view,,0,2026-04-10 01:59:25
145,130,rating,3.3,0,2025-12-14 18:18:16
97,85,view,,0,2026-04-08 23:24:32
69,37,view,,0,2025-12-29 07:27:59
51,24,click,,0,2026-03-31 11:33:25
101,57,click,,0,2025-12-09 19:56:36
4,35,click,,0,2026-01-08 11:07:09
50,107,view,,0,2026-05-05 22:31:19
39,110,click,,0,2026-03-17 22:10:47
54,1,click,,0,2025-12-14 13:21:36
10,68,click,,0,2026-04-21 21:53:18
17,57,purchase,4.2,1,2026-03-02 15:10:52
127,30,view,,0,2025-12-17 05:23:57
88,158,rating,4.7,0,2026-04-22 01:04:33
67,148,click,,0,2026-03-20 03:49:56
85,162,click,,0,2026-04-09 19:33:58
40,171,view,,0,2026-04-13 02:51:55
134,175,view,,0,2026-01-24 20:47:00
63,58,click,,0,2026-05-08 22:34:18
124,70,purchase,4.3,1,2026-02-03 10:01:15
104,14,click,,0,2026-03-26 14:12:09
66,28,click,,0,2026-05-10 17:09:14
58,217,click,,0,2026-05-02 19:58:44
64,119,click,,0,2026-05-26 11:08:01
26,179,click,,0,2026-03-16 23:35:33
106,191,click,,0,2026-02-17 08:09:12
85,77,click,,0,2025-12-17 10:48:13
124,170,view,,0,2025-12-14 13:47:25
15,112,view,,0,2026-02-18 12:27:37
40,107,rating,3.7,0,2026-03-03 13:51:55
95,31,click,,0,2026-01-30 12:07:57
126,102,click,,0,2026-03-25 22:57:54
111,61,click,,0,2026-01-26 07:44:59
43,87,click,,0,2026-01-01 14:36:09
97,22,click,,0,2025-12-21 05:49:22
3,39,click,,0,2026-03-16 15:01:22
24,204,view,,0,2026-05-07 14:43:33
39,14,click,,0,2025-12-02 02:26:29
9,35,rating,3.7,0,2026-01-27 06:50:38
92,171,click,,0,2026-03-22 18:24:52
43,80,click,,0,2026-02-03 19:17:10
150,22,view,,0,2025-12-09 08:51:41
50,203,purchase,4.8,1,2026-01-03 16:39:56
126,28,click,,0,2026-01-22 14:33:49
135,19,view,,0,2026-05-12 05:11:36
36,17,view,,0,2026-03-01 11:21:31
67,41,view,,0,2026-04-05 15:28:25
132,25,view,,0,2026-03-08 02:10:41
73,9,purchase,4.7,1,2026-02-16 02:03:38
122,208,click,,0,2026-02-27 13:33:23
131,79,view,,0,2026-01-27 17:14:15
103,108,purchase,4.8,1,2026-05-07 09:26:51
80,171,click,,0,2026-02-03 02:49:31
119,39,click,,0,2026-04-17 06:01:30
21,16,purchase,4.1,1,2026-03-25 19:30:57
115,33,view,,0,2025-12-30 16:37:39
73,198,view,,0,2026-02-04 07:20:24
149,62,click,,0,2026-04-20 05:49:17
105,32,view,,0,2026-04-05 19:25:16
142,187,click,,0,2026-03-25 19:27:30
54,122,click,,0,2026-04-08 02:44:32
41,101,click,,0,2026-01-07 21:06:56
13,9,purchase,4.3,1,2026-05-14 00:37:25
48,209,click,,0,2026-03-08 07:46:37
102,201,purchase,4.4,1,2026-04-18 09:33:14
84,191,click,,0,2026-04-18 01:21:54
81,193,purchase,4.2,1,2026-03-21 17:06:57
43,65,click,,0,2026-02-20 10:29:14
86,38,purchase,4.2,1,2025-12-09 20:34:01
127,72,click,,0,2026-05-26 21:04:14
47,107,view,,0,2025-12-09 03:53:59
93,183,view,,0,2026-02-06 07:02:15
96,87,click,,0,2025-12-02 05:28:15
129,52,click,,0,2026-01-11 16:19:59
130,71,click,,0,2026-03-14 18:44:36
136,152,purchase,4.2,1,2026-03-30 15:00:08
11,117,click,,0,2026-04-20 07:59:47
75,138,click,,0,2026-04-27 10:52:27
73,86,click,,0,2025-12-05 04:12:13
17,122,purchase,4.9,1,2026-05-11 18:42:36
147,60,click,,0,2026-05-29 22:37:23
58,116,click,,0,2026-01-22 02:18:28
10,210,view,,0,2026-01-15 06:08:07
149,66,click,,0,2026-02-16 08:40:26
136,59,click,,0,2025-12-09 13:39:48
116,62,click,,0,2026-02-16 18:46:33
13,20,view,,0,2026-05-06 12:07:41
138,209,click,,0,2026-05-25 08:39:34
107,5,purchase,4.7,1,2026-03-09 03:02:49
79,197,view,,0,2026-03-28 06:03:30
128,149,click,,0,2026-01-12 03:17:53
142,74,click,,0,2026-05-02 02:15:43
61,100,view,,0,2026-03-20 14:01:13
46,140,click,,0,2026-04-08 02:22:24
110,21,view,,0,2026-02-03 12:54:57
123,6,click,,0,2025-12-21 00:13:51
67,44,click,,0,2026-04-08 08:41:11
66,107,purchase,4.2,1,2026-01-02 03:02:35
42,93,view,,0,2025-12-20 15:34:59
74,80,view,,0,2026-03-17 00:06:23
18,20,purchase,4.9,1,2025-12-31 21:42:59
1,62,view,,0,2025-12-14 12:12:49
70,46,view,,0,2025-12-23 17:03:36
87,32,view,,0,2026-03-08 21:02:28
137,120,click,,0,2026-03-10 21:07:10
72,202,click,,0,2025-12-17 20:46:17
24,91,click,,0,2026-01-04 22:47:27
49,140,view,,0,2026-01-19 07:05:04
23,17,click,,0,2026-01-02 05:03:01
42,134,view,,0,2026-05-08 23:54:18
50,123,view,,0,2026-05-30 06:11:35
90,8,purchase,4.8,1,2026-02-05 18:04:17
111,27,click,,0,2026-05-07 10:53:18
104,55,click,,0,2026-01-03 05:25:40
124,199,view,,0,2026-03-25 13:19:26
18,191,view,,0,2026-01-14 17:27:04
127,143,click,,0,2026-04-30 09:05:03
83,165,click,,0,2026-02-11 07:46:36
11,10,click,,0,2026-02-27 15:25:30
147,91,rating,4.9,0,2025-12-05 00:30:19
87,107,view,,0,2026-04-26 06:43:17
81,119,click,,0,2025-12-18 05:53:33
25,153,click,,0,2026-03-12 18:29:09
30,152,click,,0,2025-12-28 01:26:58
142,142,view,,0,2026-04-21 15:40:13
31,160,click,,0,2026-05-08 03:27:09
82,63,click,,0,2026-01-31 07:00:38
109,76,purchase,4.1,1,2025-12-09 06:10:55
77,171,view,,0,2025-12-28 06:48:18
98,40,click,,0,2026-01-25 04:43:20
106,20,click,,0,2026-03-14 19:10:40
128,79,click,,0,2026-04-24 02:58:19
6,7,click,,0,2026-01-26 01:38:01
24,36,view,,0,2026-03-13 15:10:43
26,93,click,,0,2025-12-23 17:04:34
68,197,click,,0,2026-02-04 12:15:56
32,47,click,,0,2026-03-23 14:59:08
21,60,click,,0,2025-12-11 05:26:15
141,194,purchase,4.1,1,2026-03-16 19:23:04
141,148,view,,0,2026-05-19 16:36:29
77,142,click,,0,2026-04-08 10:44:56
104,193,click,,0,2025-12-09 14:33:51
108,24,click,,0,2026-04-08 10:44:19
14,36,click,,0,2025-12-15 01:06:03
2,28,click,,0,2026-05-23 18:57:01
121,208,click,,0,2026-02-09 19:41:36
28,68,click,,0,2026-01-01 12:48:29
144,204,click,,0,2026-01-18 18:30:03
44,48,purchase,4.7,1,2026-04-06 14:52:36
27,162,click,,0,2026-05-08 10:03:54
56,187,click,,0,2026-04-18 04:59:09
131,62,click,,0,2026-02-18 21:42:53
134,70,view,,0,2026-03-23 16:17:16
49,127,click,,0,2026-03-18 00:32:46
111,55,view,,0,2026-03-30 18:42:12
50,212,click,,0,2026-03-14 04:21:09
35,104,click,,0,2026-03-26 09:54:09
149,74,click,,0,2026-01-23 00:01:25
32,181,click,,0,2026-02-21 07:06:02
128,1,click,,0,2025-12-23 22:50:19
49,192,view,,0,2026-01-19 19:28:56
148,48,view,,0,2026-05-08 20:18:31
31,172,click,,0,2026-01-19 00:06:49
11,60,view,,0,2026-01-19 05:46:47
19,176,click,,0,2026-02-16 08:14:13
56,71,click,,0,2025-12-23 13:31:52
54,184,view,,0,2025-12-23 04:57:35
4,106,click,,0,2025-12-22 11:09:15
115,37,view,,0,2025-12-30 05:43:32
32,95,rating,3.8,0,2026-02-02 19:50:38
133,175,click,,0,2026-01-24 02:36:29
52,163,click,,0,2025-12-30 00:43:46
91,49,view,,0,2026-05-19 14:58:48
63,126,purchase,4.4,1,2026-03-06 15:12:58
65,1,click,,0,2026-02-23 20:00:27
16,201,view,,0,2026-05-23 07:27:33
118,135,click,,0,2026-01-26 19:53:29
29,74,click,,0,2025-12-29 00:24:49
46,110,click,,0,2026-04-30 00:45:48
136,17,click,,0,2026-03-25 13:55:47
78,165,click,,0,2026-01-14 06:06:04
71,215,rating,3.5,0,2026-03-04 06:55:38
123,57,purchase,4.0,1,2026-02-24 18:32:40
61,166,click,,0,2026-03-06 01:11:03
142,131,purchase,4.1,1,2026-04-05 08:07:52
95,134,view,,0,2026-01-20 04:13:13
70,169,view,,0,2026-03-11 23:41:16
104,6,click,,0,2025-12-13 22:09:54
28,62,click,,0,2026-05-25 05:18:44
63,194,purchase,4.9,1,2026-04-10 11:54:09
148,205,click,,0,2026-05-30 04:52:24
47,161,rating,3.0,0,2026-03-08 05:04:22
6,84,view,,0,2026-04-29 22:09:06
142,108,click,,0,2026-03-21 23:33:28
124,50,click,,0,2026-01-07 01:55:49
79,185,click,,0,2026-04-29 01:58:05
70,151,view,,0,2026-01-09 10:17:47
145,145,click,,0,2026-02-08 23:55:49
121,160,purchase,4.3,1,2026-01-08 19:23:34
87,92,view,,0,2026-03-03 05:31:19
137,86,click,,0,2026-03-07 10:57:44
144,5,click,,0,2026-04-14 15:05:08
145,36,click,,0,2026-01-15 14:40:15
12,53,click,,0,2026-03-02 09:28:41
19,27,rating,4.1,0,2026-04-12 22:13:16
35,57,click,,0,2026-04-24 00:09:27
95,25,click,,0,2025-12-08 19:21:23
105,31,view,,0,2026-01-25 03:31:25
116,54,click,,0,2025-12-19 20:22:34
61,157,click,,0,2025-12-24 18:15:53
65,203,click,,0,2026-03-27 21:06:13
62,12,view,,0,2026-03-04 03:05:34
139,43,view,,0,2026-04-08 07:56:25
2,216,view,,0,2026-03-06 18:10:47
56,204,purchase,4.1,1,2026-02-19 15:52:59
129,150,purchase,4.3,1,2026-01-15 05:27:56
110,179,purchase,4.8,1,2026-02-07 10:58:48
143,179,click,,0,2026-01-02 14:22:52
25,161,click,,0,2026-03-22 17:02:56
71,50,view,,0,2026-01-04 02:36:36
60,189,view,,0,2025-12-10 11:22:51
51,212,click,,0,2026-01-11 07:03:19
76,118,view,,0,2025-12-13 14:16:37
58,159,click,,0,2025-12-27 19:35:58
53,94,view,,0,2026-04-02 11:21:15
77,214,click,,0,2026-04-14 01:14:47
17,214,click,,0,2026-05-25 16:24:28
97,2,click,,0,2026-01-03 23:22:48
137,45,view,,0,2026-04-13 14:26:02
108,28,view,,0,2025-12-18 04:02:17
55,19,click,,0,2025-12-31 13:11:35
112,59,view,,0,2026-04-16 13:29:39
69,183,view,,0,2026-03-12 17:18:36
136,152,rating,4.2,0,2026-05-25 06:14:29
85,116,view,,0,2026-01-01 06:14:17
137,170,click,,0,2026-03-21 20:29:38
115,109,view,,0,2026-01-04 02:55:17
114,72,click,,0,2026-02-01 00:07:24
55,188,view,,0,2026-05-05 17:04:17
6,51,click,,0,2026-02-18 11:57:16
138,120,purchase,4.1,1,2025-12-19 08:55:12
33,14,view,,0,2026-01-15 07:22:12
137,29,click,,0,2026-03-20 10:48:19
149,183,view,,0,2026-04-23 22:14:11
14,133,click,,0,2026-01-05 14:36:30
60,205,click,,0,2025-12-26 05:54:25
13,131,view,,0,2026-05-17 08:41:48
19,62,click,,0,2026-03-16 08:38:58
87,135,click,,0,2026-03-16 01:57:19
67,86,click,,0,2026-03-18 06:48:29
46,12,click,,0,2026-02-22 18:02:13
53,36,view,,0,2026-05-06 14:21:35
23,133,view,,0,2025-12-30 09:36:56
19,109,view,,0,2026-04-20 16:26:38
21,189,click,,0,2026-04-28 07:13:17
43,175,rating,3.7,0,2026-01-24 08:25:04
9,196,view,,0,2025-12-03 22:26:45
7,208,click,,0,2026-04-21 02:33:28
83,43,view,,0,2026-04-27 19:11:33
150,21,view,,0,2025-12-17 17:48:36
124,207,click,,0,2025-12-20 18:38:30
138,166,click,,0,2026-02-11 20:12:49
7,185,rating,3.6,0,2025-12-30 18:43:02
30,204,click,,0,2026-05-28 05:28:11
75,193,click,,0,2026-01-27 10:10:32
22,140,click,,0,2026-05-08 12:28:39
148,139,click,,0,2026-03-04 06:39:44
134,197,click,,0,2025-12-16 13:42:50
74,129,view,,0,2026-04-01 09:50:10
81,98,click,,0,2026-03-02 17:49:37
112,120,click,,0,2025-12-06 19:03:15
13,1,click,,0,2026-04-09 06:01:50
63,97,view,,0,2026-02-06 18:10:18
23,93,click,,0,2026-04-21 06:19:44
136,39,click,,0,2026-02-18 09:00:19
32,61,click,,0,2026-02-19 21:18:18
69,131,rating,3.7,0,2026-01-14 22:32:51
13,94,view,,0,2026-01-30 22:00:28
148,97,click,,0,2026-04-22 08:53:42
11,161,click,,0,2026-03-02 21:59:50
54,62,view,,0,2026-02-19 08:18:27
143,118,click,,0,2026-03-31 17:13:38
5,198,view,,0,2026-04-01 22:37:13
135,48,click,,0,2025-12-26 02:49:45
69,206,purchase,4.9,1,2025-12-10 19:41:15
65,214,click,,0,2026-03-14 08:03:21
143,136,click,,0,2026-04-24 02:24:09
67,165,click,,0,2026-01-05 03:40:05
122,128,purchase,4.5,1,2026-05-21 15:55:37
97,184,click,,0,2026-04-29 00:31:34
17,103,click,,0,2026-01-22 16:45:00
17,37,click,,0,2026-04-15 23:18:46
76,186,click,,0,2026-01-03 21:01:52
79,105,click,,0,2026-01-28 11:34:07
63,108,view,,0,2026-04-27 14:09:50
95,185,view,,0,2026-04-21 12:31:26
111,55,click,,0,2025-12-21 21:49:19
65,22,purchase,4.8,1,2026-03-01 09:37:42
75,162,click,,0,2026-02-15 09:41:26
96,194,purchase,4.0,1,2026-01-27 03:03:49
104,202,view,,0,2026-01-15 04:17:59
95,88,view,,0,2026-03-17 05:27:51
76,50,purchase,4.0,1,2026-05-18 18:05:15
22,121,click,,0,2026-02-12 22:55:30
72,75,click,,0,2026-03-11 07:22:29
136,130,purchase,4.8,1,2026-05-28 14:51:45
28,95,click,,0,2026-01-17 13:55:18
129,133,view,,0,2026-01-05 08:22:22
71,85,rating,3.9,0,2026-04-21 13:45:51
16,173,click,,0,2026-04-14 08:13:32
75,176,click,,0,2026-04-04 19:02:55
75,62,purchase,4.2,1,2026-01-10 10:24:18
91,50,click,,0,2026-05-11 13:55:23
81,182,click,,0,2025-12-25 10:06:58
57,207,view,,0,2025-12-29 03:45:39
24,25,click,,0,2026-04-18 19:38:17
135,120,purchase,4.1,1,2026-04-20 17:59:26
13,156,click,,0,2026-01-09 06:20:42
24,162,click,,0,2026-04-12 12:04:19
56,35,view,,0,2026-02-18 08:07:31
58,11,click,,0,2026-05-22 00:54:57
9,186,rating,4.8,0,2025-12-16 14:49:02
130,128,rating,5.0,0,2026-04-27 23:06:23
25,119,purchase,4.8,1,2026-03-08 22:04:06
135,3,purchase,4.2,1,2025-12-03 18:26:56
7,208,click,,0,2025-12-07 09:43:11
86,200,click,,0,2026-02-20 06:51:36
33,215,click,,0,2026-03-27 15:51:08
4,63,click,,0,2026-04-14 08:52:31
121,164,click,,0,2026-04-17 04:10:46
73,211,click,,0,2026-03-27 10:36:41
107,1,view,,0,2026-05-22 00:26:34
55,101,view,,0,2026-02-11 03:16:30
89,35,click,,0,2026-05-22 17:13:57
80,155,view,,0,2025-12-15 11:11:28
135,164,click,,0,2026-04-30 13:52:37
28,139,click,,0,2026-01-27 10:40:03
102,136,click,,0,2026-03-04 09:18:42
7,151,view,,0,2025-12-28 17:52:10
105,50,view,,0,2026-01-03 19:46:15
41,56,view,,0,2026-03-29 11:31:38
38,19,click,,0,2026-01-17 07:51:31
86,87,click,,0,2026-02-20 21:59:20
66,10,view,,0,2026-04-15 17:35:33
76,34,click,,0,2026-03-12 14:35:58
11,213,view,,0,2026-02-10 22:17:37
87,61,purchase,4.4,1,2026-03-07 07:21:01
12,133,click,,0,2026-04-15 09:31:36
33,110,view,,0,2026-05-02 05:12:26
11,50,rating,4.0,0,2026-05-20 13:42:47
53,93,click,,0,2026-02-15 12:59:39
23,210,view,,0,2026-05-19 20:57:52
99,40,click,,0,2026-04-13 16:37:02
83,191,click,,0,2026-01-12 00:40:59
45,197,click,,0,2026-01-13 03:28:58
88,92,view,,0,2025-12-11 19:17:39
131,141,click,,0,2026-01-06 07:26:17
28,125,view,,0,2026-04-02 07:50:54
109,196,view,,0,2026-03-20 16:53:31
37,160,rating,4.7,0,2026-01-11 15:23:11
75,192,click,,0,2025-12-09 12:43:14
78,142,view,,0,2025-12-02 15:49:29
115,200,click,,0,2026-01-08 09:08:31
61,123,view,,0,2026-05-18 05:48:38
141,189,click,,0,2026-05-24 05:46:26
105,12,click,,0,2026-01-11 20:31:22
96,158,click,,0,2026-04-21 06:08:01
27,171,click,,0,2026-02-11 15:39:43
5,156,click,,0,2026-05-10 08:42:32
95,145,view,,0,2026-03-24 11:38:29
75,74,click,,0,2026-03-23 04:09:20
5,183,rating,4.2,0,2026-02-27 16:21:00
43,104,click,,0,2026-04-27 12:56:55
147,160,click,,0,2026-04-02 05:54:38
147,207,purchase,4.7,1,2026-02-12 16:23:09
142,165,view,,0,2026-03-29 02:38:03
117,23,click,,0,2026-05-23 08:27:35
38,138,click,,0,2026-05-02 20:13:55
99,164,click,,0,2026-03-22 03:20:00
85,145,click,,0,2025-12-21 16:28:04
129,80,view,,0,2026-03-22 06:41:25
50,45,click,,0,2026-05-23 14:55:47
48,215,view,,0,2026-05-02 05:20:19
58,76,click,,0,2026-05-02 06:14:19
111,104,click,,0,2026-03-21 04:44:57
15,105,view,,0,2026-04-01 12:27:34
143,122,click,,0,2025-12-31 19:04:13
31,118,click,,0,2026-04-29 00:14:27
8,165,click,,0,2026-02-25 12:32:01
56,80,purchase,4.7,1,2026-03-20 18:14:16
134,156,click,,0,2026-01-13 11:50:24
93,167,purchase,4.5,1,2026-01-18 01:39:30
144,194,view,,0,2025-12-05 02:16:00
73,212,purchase,5.0,1,2025-12-02 07:01:54
31,37,view,,0,2026-05-25 21:29:49
112,88,click,,0,2025-12-07 12:14:39
38,104,view,,0,2026-03-26 08:42:00
140,174,click,,0,2025-12-30 03:58:36
69,24,click,,0,2026-05-02 20:33:31
147,97,click,,0,2026-02-06 15:12:49
19,213,click,,0,2026-01-12 18:17:34
124,208,click,,0,2026-02-22 09:48:10
38,197,view,,0,2026-01-07 15:30:50
81,147,rating,4.5,0,2026-02-05 02:33:37
65,216,view,,0,2026-01-07 23:41:22
103,139,click,,0,2025-12-30 14:52:51
80,131,view,,0,2026-01-23 11:52:00
11,8,rating,4.0,0,2026-05-12 08:35:05
58,1,view,,0,2025-12-02 23:04:06
132,112,click,,0,2026-03-28 06:44:44
100,17,click,,0,2025-12-12 09:44:09
100,129,click,,0,2026-01-09 22:22:33
50,209,click,,0,2026-03-30 12:19:39
7,13,click,,0,2025-12-14 13:19:59
15,157,click,,0,2026-04-06 13:56:31
76,162,click,,0,2026-03-29 11:21:57
83,14,click,,0,2026-02-27 16:29:06
46,162,click,,0,2026-03-13 00:30:51
150,114,click,,0,2026-04-05 08:59:32
37,13,click,,0,2026-04-22 10:39:02
72,70,purchase,4.4,1,2025-12-04 23:05:28
73,101,click,,0,2026-01-02 05:08:39
115,36,click,,0,2026-04-21 16:13:05
106,172,click,,0,2025-12-26 22:41:31
89,5,view,,0,2026-03-19 13:21:58
126,186,view,,0,2026-04-02 03:14:28
99,13,click,,0,2026-01-01 22:53:49
18,197,click,,0,2026-05-01 17:14:40
102,135,click,,0,2026-04-11 16:43:44
18,50,click,,0,2026-01-09 05:30:29
60,23,rating,3.6,0,2025-12-27 10:58:51
44,52,purchase,4.4,1,2026-02-06 15:19:27
120,140,click,,0,2025-12-17 01:35:01
53,43,click,,0,2026-04-12 08:34:32
42,1,click,,0,2026-02-13 10:50:53
109,61,click,,0,2026-05-10 22:16:22
82,34,click,,0,2026-03-02 12:28:59
147,89,click,,0,2026-02-12 16:54:47
56,115,purchase,4.5,1,2025-12-16 03:08:42
79,68,click,,0,2026-03-26 18:13:14
44,149,click,,0,2026-02-02 10:06:32
102,76,click,,0,2026-03-10 18:44:17
25,111,click,,0,2026-01-24 04:07:58
14,61,click,,0,2026-02-27 09:58:07
65,213,click,,0,2025-12-21 10:16:35
137,28,purchase,4.7,1,2025-12-29 05:25:31
128,171,click,,0,2026-03-11 09:17:19
48,20,view,,0,2025-12-04 10:01:18
24,126,view,,0,2026-05-24 08:17:48
138,212,click,,0,2026-01-06 02:43:21
50,67,purchase,4.4,1,2026-03-12 13:24:27
147,140,view,,0,2026-02-05 17:52:12
126,201,view,,0,2026-04-22 16:29:09
113,60,click,,0,2026-04-27 20:41:01
60,211,click,,0,2026-03-16 10:18:48
30,132,click,,0,2026-01-05 02:36:12
82,105,click,,0,2025-12-07 08:35:43
147,193,rating,3.0,0,2026-02-27 00:12:13
140,185,click,,0,2026-04-04 07:43:08
31,117,view,,0,2026-03-04 13:51:09
104,128,purchase,4.5,1,2026-01-16 12:19:13
38,203,click,,0,2025-12-04 16:46:17
1,97,click,,0,2026-03-16 16:11:20
44,47,view,,0,2026-01-14 04:12:07
84,173,click,,0,2026-01-01 14:43:11
101,174,view,,0,2026-05-20 07:17:22
4,199,click,,0,2026-02-04 18:09:54
115,27,click,,0,2026-04-14 01:11:22
146,39,click,,0,2026-04-22 22:21:48
45,19,click,,0,2026-03-22 11:59:16
146,102,view,,0,2026-02-28 09:12:37
11,143,click,,0,2026-03-26 09:15:43
69,61,view,,0,2026-02-23 04:28:40
139,74,click,,0,2026-05-02 19:23:11
5,41,purchase,4.0,1,2025-12-26 07:59:24
85,205,rating,4.4,0,2025-12-08 06:45:03
59,170,click,,0,2026-05-14 03:37:05
65,130,view,,0,2026-01-27 08:54:56
77,156,view,,0,2026-02-05 06:36:28
132,142,click,,0,2026-04-02 22:28:17
22,73,click,,0,2026-02-07 00:49:23
140,130,rating,4.5,0,2026-02-28 14:36:54
10,178,click,,0,2026-04-07 20:27:23
92,46,purchase,4.4,1,2026-01-16 09:12:09
100,123,click,,0,2026-01-08 18:05:16
48,7,click,,0,2026-03-31 05:32:17
98,200,rating,3.1,0,2025-12-16 20:10:57
119,127,click,,0,2026-03-30 05:31:59
99,139,purchase,4.6,1,2025-12-30 19:22:42
112,130,view,,0,2026-03-08 05:57:20
40,215,click,,0,2026-05-12 15:50:47
133,148,click,,0,2026-01-08 18:51:22
10,203,click,,0,2026-04-05 14:44:08
135,1,view,,0,2026-02-17 02:17:42
61,95,view,,0,2025-12-11 18:27:19
8,170,purchase,4.8,1,2026-05-24 10:23:46
100,98,view,,0,2026-04-21 23:59:19
117,146,click,,0,2025-12-09 03:16:43
32,43,purchase,4.2,1,2026-01-24 23:43:51
88,96,click,,0,2026-01-22 19:11:14
135,101,click,,0,2026-03-01 03:39:56
51,36,view,,0,2026-02-08 05:54:22
76,48,click,,0,2026-04-04 15:24:48
35,175,view,,0,2026-03-15 03:17:26
69,203,view,,0,2026-02-15 16:42:07
57,50,rating,4.8,0,2026-03-17 18:06:25
27,88,click,,0,2026-02-18 07:41:23
21,176,purchase,4.2,1,2026-04-12 20:12:41
87,185,click,,0,2026-03-05 13:04:07
88,100,rating,3.3,0,2026-01-03 06:09:23
57,178,click,,0,2026-01-13 20:34:10
95,27,purchase,4.9,1,2026-01-14 02:32:58
28,144,click,,0,2026-04-18 16:25:17
94,7,click,,0,2026-04-06 02:27:26
68,99,click,,0,2026-05-15 18:34:15
5,157,view,,0,2026-02-01 22:04:45
74,212,click,,0,2026-01-21 12:21:26
50,79,view,,0,2026-04-02 16:00:05
132,212,click,,0,2026-03-23 17:33:50
29,124,click,,0,2026-03-28 00:15:40
13,51,view,,0,2026-03-12 23:16:43
86,149,click,,0,2026-01-16 12:38:16
10,23,click,,0,2026-05-13 12:42:00
101,79,click,,0,2025-12-18 19:47:23
117,28,view,,0,2026-02-03 03:33:45
52,28,view,,0,2026-01-12 18:07:26
94,159,click,,0,2026-05-22 18:14:03
108,122,view,,0,2026-04-22 00:42:07
135,25,view,,0,2026-01-16 22:34:05
115,82,click,,0,2025-12-10 14:07:16
69,217,view,,0,2025-12-30 18:18:13
28,73,view,,0,2026-04-30 04:03:10
10,199,click,,0,2026-02-08 09:49:08
99,158,purchase,4.1,1,2026-03-14 11:01:16
135,122,click,,0,2026-03-20 17:25:36
34,194,click,,0,2026-03-04 12:25:12
93,34,view,,0,2026-01-16 07:56:23
135,143,view,,0,2026-05-17 00:04:34
103,42,click,,0,2026-05-23 13:16:41
85,143,purchase,4.8,1,2026-05-07 19:23:00
107,15,purchase,4.6,1,2026-02-02 16:47:05
107,203,click,,0,2026-04-27 03:57:37
114,72,purchase,4.1,1,2026-01-28 16:31:29
87,131,rating,4.8,0,2026-02-05 04:34:39
72,139,click,,0,2026-04-03 10:51:03
109,94,purchase,4.8,1,2026-05-05 09:09:02
74,46,click,,0,2026-03-09 04:20:56
31,22,view,,0,2026-05-08 10:51:21
86,7,purchase,4.0,1,2025-12-28 03:06:14
11,11,view,,0,2025-12-31 23:27:42
96,164,click,,0,2026-01-15 06:36:13
60,19,click,,0,2026-01-16 14:31:01
30,205,purchase,4.1,1,2026-02-02 23:53:05
2,83,click,,0,2026-02-05 16:54:06
134,53,view,,0,2026-04-03 16:39:19
143,189,view,,0,2026-01-06 01:35:24
73,78,purchase,4.5,1,2026-01-25 21:56:29
99,99,view,,0,2026-03-25 13:41:32
126,37,rating,4.4,0,2026-03-08 16:56:47
57,109,purchase,4.8,1,2026-02-26 21:13:34
75,165,click,,0,2026-02-19 22:44:09
2,34,view,,0,2026-02-10 19:46:06
43,95,click,,0,2026-01-26 14:29:14
18,135,view,,0,2026-01-13 02:42:43
45,182,view,,0,2026-03-17 04:58:38
28,189,click,,0,2025-12-27 15:55:17
17,33,view,,0,2026-01-09 13:37:32
2,161,view,,0,2026-01-29 21:30:31
16,97,click,,0,2026-04-24 01:25:30
24,134,click,,0,2026-01-18 05:19:29
126,41,view,,0,2026-01-10 07:13:22
119,89,click,,0,2025-12-06 09:36:45
121,104,view,,0,2026-03-12 09:56:39
117,46,click,,0,2026-05-03 12:02:27
90,123,click,,0,2026-03-01 20:19:45
93,144,click,,0,2026-04-02 14:10:08
35,98,purchase,4.9,1,2025-12-31 17:55:27
84,37,click,,0,2026-03-31 19:39:10
117,98,view,,0,2026-05-25 09:23:37
62,187,click,,0,2025-12-21 13:14:00
141,47,click,,0,2026-04-20 04:11:02
31,166,click,,0,2026-03-02 17:21:08
118,176,click,,0,2026-01-12 11:00:22
56,145,click,,0,2026-04-07 23:04:52
48,215,click,,0,2026-05-30 12:35:34
47,45,click,,0,2025-12-31 19:57:34
146,158,view,,0,2026-01-12 06:29:07
44,26,click,,0,2026-04-22 23:50:00
84,169,click,,0,2026-05-16 12:01:29
78,61,click,,0,2026-03-19 02:30:59
61,43,view,,0,2026-02-02 19:48:06
63,203,purchase,4.5,1,2026-03-23 20:32:57
82,143,click,,0,2026-01-30 12:23:03
32,126,view,,0,2026-04-21 10:27:43
127,57,view,,0,2026-01-02 01:38:46
75,64,click,,0,2025-12-05 11:52:18
67,65,view,,0,2026-03-23 20:34:00
128,157,view,,0,2026-04-19 15:08:36
47,115,view,,0,2026-03-28 21:43:43
150,113,click,,0,2025-12-02 05:14:29
45,113,click,,0,2025-12-15 06:23:24
85,64,purchase,4.5,1,2026-04-10 03:51:25
135,128,click,,0,2026-04-20 06:24:00
126,182,view,,0,2026-05-24 13:30:00
36,149,purchase,4.5,1,2026-03-20 02:38:16
34,39,view,,0,2025-12-07 03:34:07
26,35,click,,0,2026-05-04 17:27:02
14,141,click,,0,2026-01-07 06:54:37
12,68,click,,0,2026-04-28 11:12:58
120,133,click,,0,2026-03-09 11:00:40
146,113,view,,0,2026-02-07 12:37:49
96,171,click,,0,2026-03-11 13:41:12
61,164,click,,0,2026-03-15 13:56:46
16,205,purchase,4.8,1,2026-05-13 09:23:56
11,52,click,,0,2025-12-05 01:30:37
78,61,click,,0,2026-05-29 20:05:02
21,209,purchase,4.6,1,2026-03-22 21:31:50
29,118,click,,0,2025-12-14 14:11:59
42,54,view,,0,2026-05-20 00:33:34
24,6,click,,0,2026-05-01 22:51:36
148,43,purchase,4.9,1,2026-05-02 00:08:41
90,170,click,,0,2025-12-06 08:42:06
51,123,view,,0,2026-01-24 12:29:09
131,50,view,,0,2025-12-12 16:54:08
51,2,click,,0,2026-03-23 15:37:41
121,22,view,,0,2026-01-11 13:19:44
128,24,rating,3.3,0,2026-03-29 21:26:55
13,163,view,,0,2025-12-31 00:06:25
30,54,click,,0,2026-01-01 06:16:21
118,105,view,,0,2026-03-02 07:00:28
36,14,view,,0,2025-12-24 01:25:34
23,30,click,,0,2025-12-23 13:58:44
27,34,click,,0,2026-05-28 00:55:55
