id,name,category,brand,color,price,rating,review_count,image_url,description,tags,features,price_range,amazon_url,flipkart_url,myntra_url
1,Apple MacBook Pro 14 Inch Space Grey,Electronics,Apple,Grey,1999.99,3.65,105,/images/products/apple_macbook_pro_14_inch_space_grey.jpg,"The MacBook Pro 14 Inch in Space Grey is a powerful and sleek laptop, featuring Apple's M1 Pro chip for exceptional performance and a stunning Retina display.","laptops,apple,electronics","Premium build,Official warranty",luxury,,,
2,Asus Zenbook Pro Dual Screen Laptop,Electronics,Asus,Standard,1799.99,3.95,66,/images/products/asus_zenbook_pro_dual_screen_laptop.jpg,"The Asus Zenbook Pro Dual Screen Laptop is a high-performance device with dual screens, providing productivity and versatility for creative professionals.","laptops,asus,electronics","Premium build,Official warranty",luxury,,,
3,Huawei Matebook X Pro,Electronics,Huawei,Standard,1399.99,4.98,84,/images/products/huawei_matebook_x_pro.jpg,"The Huawei Matebook X Pro is a slim and stylish laptop with a high-resolution touchscreen display, offering a premium experience for users on the go.","huawei,laptops,electronics","Premium build,Official warranty",luxury,,,
4,Lenovo Yoga 920,Electronics,Lenovo,Standard,1099.99,2.86,105,/images/products/lenovo_yoga_920.jpg,"The Lenovo Yoga 920 is a 2-in-1 convertible laptop with a flexible hinge, allowing you to use it as a laptop or tablet, offering versatility and portability.","laptops,lenovo,electronics","Premium build,Official warranty",luxury,,,
5,New DELL XPS 13 9300 Laptop,Electronics,Dell,Standard,1499.99,2.67,75,/images/products/new_dell_xps_13_9300_laptop.jpg,"The New DELL XPS 13 9300 Laptop is a compact and powerful device, featuring a virtually borderless InfinityEdge display and high-end performance for various tasks.","laptops,dell,electronics","Premium build,Official warranty",luxury,,,
6,Nike Air Jordan 1 Red And Black,Shoes,Nike,Black,149.99,4.77,45,/images/products/nike_air_jordan_1_red_and_black.jpg,"The Nike Air Jordan 1 in Red and Black is an iconic basketball sneaker known for its stylish design and high-performance features, making it a favorite among sneaker enthusiasts and athletes.","athletic shoes,shoes,nike,footwear","Premium build,Official warranty",mid-range,,,
7,Nike Baseball Cleats,Shoes,Nike,Standard,79.99,3.88,147,/images/products/nike_baseball_cleats.jpg,Nike Baseball Cleats are designed for maximum traction and performance on the baseball field. They provide stability and support for players during games and practices.,"nike,shoes,sports cleats,footwear","Premium build,Official warranty",mid-range,,,
8,Puma Future Rider Trainers,Shoes,Puma,Standard,89.99,4.9,114,/images/products/puma_future_rider_trainers.jpg,"The Puma Future Rider Trainers offer a blend of retro style and modern comfort. Perfect for casual wear, these trainers provide a fashionable and comfortable option for everyday use.","casual shoes,shoes,puma,footwear","Premium build,Official warranty",mid-range,,,
9,Sports Sneakers Off White & Red,Shoes,Off White,White,119.99,4.77,57,/images/products/sports_sneakers_off_white_red.jpg,"The Sports Sneakers in Off White and Red combine style and functionality, making them a fashionable choice for sports enthusiasts. The red and off-white color combination adds a bold and energetic touch.","athletic shoes,shoes,footwear,off white","Premium build,Official warranty",mid-range,,,
10,Sports Sneakers Off White Red,Shoes,Off White,White,109.99,4.69,114,/images/products/sports_sneakers_off_white_red.jpg,"Another variant of the Sports Sneakers in Off White Red, featuring a unique design. These sneakers offer style and comfort for casual occasions.","casual shoes,shoes,footwear,off white","Premium build,Official warranty",mid-range,,,
11,Brown Leather Belt Watch,Watches,Fashion Timepieces,Brown,89.99,4.19,60,/images/products/brown_leather_belt_watch.jpg,"The Brown Leather Belt Watch is a stylish timepiece with a classic design. Featuring a genuine leather strap and a sleek dial, it adds a touch of sophistication to your look.","watches,fashion timepieces,leather watches","Premium build,Official warranty",mid-range,,,
12,Longines Master Collection,Watches,Longines,Standard,1499.99,3.87,33,/images/products/longines_master_collection.jpg,"The Longines Master Collection is an elegant and refined watch known for its precision and craftsmanship. With a timeless design, it's a symbol of luxury and sophistication.","watches,luxury watches,longines","Premium build,Official warranty",luxury,,,
13,Rolex Cellini Date Black Dial,Watches,Rolex,Black,8999.99,4.97,45,/images/products/rolex_cellini_date_black_dial.jpg,"The Rolex Cellini Date with Black Dial is a classic and prestigious watch. With a black dial and date complication, it exudes sophistication and is a symbol of Rolex's heritage.","rolex,watches,luxury watches","Premium build,Official warranty",luxury,,,
14,Rolex Cellini Moonphase,Watches,Rolex,Standard,12999.99,2.58,111,/images/products/rolex_cellini_moonphase.jpg,"The Rolex Cellini Moonphase is a masterpiece of horology, featuring a moon phase complication and exquisite design. It reflects Rolex's commitment to precision and elegance.","rolex,watches,luxury watches","Premium build,Official warranty",luxury,,,
15,Rolex Datejust,Watches,Rolex,Standard,10999.99,3.66,36,/images/products/rolex_datejust.jpg,"The Rolex Datejust is an iconic and versatile timepiece with a date window. Known for its timeless design and reliability, it's a symbol of Rolex's watchmaking excellence.","rolex,watches,luxury watches","Premium build,Official warranty",luxury,,,
16,Rolex Submariner Watch,Watches,Rolex,Standard,13999.99,2.69,57,/images/products/rolex_submariner_watch.jpg,"The Rolex Submariner is a legendary dive watch with a rich history. Known for its durability and water resistance, it's a symbol of adventure and exploration.","rolex,watches,luxury watches","Premium build,Official warranty",luxury,,,
17,Amazon Echo Plus,Headphones,Amazon,Standard,99.99,4.99,48,/images/products/amazon_echo_plus.jpg,The Amazon Echo Plus is a smart speaker with built-in Alexa voice control. It features premium sound quality and serves as a hub for controlling smart home devices.,"headphones,amazon,smart speakers,electronics","Premium build,Official warranty",mid-range,,,
18,Apple Airpods,Headphones,Apple,Standard,129.99,4.15,78,/images/products/apple_airpods.jpg,"The Apple Airpods offer a seamless wireless audio experience. With easy pairing, high-quality sound, and Siri integration, they are perfect for on-the-go listening.","headphones,wireless earphones,apple,electronics","Premium build,Official warranty",mid-range,,,
19,Apple AirPods Max Silver,Headphones,Apple,Silver,549.99,3.47,78,/images/products/apple_airpods_max_silver.jpg,"The Apple AirPods Max in Silver are premium over-ear headphones with high-fidelity audio, adaptive EQ, and active noise cancellation. Experience immersive sound in style.","headphones,over-ear headphones,apple,electronics","Premium build,Official warranty",luxury,,,
20,Apple Airpower Wireless Charger,Headphones,Apple,Standard,79.99,3.68,123,/images/products/apple_airpower_wireless_charger.jpg,The Apple AirPower Wireless Charger provides a convenient way to charge your compatible Apple devices wirelessly. Simply place your devices on the charging mat for effortless charging.,"headphones,apple,wireless chargers,electronics","Premium build,Official warranty",mid-range,,,
21,Apple HomePod Mini Cosmic Grey,Headphones,Apple,Grey,99.99,4.62,105,/images/products/apple_homepod_mini_cosmic_grey.jpg,The Apple HomePod Mini in Cosmic Grey is a compact smart speaker that delivers impressive audio and integrates seamlessly with the Apple ecosystem for a smart home experience.,"headphones,apple,smart speakers,electronics","Premium build,Official warranty",mid-range,,,
22,Apple iPhone Charger,Headphones,Apple,Standard,19.99,4.15,114,/images/products/apple_iphone_charger.jpg,The Apple iPhone Charger is a high-quality charger designed for fast and efficient charging of your iPhone. Ensure your device stays powered up and ready to go.,"headphones,apple,chargers,electronics","Premium build,Official warranty",budget,,,
23,Apple MagSafe Battery Pack,Headphones,Apple,Standard,99.99,3.62,135,/images/products/apple_magsafe_battery_pack.jpg,The Apple MagSafe Battery Pack is a portable and convenient way to add extra battery life to your MagSafe-compatible iPhone. Attach it magnetically for a secure connection.,"headphones,apple,power banks,electronics","Premium build,Official warranty",mid-range,,,
24,Apple Watch Series 4 Gold,Headphones,Apple,Gold,349.99,2.74,66,/images/products/apple_watch_series_4_gold.jpg,"The Apple Watch Series 4 in Gold is a stylish and advanced smartwatch with features like heart rate monitoring, fitness tracking, and a beautiful Retina display.","headphones,smartwatches,apple,electronics","Premium build,Official warranty",premium,,,
25,Beats Flex Wireless Earphones,Headphones,Beats,Standard,49.99,4.24,96,/images/products/beats_flex_wireless_earphones.jpg,"The Beats Flex Wireless Earphones offer a comfortable and versatile audio experience. With magnetic earbuds and up to 12 hours of battery life, they are ideal for everyday use.","headphones,wireless earphones,beats,electronics","Premium build,Official warranty",budget,,,
26,iPhone 12 Silicone Case with MagSafe Plum,Headphones,Apple,Standard,29.99,3.62,42,/images/products/iphone_12_silicone_case_with_magsafe_plum.jpg,The iPhone 12 Silicone Case with MagSafe in Plum is a stylish and protective case designed for the iPhone 12. It features MagSafe technology for easy attachment of accessories.,"headphones,apple,phone accessories,electronics","Premium build,Official warranty",budget,,,
27,Monopod,Headphones,TechGear,Standard,19.99,4.43,123,/images/products/monopod.jpg,"The Monopod is a versatile camera accessory for stable and adjustable shooting. Perfect for capturing selfies, group photos, and videos with ease.","headphones,techgear,camera accessories,electronics","Premium build,Official warranty",budget,,,
28,Selfie Lamp with iPhone,Headphones,GadgetMaster,Standard,14.99,3.55,33,/images/products/selfie_lamp_with_iphone.jpg,The Selfie Lamp with iPhone is a portable and adjustable LED light designed to enhance your selfies and video calls. Attach it to your iPhone for well-lit photos.,"headphones,selfie accessories,gadgetmaster,electronics","Premium build,Official warranty",budget,,,
29,Selfie Stick Monopod,Headphones,SnapTech,Standard,12.99,3.88,123,/images/products/selfie_stick_monopod.jpg,The Selfie Stick Monopod is a extendable and foldable device for capturing the perfect selfie or group photo. Compatible with smartphones and cameras.,"headphones,snaptech,selfie accessories,electronics","Premium build,Official warranty",budget,,,
30,TV Studio Camera Pedestal,Headphones,ProVision,Standard,499.99,2.78,78,/images/products/tv_studio_camera_pedestal.jpg,The TV Studio Camera Pedestal is a professional-grade camera support system for smooth and precise camera movements in a studio setting. Ideal for broadcast and production.,"headphones,camera accessories,provision,electronics","Premium build,Official warranty",premium,,,
31,iPhone 5s,Electronics,Apple,Standard,199.99,2.83,120,/images/products/iphone_5s.jpg,"The iPhone 5s is a classic smartphone known for its compact design and advanced features during its release. While it's an older model, it still provides a reliable user experience.","smartphones,apple,electronics","Premium build,Official warranty",premium,,,
32,iPhone 6,Electronics,Apple,Standard,299.99,3.41,84,/images/products/iphone_6.jpg,"The iPhone 6 is a stylish and capable smartphone with a larger display and improved performance. It introduced new features and design elements, making it a popular choice in its time.","smartphones,apple,electronics","Premium build,Official warranty",premium,,,
33,iPhone 13 Pro,Electronics,Apple,Standard,1099.99,4.12,72,/images/products/iphone_13_pro.jpg,"The iPhone 13 Pro is a cutting-edge smartphone with a powerful camera system, high-performance chip, and stunning display. It offers advanced features for users who demand top-notch technology.","smartphones,apple,electronics","Premium build,Official warranty",luxury,,,
34,iPhone X,Electronics,Apple,Standard,899.99,2.51,150,/images/products/iphone_x.jpg,"The iPhone X is a flagship smartphone featuring a bezel-less OLED display, facial recognition technology (Face ID), and impressive performance. It represents a milestone in iPhone design and innovation.","smartphones,apple,electronics","Premium build,Official warranty",luxury,,,
35,Oppo A57,Electronics,Oppo,Standard,249.99,3.94,81,/images/products/oppo_a57.jpg,"The Oppo A57 is a mid-range smartphone known for its sleek design and capable features. It offers a balance of performance and affordability, making it a popular choice.","smartphones,oppo,electronics","Premium build,Official warranty",premium,,,
36,Oppo F19 Pro Plus,Electronics,Oppo,Standard,399.99,3.51,102,/images/products/oppo_f19_pro_plus.jpg,The Oppo F19 Pro Plus is a feature-rich smartphone with a focus on camera capabilities. It boasts advanced photography features and a powerful performance for a premium user experience.,"smartphones,oppo,electronics","Premium build,Official warranty",premium,,,
37,Oppo K1,Electronics,Oppo,Standard,299.99,4.25,108,/images/products/oppo_k1.jpg,"The Oppo K1 series offers a range of smartphones with various features and specifications. Known for their stylish design and reliable performance, the Oppo K1 series caters to diverse user preferences.","smartphones,oppo,electronics","Premium build,Official warranty",premium,,,
38,Realme C35,Electronics,Realme,Standard,149.99,4.2,102,/images/products/realme_c35.jpg,The Realme C35 is a budget-friendly smartphone with a focus on providing essential features for everyday use. It offers a reliable performance and user-friendly experience.,"smartphones,realme,electronics","Premium build,Official warranty",mid-range,,,
39,Realme X,Electronics,Realme,Standard,299.99,3.7,48,/images/products/realme_x.jpg,The Realme X is a mid-range smartphone known for its sleek design and impressive display. It offers a good balance of performance and camera capabilities for users seeking a quality device.,"smartphones,realme,electronics","Premium build,Official warranty",premium,,,
40,Realme XT,Electronics,Realme,Standard,349.99,4.58,39,/images/products/realme_xt.jpg,"The Realme XT is a feature-rich smartphone with a focus on camera technology. It comes equipped with advanced camera sensors, delivering high-quality photos and videos for photography enthusiasts.","smartphones,realme,electronics","Premium build,Official warranty",premium,,,
41,Samsung Galaxy S7,Electronics,Samsung,Standard,299.99,3.3,135,/images/products/samsung_galaxy_s7.jpg,"The Samsung Galaxy S7 is a flagship smartphone known for its sleek design and advanced features. It features a high-resolution display, powerful camera, and robust performance.","smartphones,samsung galaxy,samsung,electronics","Premium build,Official warranty",premium,,,
42,Samsung Galaxy S8,Electronics,Samsung,Standard,499.99,4.4,33,/images/products/samsung_galaxy_s8.jpg,"The Samsung Galaxy S8 is a premium smartphone with an Infinity Display, offering a stunning visual experience. It boasts advanced camera capabilities and cutting-edge technology.","smartphones,samsung galaxy,samsung,electronics","Premium build,Official warranty",premium,,,
43,Samsung Galaxy S10,Electronics,Samsung,Standard,699.99,3.06,39,/images/products/samsung_galaxy_s10.jpg,"The Samsung Galaxy S10 is a flagship device featuring a dynamic AMOLED display, versatile camera system, and powerful performance. It represents innovation and excellence in smartphone technology.","smartphones,samsung galaxy,samsung,electronics","Premium build,Official warranty",luxury,,,
44,Vivo S1,Electronics,Vivo,Standard,249.99,3.5,33,/images/products/vivo_s1.jpg,"The Vivo S1 is a stylish and mid-range smartphone offering a blend of design and performance. It features a vibrant display, capable camera system, and reliable functionality.","smartphones,vivo,electronics","Premium build,Official warranty",premium,,,
45,Vivo V9,Electronics,Vivo,Standard,299.99,3.6,105,/images/products/vivo_v9.jpg,"The Vivo V9 is a smartphone known for its sleek design and emphasis on capturing high-quality selfies. It features a notch display, dual-camera setup, and a modern design.","smartphones,vivo,electronics","Premium build,Official warranty",premium,,,
46,Vivo X21,Electronics,Vivo,Standard,499.99,4.26,81,/images/products/vivo_x21.jpg,"The Vivo X21 is a premium smartphone with a focus on cutting-edge technology. It features an in-display fingerprint sensor, a high-resolution display, and advanced camera capabilities.","smartphones,vivo,electronics","Premium build,Official warranty",premium,,,
47,American Football,Fitness,American,Standard,19.99,4.91,54,/images/products/american_football.jpg,"The American Football is a classic ball used in American football games. It is designed for throwing and catching, making it an essential piece of equipment for the sport.","american football,american,fitness,sports equipment","Premium build,Official warranty",budget,,,
48,Baseball Ball,Fitness,Baseball,Standard,8.99,2.57,144,/images/products/baseball_ball.jpg,"The Baseball Ball is a standard baseball used in baseball games. It features a durable leather cover and is designed for pitching, hitting, and fielding in the game of baseball.","fitness,baseball,sports equipment","Premium build,Official warranty",budget,,,
49,Baseball Glove,Fitness,Baseball,Standard,24.99,3.96,129,/images/products/baseball_glove.jpg,"The Baseball Glove is a protective glove worn by baseball players. It is designed to catch and field the baseball, providing players with comfort and control during the game.","fitness,baseball,sports equipment","Premium build,Official warranty",budget,,,
50,Basketball,Fitness,Basketball,Standard,14.99,4.66,69,/images/products/basketball.jpg,"The Basketball is a standard ball used in basketball games. It is designed for dribbling, shooting, and passing in the game of basketball, suitable for both indoor and outdoor play.","basketball,fitness,sports equipment","Premium build,Official warranty",budget,,,
51,Basketball Rim,Fitness,Basketball,Standard,39.99,4.6,33,/images/products/basketball_rim.jpg,The Basketball Rim is a sturdy hoop and net assembly mounted on a basketball backboard. It provides a target for shooting and scoring in the game of basketball.,"basketball,fitness,sports equipment","Premium build,Official warranty",budget,,,
52,Cricket Ball,Fitness,Cricket,Standard,12.99,3.53,126,/images/products/cricket_ball.jpg,"The Cricket Ball is a hard leather ball used in the sport of cricket. It is bowled and batted in the game, and its hardness and seam contribute to the dynamics of cricket play.","cricket,fitness,sports equipment","Premium build,Official warranty",budget,,,
53,Cricket Bat,Fitness,Cricket,Standard,29.99,3.17,57,/images/products/cricket_bat.jpg,The Cricket Bat is an essential piece of cricket equipment used by batsmen to hit the cricket ball. It is made of wood and comes in various sizes and designs.,"cricket,fitness,sports equipment","Premium build,Official warranty",budget,,,
54,Cricket Helmet,Fitness,Cricket,Standard,44.99,4.69,42,/images/products/cricket_helmet.jpg,"The Cricket Helmet is a protective headgear worn by cricket players, especially batsmen and wicketkeepers. It provides protection against fast bowling and bouncers.","cricket,fitness,sports equipment","Premium build,Official warranty",budget,,,
55,Cricket Wicket,Fitness,Cricket,Standard,29.99,4.73,123,/images/products/cricket_wicket.jpg,"The Cricket Wicket is a set of three stumps and two bails, forming a wicket used in the sport of cricket. Batsmen aim to protect the wicket while scoring runs.","cricket,fitness,sports equipment","Premium build,Official warranty",budget,,,
56,Feather Shuttlecock,Fitness,Feather,Standard,5.99,2.85,135,/images/products/feather_shuttlecock.jpg,"The Feather Shuttlecock is used in the sport of badminton. It features natural feathers and is designed for high-speed play, providing stability and accuracy during matches.","badminton,fitness,feather,sports equipment","Premium build,Official warranty",budget,,,
57,Football,Fitness,Football,Standard,17.99,3.28,42,/images/products/football.jpg,"The Football, also known as a soccer ball, is the standard ball used in the sport of football (soccer). It is designed for kicking and passing in the game.","football,fitness,sports equipment","Premium build,Official warranty",budget,,,
58,Golf Ball,Fitness,Golf,Standard,9.99,4.3,72,/images/products/golf_ball.jpg,"The Golf Ball is a small ball used in the sport of golf. It features dimples on its surface, providing aerodynamic lift and distance when struck by a golf club.","golf,fitness,sports equipment","Premium build,Official warranty",budget,,,
59,Iron Golf,Fitness,Iron,Standard,49.99,4.41,33,/images/products/iron_golf.jpg,"The Iron Golf is a type of golf club designed for various golf shots. It features a solid metal head and is used for approach shots, chipping, and other golfing techniques.","iron,golf,fitness,sports equipment","Premium build,Official warranty",budget,,,
60,Metal Baseball Bat,Fitness,Metal,Standard,29.99,4.66,84,/images/products/metal_baseball_bat.jpg,The Metal Baseball Bat is a durable and lightweight baseball bat made from metal alloys. It is commonly used in baseball games for hitting and batting practice.,"fitness,metal,baseball,sports equipment","Premium build,Official warranty",budget,,,
61,Tennis Ball,Fitness,Tennis,Standard,6.99,4.06,135,/images/products/tennis_ball.jpg,The Tennis Ball is a standard ball used in the sport of tennis. It is designed for bouncing and hitting with tennis rackets during matches or practice sessions.,"tennis,fitness,sports equipment","Premium build,Official warranty",budget,,,
62,Tennis Racket,Fitness,Tennis,Standard,49.99,4.03,126,/images/products/tennis_racket.jpg,"The Tennis Racket is an essential piece of equipment used in the sport of tennis. It features a frame with strings and a grip, allowing players to hit the tennis ball.","tennis,fitness,sports equipment","Premium build,Official warranty",budget,,,
63,Volleyball,Fitness,Volleyball,Standard,11.99,3.84,144,/images/products/volleyball.jpg,"The Volleyball is a standard ball used in the sport of volleyball. It is designed for passing, setting, and spiking over the net during volleyball matches.","fitness,volleyball,sports equipment","Premium build,Official warranty",budget,,,
64,Black Sun Glasses,Accessories,Fashion Shades,Black,29.99,4.41,147,/images/products/black_sun_glasses.jpg,"The Black Sun Glasses are a classic and stylish choice, featuring a sleek black frame and tinted lenses. They provide both UV protection and a fashionable look.","eyewear,sunglasses,fashion shades,accessories","Premium build,Official warranty",budget,,,
65,Classic Sun Glasses,Accessories,Fashion Shades,Standard,24.99,3.86,114,/images/products/classic_sun_glasses.jpg,The Classic Sun Glasses offer a timeless design with a neutral frame and UV-protected lenses. These sunglasses are versatile and suitable for various occasions.,"eyewear,sunglasses,fashion shades,accessories","Premium build,Official warranty",budget,,,
66,Green and Black Glasses,Accessories,Fashion Shades,Black,34.99,4.55,81,/images/products/green_and_black_glasses.jpg,"The Green and Black Glasses feature a bold combination of green and black colors, adding a touch of vibrancy to your eyewear collection. They are both stylish and eye-catching.","eyewear,sunglasses,fashion shades,accessories","Premium build,Official warranty",budget,,,
67,Party Glasses,Accessories,Fashion Fun,Standard,19.99,2.79,123,/images/products/party_glasses.jpg,"The Party Glasses are designed to add flair to your party outfit. With unique shapes or colorful frames, they're perfect for adding a playful touch to your look during celebrations.","eyewear,accessories,party glasses,fashion fun","Premium build,Official warranty",budget,,,
68,Sunglasses,Accessories,Fashion Shades,Standard,22.99,3.02,57,/images/products/sunglasses.jpg,The Sunglasses offer a classic and simple design with a focus on functionality. These sunglasses provide essential UV protection while maintaining a timeless look.,"eyewear,sunglasses,fashion shades,accessories","Premium build,Official warranty",budget,,,
69,iPad Mini 2021 Starlight,Electronics,Apple,Standard,499.99,3.18,81,/images/products/ipad_mini_2021_starlight.jpg,"The iPad Mini 2021 in Starlight is a compact and powerful tablet from Apple. Featuring a stunning Retina display, powerful A-series chip, and a sleek design, it offers a premium tablet experience.","apple,tablets,electronics","Premium build,Official warranty",premium,,,
70,Samsung Galaxy Tab S8 Plus Grey,Electronics,Samsung,Grey,599.99,4.68,114,/images/products/samsung_galaxy_tab_s8_plus_grey.jpg,"The Samsung Galaxy Tab S8 Plus in Grey is a high-performance Android tablet by Samsung. With a large AMOLED display, powerful processor, and S Pen support, it's ideal for productivity and entertainment.","samsung,tablets,electronics","Premium build,Official warranty",luxury,,,
71,Samsung Galaxy Tab White,Electronics,Samsung,White,349.99,3.72,90,/images/products/samsung_galaxy_tab_white.jpg,"The Samsung Galaxy Tab in White is a sleek and versatile Android tablet. With a vibrant display, long-lasting battery, and a range of features, it offers a great user experience for various tasks.","samsung,tablets,electronics","Premium build,Official warranty",premium,,,
72,Blue Women's Handbag,Bags,Fashionista,Blue,49.99,2.92,102,/images/products/blue_women_s_handbag.jpg,"The Blue Women's Handbag is a stylish and spacious accessory for everyday use. With a vibrant blue color and multiple compartments, it combines fashion and functionality.","handbags,bags,fashionista,fashion accessories","Premium build,Official warranty",budget,,,
73,Heshe Women's Leather Bag,Bags,Heshe,Standard,129.99,4.92,129,/images/products/heshe_women_s_leather_bag.jpg,"The Heshe Women's Leather Bag is a luxurious and high-quality leather bag for the sophisticated woman. With a timeless design and durable craftsmanship, it's a versatile accessory.","bags,heshe,leather bags,fashion accessories","Premium build,Official warranty",mid-range,,,
74,Prada Women Bag,Bags,Prada,Standard,599.99,2.71,117,/images/products/prada_women_bag.jpg,"The Prada Women Bag is an iconic designer bag that exudes elegance and luxury. Crafted with precision and featuring the Prada logo, it's a statement piece for fashion enthusiasts.","bags,designer bags,prada,fashion accessories","Premium build,Official warranty",luxury,,,
75,White Faux Leather Backpack,Bags,Urban Chic,White,39.99,3.36,99,/images/products/white_faux_leather_backpack.jpg,"The White Faux Leather Backpack is a trendy and practical backpack for the modern woman. With a sleek white design and ample storage space, it's perfect for both casual and on-the-go styles.","urban chic,bags,backpacks,fashion accessories","Premium build,Official warranty",budget,,,
76,Women Handbag Black,Bags,Elegance Collection,Black,59.99,2.89,111,/images/products/women_handbag_black.jpg,"The Women Handbag in Black is a classic and versatile accessory that complements various outfits. With a timeless black color and functional design, it's a must-have in every woman's wardrobe.","handbags,bags,elegance collection,fashion accessories","Premium build,Official warranty",mid-range,,,
77,Green Crystal Earring,Accessories,Green,Green,29.99,3.96,111,/images/products/green_crystal_earring.jpg,"The Green Crystal Earring is a dazzling accessory that features a vibrant green crystal. With a classic design, it adds a touch of elegance to your ensemble, perfect for formal or special occasions.","earrings,accessories,fashion accessories,green","Premium build,Official warranty",budget,,,
78,Green Oval Earring,Accessories,Green,Green,24.99,3.57,84,/images/products/green_oval_earring.jpg,"The Green Oval Earring is a stylish and versatile accessory with a unique oval shape. Whether for casual or dressy occasions, its green hue and contemporary design make it a standout piece.","earrings,accessories,fashion accessories,green","Premium build,Official warranty",budget,,,
79,Tropical Earring,Accessories,Tropical,Standard,19.99,4.4,30,/images/products/tropical_earring.jpg,"The Tropical Earring is a fun and playful accessory inspired by tropical elements. Featuring vibrant colors and a lively design, it's perfect for adding a touch of summer to your look.","earrings,accessories,tropical,fashion accessories","Premium build,Official warranty",budget,,,
80,Black & Brown Slipper,Shoes,Comfort Trends,Black,19.99,2.53,84,/images/products/black_brown_slipper.jpg,"The Black & Brown Slipper is a comfortable and stylish choice for casual wear. Featuring a blend of black and brown colors, it adds a touch of sophistication to your relaxation.","slippers,shoes,footwear,comfort trends","Premium build,Official warranty",budget,,,
81,Calvin Klein Heel Shoes,Shoes,Calvin Klein,Standard,79.99,4.92,96,/images/products/calvin_klein_heel_shoes.jpg,"Calvin Klein Heel Shoes are elegant and sophisticated, designed for formal occasions. With a classic design and high-quality materials, they complement your stylish ensemble.","shoes,calvin klein,heel shoes,footwear","Premium build,Official warranty",mid-range,,,
82,Golden Shoes Woman,Shoes,Fashion Diva,Gold,49.99,3.26,30,/images/products/golden_shoes_woman.jpg,"The Golden Shoes for Women are a glamorous choice for special occasions. Featuring a golden hue and stylish design, they add a touch of luxury to your outfit.","shoes,fashion diva,women's shoes,footwear","Premium build,Official warranty",budget,,,
83,Pampi Shoes,Shoes,Pampi,Standard,29.99,3.05,63,/images/products/pampi_shoes.jpg,"Pampi Shoes offer a blend of comfort and style for everyday use. With a versatile design, they are suitable for various casual occasions, providing a trendy and relaxed look.","casual shoes,shoes,pampi,footwear","Premium build,Official warranty",budget,,,
84,Red Shoes,Shoes,Fashion Express,Red,34.99,3.25,90,/images/products/red_shoes.jpg,"The Red Shoes make a bold statement with their vibrant red color. Whether for a party or a casual outing, these shoes add a pop of color and style to your wardrobe.","shoes,fashion express,women's shoes,footwear","Premium build,Official warranty",budget,,,
85,IWC Ingenieur Automatic Steel,Watches,IWC,Standard,4999.99,2.93,99,/images/products/iwc_ingenieur_automatic_steel.jpg,"The IWC Ingenieur Automatic Steel watch is a durable and sophisticated timepiece. With a stainless steel case and automatic movement, it combines precision and style for watch enthusiasts.","watches,iwc,luxury watches","Premium build,Official warranty",luxury,,,
86,Rolex Datejust Women,Watches,Rolex,Standard,10999.99,2.86,111,/images/products/rolex_datejust_women.jpg,"The Rolex Datejust Women's watch is an iconic timepiece designed for women. With a timeless design and a date complication, it offers both elegance and functionality.","rolex,watches,women's watches,luxury watches","Premium build,Official warranty",luxury,,,
87,Watch Gold for Women,Watches,Fashion Gold,Gold,799.99,4.24,105,/images/products/watch_gold_for_women.jpg,"The Gold Women's Watch is a stunning accessory that combines luxury and style. Featuring a gold-plated case and a chic design, it adds a touch of glamour to any outfit.","fashion gold,watches,women's watches","Premium build,Official warranty",luxury,,,
88,Women's Wrist Watch,Watches,Fashion Co.,Standard,129.99,3.52,93,/images/products/women_s_wrist_watch.jpg,"The Women's Wrist Watch is a versatile and fashionable timepiece for everyday wear. With a comfortable strap and a simple yet elegant design, it complements various styles.","fashion co.,watches,women's watches","Premium build,Official warranty",mid-range,,,
89,boAt Deuce USB 300 2 in 1 Type,Electronics,boAt,Standard,4.99,4.2,94363,/images/products/boat_deuce_usb_300_2_in_1_type.jpg,"The boAt Deuce USB 300 2 in 1 cable is compatible with smartphones, tablets, PC peripherals, Bluetooth speakers, power banks and all other devices with Type-C as well as Micro USB port","electronics,boat","Verified Purchase,Premium build",budget,https://www.amazon.in/Deuce-300-Resistant-Tangle-Free-Transmission/dp/B08HDJ86NZ/ref=sr_1_4?qid=1672909124&s=electronics&sr=1-4,,
90,pTron Solero TB301 3A Type,Electronics,pTron,Standard,4.99,3.9,24871,/images/products/ptron_solero_tb301_3a_type.jpg,Fast Charging & Data Sync: Solero TB301 Type-C cable supports fast charge up to 5V/3A for devices and data syncing speed up to 480Mbps.,"ptron,electronics","Verified Purchase,Premium build",budget,https://www.amazon.in/Solero-TB301-Charging-480Mbps-1-5-Meter/dp/B08Y1TFSP6/ref=sr_1_6?qid=1672909124&s=electronics&sr=1-6,,
91,MI Usb Type,Electronics,MI,Standard,4.99,4.3,30411,/images/products/mi_usb_type.jpg,1m long Type-C USB Cable,"mi,electronics,smart","Verified Purchase,Premium build",budget,https://www.amazon.in/MI-MTCY001IN-USB-Type-C-Cable/dp/B08DDRGWTJ/ref=sr_1_9?qid=1672909124&s=electronics&sr=1-9,,
92,Portronics Konnect L POR,Electronics,Portronics,Standard,4.99,4.3,13391,/images/products/portronics_konnect_l_por.jpg,[CHARGE & SYNC FUNCTION]- This cable comes with charging & Data sync function for smartphones,"electronics,portronics","Verified Purchase,Premium build",budget,https://www.amazon.in/Portronics-POR-1081-Charging-1-2Meter-Function/dp/B08CF3D7QR/ref=sr_1_12?qid=1672909124&s=electronics&sr=1-12,,
93,boAt Rugged v3 Extra Tough Unbreakable Braided Micro,Electronics,boAt,Standard,4.99,4.2,94363,/images/products/boat_rugged_v3_extra_tough_unbreakable_braided_micro.jpg,The boAt rugged cable features our special toughest polyethylene braided jacket and this unique jacket provides greater protection than anything else you have seen in its class. Round Cable,"electronics,boat","Verified Purchase,Premium build",budget,https://www.amazon.in/Rugged-Extra-Tough-Unbreakable-Braided/dp/B0789LZTCJ/ref=sr_1_13?qid=1672909124&s=electronics&sr=1-13,,
94,AmazonBasics Flexible Premium HDMI Cable,Electronics,AmazonBasics,Standard,4.99,4.4,426973,/images/products/amazonbasics_flexible_premium_hdmi_cable.jpg,"Flexible, lightweight HDMI cable for connecting media devices to playback display such as HDTVs, projectors, and more","amazonbasics,electronics","Verified Purchase,Premium build",budget,https://www.amazon.in/AmazonBasics-Flexible-HDMI-Cable-3-Foot/dp/B07KSMBL2H/ref=sr_1_14?qid=1672909124&s=electronics&sr=1-14,,
95,Portronics Konnect CL 20W POR,Electronics,Portronics,Standard,4.99,4.2,2262,/images/products/portronics_konnect_cl_20w_por.jpg,"[20W PD FAST CHARGING]-It’s supports 20W PD quick charge protocol, charge up to 50% in around 30 minutes. It is ideal for charging your USB type c enabled devices at maximum speed","electronics,portronics","Verified Purchase,Premium build",budget,https://www.amazon.in/Portronics-Konnect-Delivery-Support-Braided/dp/B085DTN6R2/ref=sr_1_15?qid=1672909124&s=electronics&sr=1-15,,
96,MI 80 cm,Electronics,MI,Standard,170.72,4.2,32840,/images/products/mi_80_cm.jpg,"Note : The brands, Mi and Xiaomi, are part of the same multinational conglomerate","mi,electronics,smart","Verified Purchase,Premium build",premium,https://www.amazon.in/MI-inches-Ready-Android-L32M7-5AIN/dp/B0B6F7LX4C/ref=sr_1_18?qid=1672909124&s=electronics&sr=1-18,,
97,Ambrane Unbreakable 60W / 3A Fast Charging 1.5m,Electronics,Ambrane,Standard,4.99,4.0,43994,/images/products/ambrane_unbreakable_60w_3a_fast_charging_1_5m.jpg,"Compatible with all Type C enabled devices, be it an android smartphone (Mi, Samsung, Oppo, Vivo, Realme, OnePlus, etc), tablet, laptop (Macbook, Chromebook, etc)","smart,electronics,ambrane","Verified Purchase,Premium build",budget,https://www.amazon.in/Ambrane-Unbreakable-Charging-Braided-Cable/dp/B082LSVT4B/ref=sr_1_19?qid=1672909124&s=electronics&sr=1-19,,
98,Flix Micro Usb Cable For Smartphone,Electronics,Flix,Standard,4.99,4.0,9378,/images/products/flix_micro_usb_cable_for_smartphone.jpg,"Micro usb cable is 1 meter in length, optimized for easy use for your comfort at home or office, helps you to overcome distance restrictions","smart,electronics,flix","Verified Purchase,Premium build",budget,https://www.amazon.in/Flix-Micro-Cable-Smartphone-Black/dp/B09NHVCHS9/ref=sr_1_25?qid=1672909125&s=electronics&sr=1-25,,
99,Acer 80 cm,Electronics,Acer,Standard,140.23,4.3,4703,/images/products/acer_80_cm.jpg,Resolution : HD Ready (1366x768) ,"acer,smart,electronics","Verified Purchase,Premium build",mid-range,https://www.amazon.in/Acer-inches-Ready-Android-AR32AR2841HDFL/dp/B0B1YVCJ2Y/ref=sr_1_26?qid=1672909125&s=electronics&sr=1-26,,
100,Tizum High Speed HDMI Cable with Ethernet,Electronics,Tizum,Standard,4.99,4.2,12153,/images/products/tizum_high_speed_hdmi_cable_with_ethernet.jpg,"Latest Standard HDMI A Male to A Male Cable: Supports Ethernet, 3D, 4K video and Audio Return Channel (ARC)","electronics,tizum","Verified Purchase,Premium build",budget,https://www.amazon.in/TIZUM-Slim-1-5m-HDMI-Cable/dp/B01M4GGIVU/ref=sr_1_27?qid=1672909125&s=electronics&sr=1-27,,
101,boAt A400 USB Type,Electronics,boAt,Standard,4.99,4.3,20850,/images/products/boat_a400_usb_type.jpg,2 meter special reversible Type-C to USB A male user-friendly design helps you insert the connector in a right way all the time,"electronics,boat","Verified Purchase,Premium build",budget,https://www.amazon.in/A400-Type-C-Cable-Meter-Black/dp/B077Z65HSD/ref=sr_1_33?qid=1672909125&s=electronics&sr=1-33,,
102,Zoul USB C 60W Fast Charging 3A 6ft/2M,Electronics,Zoul,Standard,4.99,4.3,974,/images/products/zoul_usb_c_60w_fast_charging_3a_6ft_2m.jpg,"{3A/QC 3.0 FAST CHARGING and DATA SYNC} : This USB C cable supports QC 3.0 Fast Charging and Data Syncing, max current 3.0A and transfer speed up to 480Mbps. Built-in 56K pull-up resistor and strong metal connections provides reliable conductivity and stability.","electronics,zoul","Verified Purchase,Premium build",budget,https://www.amazon.in/Charging-Braided-Charger-Samsung-Galaxy/dp/B08QSC1XY8/ref=sr_1_36?qid=1672909125&s=electronics&sr=1-36,,
103,pTron Solero T351 3.5Amps Fast Charging Type,Electronics,pTron,Standard,4.99,3.9,1075,/images/products/ptron_solero_t351_3_5amps_fast_charging_type.jpg,"Universal Compatibility: Solero T351 USB charging cable connects USB Type-C devices with USB Type-C devices like laptops, hard drives, power banks, wall chargers, car chargers, etc.","ptron,smart,electronics","Verified Purchase,Premium build",budget,https://www.amazon.in/pTron-3-5Amps-Charging-480Mbps-Smartphones/dp/B0B4HJNPV4/ref=sr_1_38?qid=1672909125&s=electronics&sr=1-38,,
104,Amazonbasics Nylon Braided Usb,Electronics,Amazonbasics,Standard,10.96,4.4,13552,/images/products/amazonbasics_nylon_braided_usb.jpg,"Fast Charge: When Used With An 18W Or Higher Usb-C Wall Charger With Power Delivery You Can Charge Your Iphone To 50% Battery In Just 30 Minutes - Supported Models Include Iphone 8, 8 Plus, X, Xs, Xr, Xs Max, 11, 11 Pro, 11 Pro Max, Ipads, And More. High-Speed Data Transfer: Up To 480 Mbps For Tr...","amazonbasics,electronics,smart","Verified Purchase,Premium build",budget,https://www.amazon.in/AmazonBasics-Apple-Certified-Lightning-Charging/dp/B07XLCFSSN/ref=sr_1_40?qid=1672909125&s=electronics&sr=1-40,,
105,OnePlus 126 cm,Electronics,OnePlus,Standard,402.43,4.2,7298,/images/products/oneplus_126_cm.jpg,Resolution: 4K Ultra HD (3840x2160) ,"oneplus,electronics,smart","Verified Purchase,Premium build",premium,https://www.amazon.in/OnePlus-50-inches-Android-Pro/dp/B0B3MMYHYW/ref=sr_1_42?qid=1672909125&s=electronics&sr=1-42,,
106,AmazonBasics USB 2.0 Cable,Electronics,AmazonBasics,Standard,4.99,4.5,107687,/images/products/amazonbasics_usb_2_0_cable.jpg,One 6-foot-long (1.8 meters) high-speed multi-shielded USB 2.0 A-Male to B-Male cable,"amazonbasics,electronics","Verified Purchase,Premium build",budget,https://www.amazon.in/AmazonBasics-USB-2-0-Cable-Male/dp/B00NH11KIK/ref=sr_1_44?qid=1672909125&s=electronics&sr=1-44,,
107,Mi 108 cm,Electronics,Mi,Standard,243.89,4.3,27151,/images/products/mi_108_cm.jpg,Resolution : Full HD (1920x1080) ,"mi,electronics","Verified Purchase,Premium build",premium,https://www.amazon.in/inches-Full-Android-L43M6-INC-Black/dp/B09JPC82QC/ref=sr_1_45?qid=1672909125&s=electronics&sr=1-45,,
108,Amazon Basics High,Electronics,Amazon,Standard,4.99,4.4,426973,/images/products/amazon_basics_high.jpg,"Please select appropriate display resolution & refresh rate for proper display output. HDMI A Male to A Male Cable: Supports Ethernet, 3D, 4K video and Audio Return Channel (ARC)","amazon,electronics","Verified Purchase,Premium build",budget,https://www.amazon.in/AmazonBasics-High-Speed-HDMI-Cable-Feet/dp/B014I8SSD0/ref=sr_1_51?qid=1672909126&s=electronics&sr=1-51,,
109,AmazonBasics New Release Nylon USB,Electronics,AmazonBasics,Standard,9.74,4.3,8188,/images/products/amazonbasics_new_release_nylon_usb.jpg,Added Protection: An additional layer of protection has been added to the Lightning and USB ends to improve durability and reduce fraying;,"amazonbasics,electronics","Verified Purchase,Premium build",budget,https://www.amazon.in/AmazonBasics-Nylon-Braided-Lightning-Cable/dp/B082T6V3DT/ref=sr_1_57?qid=1672909126&s=electronics&sr=1-57,,
110,VW 80 cm,Electronics,VW,Standard,85.35,4.2,4003,/images/products/vw_80_cm.jpg,Resolution: HD Ready (1366x768) ,"vw,electronics","Verified Purchase,Premium build",mid-range,https://www.amazon.in/Visio-World-inches-VW32A-Ready/dp/B07MKFNHKG/ref=sr_1_58?qid=1672909126&s=electronics&sr=1-58,,
111,Tata Sky Universal Remote,Electronics,Tata,Standard,4.99,3.7,2960,/images/products/tata_sky_universal_remote.jpg,Universal remote control,"electronics,tata","Verified Purchase,Premium build",budget,https://www.amazon.in/TATASKY-Universal-Remote/dp/B01N90RZ4M/ref=sr_1_60?qid=1672909126&s=electronics&sr=1-60,,
112,OnePlus 80 cm,Electronics,OnePlus,Standard,195.11,4.2,34899,/images/products/oneplus_80_cm.jpg,Resolution : HD Ready (1366x768) ,"oneplus,electronics,smart","Verified Purchase,Premium build",premium,https://www.amazon.in/OnePlus-inches-Ready-Smart-Android/dp/B09Q5SWVBJ/ref=sr_1_63?qid=1672909126&s=electronics&sr=1-63,,
113,Samsung 108 cm,Electronics,Samsung,Standard,402.32,4.3,7109,/images/products/samsung_108_cm.jpg,Resolution : Crystal 4K Ultra HD (3840 x 2160) ,"samsung,smart,electronics","Verified Purchase,Premium build",premium,https://www.amazon.in/Samsung-inches-Crystal-Ultra-UA43AUE65AKXXL/dp/B0B15CPR37/ref=sr_1_67?qid=1672909126&s=electronics&sr=1-67,,
114,Lapster 1.5 mtr USB 2.0 Type A Male,Electronics,Lapster,Standard,4.99,4.0,1313,/images/products/lapster_1_5_mtr_usb_2_0_type_a_male.jpg,Plug & Play,"electronics,lapster","Verified Purchase,Premium build",budget,https://www.amazon.in/Lapster-Type-Cable-computer-laptop/dp/B0994GFWBH/ref=sr_1_68?qid=1672909126&s=electronics&sr=1-68,,
115,Portronics Konnect L 20W PD Quick Charge Type,Electronics,Portronics,Standard,4.99,4.1,450,/images/products/portronics_konnect_l_20w_pd_quick_charge_type.jpg,[1.2 M LONG DURABLE CABLE] : The Konnect L is about 1.2 M long and this feature allows for maximum convenience of the user. Not only is the cable length ample it also is durably built which ensures that no matter how roughly its handled no harm is done to it!,"electronics,portronics","Verified Purchase,Premium build",budget,https://www.amazon.in/Portronics-Konnect-Charge-Charging-Resistant/dp/B09Q8HMKZX/ref=sr_1_74?qid=1672909128&s=electronics&sr=1-74,,
116,Model,Electronics,Model,Standard,19.5,4.2,2727,/images/products/model.jpg,Full motion cantilever mount,"model,electronics","Verified Purchase,Premium build",budget,https://www.amazon.in/Model-P4-Swivel-32-55-inch-Motion-Cantilever/dp/B07966M8XH/ref=sr_1_76?qid=1672909128&s=electronics&sr=1-76,,
117,oraimo 65W Type C to C Fast Charging,Electronics,oraimo,Standard,4.99,4.5,149,/images/products/oraimo_65w_type_c_to_c_fast_charging.jpg,"🥇【Kindly NOTE before you purchase】:This is a USB-C to USB-C cable, which means it has the same USB C or Type C plug on both sides, please keep a note that this cable is not a USB-C to USB-A cable. Besides, you may need a USB C wall charger to charge your device. This product DO NOT support video ...","oraimo,electronics","Verified Purchase,Premium build",budget,https://www.amazon.in/oraimo-Charging-Syncing-Indicator-Compatible/dp/B0B86CDHL1/ref=sr_1_79?qid=1672909128&s=electronics&sr=1-79,,
118,Pinnaclz Original Combo of 2 Micro USB Fast,Electronics,Pinnaclz,Standard,4.99,4.0,7732,/images/products/pinnaclz_original_combo_of_2_micro_usb_fast.jpg,"[SYNC & CHARGE] : Ideal for charging and powering Micro USB port devices, as well as syncing data, photos and music.","pinnaclz,electronics,smart","Verified Purchase,Premium build",budget,https://www.amazon.in/Pinnaclz-Original-Micro-USB-Charging/dp/B08R69VDHT/ref=sr_1_82?qid=1672909128&s=electronics&sr=1-82,,
119,boAt Type C A750 Stress Resistant,Electronics,boAt,Standard,4.99,4.1,1780,/images/products/boat_type_c_a750_stress_resistant.jpg,"The boAt Type C A750 cable is compatible with smartphones, tablets, PC peripherals, Bluetooth speakers, power banks and all other devices with Type-C ports.","electronics,boat","Verified Purchase,Premium build",budget,https://www.amazon.in/boAt-A750-Tangle-free-Transmission-Rebellious/dp/B09RWZRCP1/ref=sr_1_83?qid=1672909128&s=electronics&sr=1-83,,
120,Ambrane 2 in 1 Type,Electronics,Ambrane,Standard,4.99,4.1,602,/images/products/ambrane_2_in_1_type.jpg,Stay ahead and never miss out with a 3A fast charging speed for your devices,"electronics,ambrane","Verified Purchase,Premium build",budget,https://www.amazon.in/Ambrane-ABDC-10-Charging-Transmission-Compatible/dp/B09CMP1SC8/ref=sr_1_84?qid=1672909128&s=electronics&sr=1-84,,
121,TCL 80 cm,Electronics,TCL,Standard,132.94,4.1,398,/images/products/tcl_80_cm.jpg,Resolution: HD Ready (1366 x 768) ,"tcl,electronics,smart","Verified Purchase,Premium build",mid-range,https://www.amazon.in/TCL-inches-Certified-Android-32S5205/dp/B09ZPM4C2C/ref=sr_1_86?qid=1672909128&s=electronics&sr=1-86,,
122,SWAPKART Fast Charging Cable and Data Sync USB,Electronics,SWAPKART,Standard,4.99,3.9,536,/images/products/swapkart_fast_charging_cable_and_data_sync_usb.jpg,"[High Compatibility] : This iphone data cable supports with iPhone 6,6s,6 plus,6s plus,7 7 plus ,8 8plus,x,xs,11 pro max,12 mini pro max,13 mini pro max iPad Air, iPad mini, iPod Nano and iPod Touch","swapkart,electronics","Verified Purchase,Premium build",budget,https://www.amazon.in/SWAPKART-Charging-Compatible-iPhone-Devices/dp/B0B2DJDCPX/ref=sr_1_87?qid=1672909128&s=electronics&sr=1-87,,
123,Firestick Remote,Electronics,Firestick,Standard,17.49,4.0,32,/images/products/firestick_remote.jpg,"Compatible For Amazon Fire TV Stick (3rd Gen, 2021) ","firestick,electronics","Verified Purchase,Premium build",budget,https://www.amazon.in/Basesailor-2nd-generation-Firestick-Remote/dp/B0BCZCQTJX/ref=sr_1_88?qid=1672909128&s=electronics&sr=1-88,,
124,SKYWALL 81.28 cm,Electronics,SKYWALL,Standard,89.01,3.4,902,/images/products/skywall_81_28_cm.jpg,Resolution: Full HD (1920 x 1080) ,"skywall,smart,electronics","Verified Purchase,Premium build",mid-range,https://www.amazon.in/Skywall-81-28-inches-Smart-32SWELS-PRO/dp/B08QX1CC14/ref=sr_1_91?qid=1672909128&s=electronics&sr=1-91,,
125,boAt A 350 Type C Cable for Smartphone,Electronics,boAt,Standard,4.99,4.4,28791,/images/products/boat_a_350_type_c_cable_for_smartphone.jpg,"A 350 Offers Universal Compatibility With Smartphones, Tablets, Pc Peripherals, Bluetooth Speakers, Power Banks And All Other Devices With Type C Port","smart,electronics,boat","Verified Purchase,Premium build",budget,https://www.amazon.in/boAt-350-Cable-Carbon-Black/dp/B0974H97TJ/ref=sr_1_92?qid=1672909128&s=electronics&sr=1-92,,
126,Wayona Nylon Braided,Electronics,Wayona,Standard,7.91,4.2,24269,/images/products/wayona_nylon_braided.jpg,"[High Compatibility] : iPhone X/XsMax/Xr ,iPhone 8/8 Plus,iPhone 7/7 Plus,iPhone 6s/6s Plus,iPhone 6/6 Plus,iPhone 5/5s/5c/se,iPad Pro,iPad Air 1/2,iPad mini 1/2/3,iPod nano7,iPod touch and more apple devices.","wayona,electronics","Verified Purchase,Premium build",budget,https://www.amazon.in/Wayona-Braided-WN3LG2-Syncing-Charging/dp/B07JH1C41D/ref=sr_1_98?qid=1672909129&s=electronics&sr=1-98,,
127,Gizga Essentials USB WiFi Adapter for PC,Electronics,Gizga,Standard,4.99,3.6,10134,/images/products/gizga_essentials_usb_wifi_adapter_for_pc.jpg,"USB WiFi Adapter: Fast wireless transmission at up to 150 Mbps ideal for video streaming, gaming and internet calls","electronics,wireless,gizga","Verified Purchase,Premium build",budget,https://www.amazon.in/Receiver-300Mbps-802-11b-Wireless-Network/dp/B0141EZMAI/ref=sr_1_99?qid=1672909129&s=electronics&sr=1-99,,
128,OnePlus 108 cm,Electronics,OnePlus,Standard,304.87,4.2,34899,/images/products/oneplus_108_cm.jpg,Resolution : Full HD (1920x1080) ,"oneplus,electronics,smart","Verified Purchase,Premium build",premium,https://www.amazon.in/OnePlus-inches-Smart-Android-Black/dp/B09Q5P2MT3/ref=sr_1_100?qid=1672909129&s=electronics&sr=1-100,,
129,LOHAYA Remote Compatible for Mi Smart LED TV,Electronics,LOHAYA,Standard,4.99,3.8,1079,/images/products/lohaya_remote_compatible_for_mi_smart_led_tv.jpg,Compatible with MI Smart TV 4A 32 inch LED TV /Mi 4A 43 inch LED TV ,"lohaya,smart,electronics","Verified Purchase,Premium build",budget,https://www.amazon.in/LOHAYA-Remote-Compatible-Control-Please/dp/B093ZNQZ2Y/ref=sr_1_108?qid=1672909129&s=electronics&sr=1-108,,
130,Dealfreez Case Compatible with Fire TV Stick 3rd,Electronics,Dealfreez,Standard,4.99,4.3,4145,/images/products/dealfreez_case_compatible_with_fire_tv_stick_3rd.jpg,【Compatibility】: Specially Designed for Fire TV Stick All New Alexa Voice Remote Control (3rd Gen)(2021 Release). (REMOTE NOT INCLUDED),"dealfreez,electronics","Verified Purchase,Premium build",budget,https://www.amazon.in/Dealfreez-Compatible-Silicone-Anti-Lost-D-Black/dp/B09BW334ML/ref=sr_1_112?qid=1672909129&s=electronics&sr=1-112,,
131,Amazon Basics New Release Nylon USB,Electronics,Amazon,Standard,10.35,4.3,6547,/images/products/amazon_basics_new_release_nylon_usb.jpg,Added Protection: An additional layer of protection has been added to the Lightning and USB ends to improve durability and reduce fraying;,"amazon,electronics","Verified Purchase,Premium build",budget,https://www.amazon.in/AmazonBasics-Nylon-Braided-Lightning-Cable/dp/B082T6GVLJ/ref=sr_1_113?qid=1672909129&s=electronics&sr=1-113,,
132,VU 139 cm,Electronics,VU,Standard,463.4,4.3,3587,/images/products/vu_139_cm.jpg,Resolution: 4K Ultra HD (3840x2160) ,"smart,electronics,vu","Verified Purchase,Premium build",premium,https://www.amazon.in/VU-inches-GloLED-Google-55GloLED/dp/B0B9XLX8VR/ref=sr_1_121?qid=1672909130&s=electronics&sr=1-121,,
133,Croma 80 cm,Electronics,Croma,Standard,90.12,4.1,2581,/images/products/croma_80_cm.jpg,Resolution: HD Ready (1366 x 768p) ,"electronics,croma","Verified Purchase,Premium build",mid-range,https://www.amazon.in/Croma-Inches-Ready-CREL7369-Black/dp/B09F6VHQXB/ref=sr_1_123?qid=1672909130&s=electronics&sr=1-123,,
134,Electvision Remote Control Compatible with Amazon Fire tv,Electronics,Electvision,Standard,15.84,3.6,590,/images/products/electvision_remote_control_compatible_with_amazon_fire_tv.jpg,*Please match your previous remote before placing order. or for verification of remote contact our coustmer care 7738090464,"electvision,electronics","Verified Purchase,Premium build",budget,https://www.amazon.in/Electvision-Remote-Control-Compatible-Pairing/dp/B09DDCQFMT/ref=sr_1_130?qid=1672909130&s=electronics&sr=1-130,,
135,Portronics Konnect Spydr 31 3,Electronics,Portronics,Standard,4.99,3.8,132,/images/products/portronics_konnect_spydr_31_3.jpg,3.0A Output,"electronics,portronics","Verified Purchase,Premium build",budget,https://www.amazon.in/Portronics-Konnect-Functional-Resistant-Braided/dp/B0B21C4BMX/ref=sr_1_133?qid=1672909130&s=electronics&sr=1-133,,
136,Remote Control Compatible for Amazon Fire Tv Stick,Electronics,Remote,Standard,18.28,3.7,37,/images/products/remote_control_compatible_for_amazon_fire_tv_stick.jpg,"Compatible with Fire TV Stick Lite, Compatible with Fire TV Stick (2nd Gen and later),Compatible with Fire TV Stick 4K,Compatible with Fire TV Cube (1st Gen and later), and Compatible with Amazon Fire TV (3rd Gen, Pendant Design).","remote,electronics,smart","Verified Purchase,Premium build",budget,https://www.amazon.in/Remote-Control-Compatible-Amazon-basesailor/dp/B0BHZCNC4P/ref=sr_1_135?qid=1672909130&s=electronics&sr=1-135,,
137,Hisense 108 cm,Electronics,Hisense,Standard,255.98,4.1,1259,/images/products/hisense_108_cm.jpg,Resolution: 4K Ultra HD (3840x2160) ,"hisense,smart,electronics","Verified Purchase,Premium build",premium,https://www.amazon.in/Hisense-inches-Certified-Android-43A6GE/dp/B099K9ZX65/ref=sr_1_137?qid=1672909130&s=electronics&sr=1-137,,
138,Redmi 126 cm,Electronics,Redmi,Standard,402.43,4.2,45238,/images/products/redmi_126_cm.jpg,Resolution: 4K Ultra HD (3840 x 2160) ,"redmi,electronics,smart","Verified Purchase,Premium build",premium,https://www.amazon.in/Redmi-inches-Ultra-Android-L50M6-RA/dp/B08Y55LPBF/ref=sr_1_138?qid=1672909130&s=electronics&sr=1-138,,
139,AmazonBasics 6,Electronics,AmazonBasics,Standard,9.74,4.1,28638,/images/products/amazonbasics_6.jpg,DisplayPort male to HDMI male cable allows you to connect a DisplayPort output to an HDMI input,"amazonbasics,electronics","Verified Purchase,Premium build",budget,https://www.amazon.in/AmazonBasics-6-Feet-DisplayPort-port-Cable/dp/B015OW3M1W/ref=sr_1_140?qid=1672909130&s=electronics&sr=1-140,,
140,AmazonBasics 3 Feet High Speed HDMI Male to,Electronics,AmazonBasics,Standard,4.99,4.3,12835,/images/products/amazonbasics_3_feet_high_speed_hdmi_male_to.jpg,Supports full 1080p HD viewing with digital transfer at rates up to 102Gbps - for excellent picture quality,"amazonbasics,electronics","Verified Purchase,Premium build",budget,https://www.amazon.in/AmazonBasics-Speed-Female-Extension-Cable/dp/B01D5H8ZI8/ref=sr_1_141?qid=1672909130&s=electronics&sr=1-141,,
141,iFFALCON 80 cm,Electronics,iFFALCON,Standard,121.94,4.2,1269,/images/products/iffalcon_80_cm.jpg,Resolution: HD Ready (1366 x 768) ,"iffalcon,smart,electronics","Verified Purchase,Premium build",mid-range,https://www.amazon.in/iFFALCON-inches-Ready-Smart-TV-32F53/dp/B09X1M3DHX/ref=sr_1_142?qid=1672909130&s=electronics&sr=1-142,,
142,7SEVEN® Compatible Lg Smart Tv Remote Suitable for,Electronics,7SEVEN®,Standard,4.99,4.2,284,/images/products/7seven_compatible_lg_smart_tv_remote_suitable_for.jpg,Best Compatible Remote Control for LG television Models are AKB75095304 AKB75095305 AKB75095306 AKB75095307 AKB75095308,"7seven®,smart,electronics","Verified Purchase,Premium build",budget,https://www.amazon.in/7SEVENTM-Universal-Replacement-Original-AKB75095303/dp/B09MM6P76N/ref=sr_1_143?qid=1672909130&s=electronics&sr=1-143,,
143,AmazonBasics 3.5mm to 2,Electronics,AmazonBasics,Standard,5.96,4.4,69538,/images/products/amazonbasics_3_5mm_to_2.jpg,"Adapter cable connects a smartphone, tablet, or MP3 player to a speaker, stereo receiver, or other RCA-enabled device","amazonbasics,electronics,smart","Verified Purchase,Premium build",budget,https://www.amazon.in/AmazonBasics-3-5mm-2-Male-Adapter-cable/dp/B01D5H8LDM/ref=sr_1_144?qid=1672909130&s=electronics&sr=1-144,,
144,Wayona Usb Type C 65W 6Ft/2M Long Fast,Electronics,Wayona,Standard,4.99,4.3,2806,/images/products/wayona_usb_type_c_65w_6ft_2m_long_fast.jpg,"【NOTE before purchase】: This is a USB C to USB C cable, which means it has the same USB C plug on both ends, please be aware that this is not a USB C to USB A cable. Besides, you may need a USB C wall charger to charge your device.","wayona,electronics","Verified Purchase,Premium build",budget,https://www.amazon.in/Wayona-Charging-Cable-Compatible-Samsung/dp/B09QGZM8QB/ref=sr_1_149?qid=1672909131&s=electronics&sr=1-149,,
145,AmazonBasics New Release ABS USB,Electronics,AmazonBasics,Standard,8.4,4.2,42301,/images/products/amazonbasics_new_release_abs_usb.jpg,Added Protection: An Additional Layer Of Protection Has Been Added To The Lightning And Usb Ends To Improve Durability And Reduce Fraying;,"amazonbasics,electronics","Verified Purchase,Premium build",budget,https://www.amazon.in/AmazonBasics-Lightning-USB-Cable-Certified/dp/B082T6GVG9/ref=sr_1_153?qid=1672909131&s=electronics&sr=1-153,,
146,pTron Solero 331 3.4Amps Multifunction Fast Charging Cable,Electronics,pTron,Standard,4.99,3.9,1075,/images/products/ptron_solero_331_3_4amps_multifunction_fast_charging_cable.jpg,"Fast Charging - All combined 3-in-1 USB cable supports fast charging with a speed of up to 3.4Amps to all your gadgets including smartphones, tablets, Bluetooth speakers, and much more.","ptron,electronics","Verified Purchase,Premium build",budget,https://www.amazon.in/pTron-3-4Amps-Multifunction-Charging-Tangle-free/dp/B0B4HKH19N/ref=sr_1_155?qid=1672909131&s=electronics&sr=1-155,,
147,boAt Type,Electronics,boAt,Standard,4.99,4.3,20850,/images/products/boat_type.jpg,Support The Maximum 3A Fast Charging And The Speed Of Data Sync Up To 480 Mbps,"electronics,boat","Verified Purchase,Premium build",budget,https://www.amazon.in/Indestructible-Type-C-Cable-Type-Phones/dp/B071SDRGWL/ref=sr_1_158?qid=1672909131&s=electronics&sr=1-158,,
148,Zoul Type C to Type C Fast Charging,Electronics,Zoul,Standard,4.99,4.1,2685,/images/products/zoul_type_c_to_type_c_fast_charging.jpg,"【NOTE before purchase】:This is a USB C to USB C cable, which means it has the same USB C connector on both ends, please be aware that this is not a USB C to USB A cable. So, you may need a USB C wall charger to charge your device.","electronics,zoul","Verified Purchase,Premium build",budget,https://www.amazon.in/Charging-Braided-Compatible-Samsung-Galaxy/dp/B08PSQRW2T/ref=sr_1_159?qid=1672909131&s=electronics&sr=1-159,,
149,LRIPL Mi Remote Control with Netflix & Prime,Electronics,LRIPL,Standard,7.99,3.2,285,/images/products/lripl_mi_remote_control_with_netflix_prime.jpg,"This Voice Command Compatible Remote is for Mi LED Smart TV 4A (32""/43"") Remote Control with NetFlix and YouTube Feature.","smart,electronics,lripl","Verified Purchase,Premium build",budget,https://www.amazon.in/LRIPL-Remote-Control-Netflix-Compatible/dp/B08RX8G496/ref=sr_1_161?qid=1672909131&s=electronics&sr=1-161,,
150,Kodak 80 cm,Electronics,Kodak,Standard,121.94,4.2,6088,/images/products/kodak_80_cm.jpg,Resolution: HD Ready (1366 x 768) ,"kodak,electronics","Verified Purchase,Premium build",mid-range,https://www.amazon.in/Kodak-Inches-Certified-Android-32HDX7XPRO/dp/B08CS3BT4L/ref=sr_1_163?qid=1672909131&s=electronics&sr=1-163,,
151,Ambrane Fast 100W Output Cable with Type,Electronics,Ambrane,Standard,6.09,4.2,919,/images/products/ambrane_fast_100w_output_cable_with_type.jpg,Stay ahead and never miss out with a 5A fast charging speed for your devices,"electronics,ambrane","Verified Purchase,Premium build",budget,https://www.amazon.in/Ambrane-Charging-480mbps-ABCC-100-Black-Grey/dp/B09CMQRQM6/ref=sr_1_166?qid=1672909131&s=electronics&sr=1-166,,
152,BlueRigger Digital Optical Audio Toslink Cable,Electronics,BlueRigger,Standard,5.07,4.2,30023,/images/products/bluerigger_digital_optical_audio_toslink_cable.jpg,Enables easy installation of audio components to your audio or home theater system,"bluerigger,electronics","Verified Purchase,Premium build",budget,https://www.amazon.in/BlueRigger-Digital-Optical-Audio-Toslink/dp/B005LJQMCK/ref=sr_1_167?qid=1672909131&s=electronics&sr=1-167,,
153,VU 138 cm,Electronics,VU,Standard,365.73,4.1,211,/images/products/vu_138_cm.jpg,Resolution: 4K (3840x2160) ,"smart,electronics,vu","Verified Purchase,Premium build",premium,https://www.amazon.in/VU-inches-Premium-Ultra-Smart/dp/B0BB3CBFBM/ref=sr_1_169?qid=1672909133&s=electronics&sr=1-169,,
154,GENERIC Ultra,Electronics,GENERIC,Standard,4.99,3.4,4642,/images/products/generic_ultra.jpg,Item design may vary as per stock availability.,"generic,electronics","Verified Purchase,Premium build",budget,https://www.amazon.in/GENERIC-Ultra-Mini-Bluetooth-Dongle-Adapter/dp/B0117H7GZ6/ref=sr_1_173_mod_primary_new?qid=1672909133&s=electronics&sbo=RZvfv%2F%2FHxDF%2BO5021pAnSA%3D%3D&sr=1-173,,
155,7SEVEN® Compatible for Sony Bravia LCD LED UHD,Electronics,7SEVEN®,Standard,4.99,3.9,254,/images/products/7seven_compatible_for_sony_bravia_lcd_led_uhd.jpg,1. Remote control suitable for sony tv LCD/ LED/ UHD TV smart controller with Youtube netflix button RMT-TX300E rmf-tx100e RMT-TX202P RMT-TX300P MT-TX300E RMT-TX300P compatible Remote for Sony TV KD-55X7000F KD-43X7000F KD-49X7000F KDL-43W660F KD-65X7000F KD-43X7000E KD-49X7000E KD-55X7000E KD-65...,"7seven®,smart,electronics","Verified Purchase,Premium build",budget,https://www.amazon.in/7SEVEN-Control-YouTube-Netflix-Compatible/dp/B08RWCZ6SY/ref=sr_1_178?qid=1672909133&s=electronics&sr=1-178,,
156,Wayona Type C Cable Nylon Braided USB C,Electronics,Wayona,Standard,4.99,4.3,6255,/images/products/wayona_type_c_cable_nylon_braided_usb_c.jpg,"✅【Fast Charge & Data Sync】: Fast charge& data transfer USB A to USB C, conforming to the USB Type C Specification version 1.1, 56kilohm, which ensure a safe charging at 4.8A Maximum. Charging and syncing 2 in 1, data transfer speed up to 480Mbps.","wayona,electronics","Verified Purchase,Premium build",budget,https://www.amazon.in/Wayona-Braided-Charging-Samsung-Galaxy/dp/B081FG1QYX/ref=sr_1_180?qid=1672909133&s=electronics&sr=1-180,,
157,Pinnaclz Original Combo of 2 USB Type C,Electronics,Pinnaclz,Standard,4.99,4.0,7732,/images/products/pinnaclz_original_combo_of_2_usb_type_c.jpg,"[SYNC & CHARGE] : Ideal for charging and powering USB Type-C enabled devices, as well as syncing data, photos and music.","pinnaclz,electronics,smart","Verified Purchase,Premium build",budget,https://www.amazon.in/Pinnaclz-Original-Type-Charging-Transfer/dp/B08R69WBN7/ref=sr_1_182?qid=1672909133&s=electronics&sr=1-182,,
158,Belkin USB C to USB,Electronics,Belkin,Standard,7.3,4.5,577,/images/products/belkin_usb_c_to_usb.jpg,2-Year Manufacturing Warranty,"smart,electronics,belkin","Verified Purchase,Premium build",budget,https://www.amazon.in/Belkin-USB-C-Charging-USB-IF-Certified/dp/B084N18QZY/ref=sr_1_184?qid=1672909133&s=electronics&sr=1-184,,
159,LOHAYA Television Remote Compatible with Samsung Smart LED/LCD/HD,Electronics,LOHAYA,Standard,4.99,3.9,1193,/images/products/lohaya_television_remote_compatible_with_samsung_smart_led_lcd_hd.jpg,Compatible Device For Samsung Smart LED/LCD/HD TV Remote Control,"lohaya,smart,electronics","Verified Purchase,Premium build",budget,https://www.amazon.in/LOHAYA-Television-Compatible-Samsung-Control/dp/B081NHWT6Z/ref=sr_1_185?qid=1672909133&s=electronics&sr=1-185,,
160,Wayona Nylon Braided Lightning USB Data Sync &,Electronics,Wayona,Standard,4.99,4.2,13120,/images/products/wayona_nylon_braided_lightning_usb_data_sync.jpg,"[High Compatibility] : iPhones, iPad Air, iPad mini, iPod Nano and iPod Touch","wayona,electronics","Verified Purchase,Premium build",budget,https://www.amazon.in/Wayona-Nylon-Braided-Charging-iPhones/dp/B07JPJJZ2H/ref=sr_1_186?qid=1672909133&s=electronics&sr=1-186,,
161,realme 10W Fast Charging Micro,Electronics,realme,Standard,4.99,4.0,6558,/images/products/realme_10w_fast_charging_micro.jpg,realme's 10W Micro-USB Cable is compatible with both smartphones and tablets (running Android & having Micro-USB Input Port),"realme,electronics","Verified Purchase,Premium build",budget,https://www.amazon.in/realme-Charging-Micro-USB-Cable-Braided/dp/B09PNR6F8Q/ref=sr_1_189?qid=1672909133&s=electronics&sr=1-189,,
162,Wayona USB Type C 65W Fast Charging 2M/6Ft,Electronics,Wayona,Standard,4.99,4.3,2651,/images/products/wayona_usb_type_c_65w_fast_charging_2m_6ft.jpg,"~ QC3.0 FAST CHARGING & DATA SYNC : This 2meter/3ft USB C cable support QC3.0 Fast Charging and Data Syncing, max current 3.0A and transfer speed up to 480Mbps. Built-in 56K pull-up resistor and strong metal connections provide outstandingly reliable conductivity and stability.","wayona,electronics","Verified Purchase,Premium build",budget,https://www.amazon.in/Wayona-Charging-Charger-Samsung-Galaxy/dp/B08CTNJ985/ref=sr_1_193?qid=1672909134&s=electronics&sr=1-193,,
163,Syncwire LTG to USB Cable for Fast Charging,Electronics,Syncwire,Standard,4.99,5.0,5,/images/products/syncwire_ltg_to_usb_cable_for_fast_charging.jpg,This sturdy and durable cable made of tpe and premium copper protects it from bending and coiling.,"electronics,syncwire","Verified Purchase,Premium build",budget,https://www.amazon.in/Syncwire-Cable-Charging-Compatible-Devices/dp/B0BP7XLX48/ref=sr_1_194?qid=1672909134&s=electronics&sr=1-194,,
164,Zoul USB C to USB C Fast Charging,Electronics,Zoul,Standard,4.99,4.1,2685,/images/products/zoul_usb_c_to_usb_c_fast_charging.jpg,"【High Charging Speed 65W】: Output power up to 20V 3.25A, which is ensured by high-speed and safe charging, and the USB 2.0 supports data transfer speed which can reach 40~60MB/S (480Mbps).","electronics,zoul","Verified Purchase,Premium build",budget,https://www.amazon.in/Charging-Braided-Compatible-Samsung-Galaxy/dp/B08PSVBB2X/ref=sr_1_197?qid=1672909134&s=electronics&sr=1-197,,
165,Sony TV,Electronics,Sony,Standard,4.99,3.8,313,/images/products/sony_tv.jpg,Soft & Durable Keypad Durable Quality,"sony,electronics","Verified Purchase,Premium build",budget,https://www.amazon.in/Sony-TV-Remote-Compatible-Control/dp/B09L8DT7D6/ref=sr_1_200?qid=1672909134&s=electronics&sr=1-200,,
166,boAt LTG 500 Apple MFI Certified for iPhone,Electronics,boAt,Standard,10.35,4.1,6736,/images/products/boat_ltg_500_apple_mfi_certified_for_iphone.jpg,"Compatible with Apple iPhone 6/ 6 Plus, 5S/5C/5, iPad Air 1/2, iPad2/3/4, iPad Mini 1/2/3, iPad Retina and iPod Touch","electronics,boat","Verified Purchase,Premium build",budget,https://www.amazon.in/LTG500-Indestructible-Certified-Lightning-2Meter/dp/B0162K34H2/ref=sr_1_202?qid=1672909134&s=electronics&sr=1-202,,
167,AmazonBasics USB C to Lightning Aluminum with Nylon,Electronics,AmazonBasics,Standard,11.57,4.4,13552,/images/products/amazonbasics_usb_c_to_lightning_aluminum_with_nylon.jpg,"Nylon-braided charging cable with a USB-C power adapter to fast charge your iPhone, iPad, and iPods","amazonbasics,electronics","Verified Purchase,Premium build",budget,https://www.amazon.in/AmazonBasics-Lightning-Aluminum-Certified-Charging/dp/B0B8SRZ5SV/ref=sr_1_203?qid=1672909134&s=electronics&sr=1-203,,
168,AmazonBasics Double Braided Nylon USB Type,Electronics,AmazonBasics,Standard,6.09,4.3,5451,/images/products/amazonbasics_double_braided_nylon_usb_type.jpg,"Connect USB Type-C enabled devices (MacBook, Chromebook Pixel, Galaxy Note 7, etc.) with standard USB Type-C 2.0 enabled devices and accessories (smartphones, car/wall charger, multi-port adapters, etc.)","amazonbasics,electronics,smart","Verified Purchase,Premium build",budget,https://www.amazon.in/AmazonBasics-Double-Braided-Nylon-Type-C/dp/B07CWNJLPC/ref=sr_1_204?qid=1672909134&s=electronics&sr=1-204,,
169,Amazon Basics USB 3.0 Cable,Electronics,Amazon,Standard,4.99,4.3,10911,/images/products/amazon_basics_usb_3_0_cable.jpg,One USB 3.0 Cable - A Male to Micro B - 6 Feet (1.8 Meters),"amazon,electronics","Verified Purchase,Premium build",budget,https://www.amazon.in/AmazonBasics-USB-3-0-Cable-Meters/dp/B00NH12R1O/ref=sr_1_205?qid=1672909134&s=electronics&sr=1-205,,
170,Wayona Usb C 65W Fast Charging Cable Compatible,Electronics,Wayona,Standard,4.99,4.3,2806,/images/products/wayona_usb_c_65w_fast_charging_cable_compatible.jpg,"【NOTE before purchase】: This is a USB-C to USB-C cable, which means it has the same USB C plug on both ends, please be aware that this is not a USB-C to USB-A cable. Besides, you may need a USB C wall charger to charge your device.","wayona,electronics","Verified Purchase,Premium build",budget,https://www.amazon.in/Wayona-Charging-Charger-Compatible-Samsung/dp/B08WKG2MWT/ref=sr_1_207?qid=1672909134&s=electronics&sr=1-207,,
171,Duracell Micro USB 3A Braided Sync & Fast,Electronics,Duracell,Standard,4.99,4.1,491,/images/products/duracell_micro_usb_3a_braided_sync_fast.jpg,1.2M Tangle Free durable tough braiding sync & charge cable,"duracell,electronics","Verified Purchase,Premium build",budget,https://www.amazon.in/DURACELL-Micro-braided-Charge-Cable/dp/B09C6FML9B/ref=sr_1_214?qid=1672909134&s=electronics&sr=1-214,,
172,Zebronics CU3100V Fast charging Type C cable with,Electronics,Zebronics,Standard,4.99,3.9,61,/images/products/zebronics_cu3100v_fast_charging_type_c_cable_with.jpg,Fast charging support for various smart phones with the standard QC 18W support (using compatible USB charger).,"zebronics,electronics","Verified Purchase,Premium build",budget,https://www.amazon.in/Zebronics-CU3100V-charging-capacity-durability/dp/B0B65MJ45G/ref=sr_1_215?qid=1672909134&s=electronics&sr=1-215,,
173,Belkin Apple Certified Lightning to USB Charge and,Electronics,Belkin,Standard,12.18,4.4,7318,/images/products/belkin_apple_certified_lightning_to_usb_charge_and.jpg,Usb-A To Lightning Cable,"electronics,belkin","Verified Purchase,Premium build",budget,https://www.amazon.in/Belkin-Lightning-AirPods-MFi-Certified-Charging/dp/B084MZXJN6/ref=sr_1_218?qid=1672909135&s=electronics&sr=1-218,,
174,Caldipree Silicone Case Cover Compatible for 2022 Samsung,Electronics,Caldipree,Standard,6.67,4.3,407,/images/products/caldipree_silicone_case_cover_compatible_for_2022_samsung.jpg,Compatible: This silicone case cover is for Samsung Smart TV remote with solar cell BN59-01311B/BN59-01311G/BN59-01327/BN59-01327A/BN59-01327B/BN59-01327C/BN59-01357/BN59-01357A/BN59-01357B/BN59-01357D/BN59-01357C/BN59-01357F/BN59-01357G/BN59-01357L/BN59-01358D/BN59-01363A/BN59-01363C/BN59-01363J...,"caldipree,smart,electronics","Verified Purchase,Premium build",budget,https://www.amazon.in/Caldipree-Silicone-Compatible-BN68-13897A-2022-BLACK/dp/B0BCKWZ884/ref=sr_1_221?qid=1672909135&s=electronics&sr=1-221,,
175,Amkette 30 Pin to USB Charging & Data,Electronics,Amkette,Standard,5.48,4.0,3231,/images/products/amkette_30_pin_to_usb_charging_data.jpg,"RELIABLE: Highest standard cable to ensure optimum performance.1.5m LONG cable cable ensures that you can simply use and carry it anywhere be it office, home, car,etc.","amkette,electronics","Verified Purchase,Premium build",budget,https://www.amazon.in/Amkette-Charging-Cable-iPhone-Touch/dp/B00RGLI0ZS/ref=sr_1_226?qid=1672909135&s=electronics&sr=1-226,,
176,POPIO Type C Dash Charging USB Data Cable,Electronics,POPIO,Standard,4.99,3.9,8314,/images/products/popio_type_c_dash_charging_usb_data_cable.jpg,"Connect USB Type-C enabled devices (Oneplus, MacBook, Chromebook Pixel, Galaxy Note 7, etc.) with standard USB Type-A enabled devices (laptops, hard drives, power banks, wall/car chargers, etc.).","electronics,popio","Verified Purchase,Premium build",budget,https://www.amazon.in/POPIO-Charging-Cable-OnePlus-Devices/dp/B07HZ2QCGR/ref=sr_1_228?qid=1672909135&s=electronics&sr=1-228,,
177,WZATCO Pixel,Electronics,WZATCO,Standard,79.15,4.0,27,/images/products/wzatco_pixel.jpg,"💖 [Small Size but Powerful Effects] 2022 upgraded Pixel projector provides clear and true-to-life images that are 30% brighter than other similar projectors on the market. This tiny projector with 6.2""X4.7""X2.9"" small size and 480 grams light weight, can be easily put in your handbag for travelin...","wzatco,electronics","Verified Purchase,Premium build",mid-range,https://www.amazon.in/WZATCO-Pixel-Portable-Projector-Compatible/dp/B0BLV1GNLN/ref=sr_1_231?qid=1672909135&s=electronics&sr=1-231,,
178,AmazonBasics USB 2.0 Extension Cable for Personal Computer,Electronics,AmazonBasics,Standard,4.99,4.5,74977,/images/products/amazonbasics_usb_2_0_extension_cable_for_personal_computer.jpg,Two 3.3-feet (1.0 meter) USB 2.0 A-Male to A-Female high-speed extension cables,"amazonbasics,electronics","Verified Purchase,Premium build",budget,https://www.amazon.in/AmazonBasics-Extension-Cable-2-Pack-Female/dp/B00NH13Q8W/ref=sr_1_233?qid=1672909135&s=electronics&sr=1-233,,
179,Amazon Basics USB C to Lightning TPE MFi,Electronics,Amazon,Standard,9.74,4.2,8583,/images/products/amazon_basics_usb_c_to_lightning_tpe_mfi.jpg,TPE MFi-certified charging cable to fast charge your Apple devices,"amazon,electronics","Verified Purchase,Premium build",budget,https://www.amazon.in/Amazon-Basics-Lightning-Certified-Charging/dp/B0B8SSZ76F/ref=sr_1_234?qid=1672909135&s=electronics&sr=1-234,,
180,Crypo™ Universal Remote Compatible with Tata Sky Universal,Electronics,Crypo™,Standard,4.99,3.8,928,/images/products/crypo_universal_remote_compatible_with_tata_sky_universal.jpg,☛ Compatible With Tata Sky SD / HD / HD+ Plus / 4K DTH Set Top Box.,"crypo™,electronics","Verified Purchase,Premium build",budget,https://www.amazon.in/CrypoTM-Universal-Remote-Compatible-Sky/dp/B0841KQR1Z/ref=sr_1_235?qid=1672909135&s=electronics&sr=1-235,,
181,Karbonn 80 cm,Electronics,Karbonn,Standard,85.35,3.8,110,/images/products/karbonn_80_cm.jpg,Resolution: HD Ready (1366x768) ,"karbonn,electronics","Verified Purchase,Premium build",mid-range,https://www.amazon.in/Karbonn-Millennium-KJW32NSHDF-Phantom-Bezel-Less/dp/B0B467CCB9/ref=sr_1_236?qid=1672909135&s=electronics&sr=1-236,,
182,OnePlus 138.7 cm,Electronics,OnePlus,Standard,524.38,4.1,6753,/images/products/oneplus_138_7_cm.jpg,Resolution: 4K Ultra HD (3840x2160) ,"oneplus,electronics,smart","Verified Purchase,Premium build",luxury,https://www.amazon.in/OnePlus-138-7-inches-Android-55U1S/dp/B095JQVC7N/ref=sr_1_237?qid=1672909135&s=electronics&sr=1-237,,
183,boAt LTG 550v3 Lightning Apple MFi Certified Cable,Electronics,boAt,Standard,10.35,3.9,356,/images/products/boat_ltg_550v3_lightning_apple_mfi_certified_cable.jpg,"The boAt LTG 550v3 Apple MFi Certified Lightning Cable is compatible with all iPhone, iPod, iPad and other lightning devices with this charging type.","electronics,boat","Verified Purchase,Premium build",budget,https://www.amazon.in/boAt-LTG-550v3-Lightning-Resistance/dp/B09JSW16QD/ref=sr_1_240?qid=1672909135&s=electronics&sr=1-240,,
184,Wayona Nylon Braided Usb Syncing And Charging Cable,Electronics,Wayona,Standard,7.91,4.2,24269,/images/products/wayona_nylon_braided_usb_syncing_and_charging_cable.jpg,"[High Compatibility] : iPhone X/XsMax/Xr ,iPhone 8/8 Plus,iPhone 7/7 Plus,iPhone 6s/6s Plus,iPhone 6/6 Plus,iPhone 5/5s/5c/se,iPad Pro,iPad Air 1/2,iPad mini 1/2/3,iPod nano7,iPod touch and more apple devices.","wayona,electronics","Verified Purchase,Premium build",budget,https://www.amazon.in/Wayona-Braided-WN3LB2-Syncing-Charging/dp/B07JH1CBGW/ref=sr_1_241?qid=1672909136&s=electronics&sr=1-241,,
185,Astigo Compatible Remote for Airtel Digital Set Top,Electronics,Astigo,Standard,4.99,3.8,425,/images/products/astigo_compatible_remote_for_airtel_digital_set_top.jpg,Not Suitable for Airtel Internet Tv Set top box,"electronics,astigo","Verified Purchase,Premium build",budget,https://www.amazon.in/Astigo-Compatible-Remote-Airtel-Set/dp/B09127FZCK/ref=sr_1_242?qid=1672909136&s=electronics&sr=1-242,,
186,Caprigo Heavy Duty TV Wall Mount Stand for,Electronics,Caprigo,Standard,4.99,4.1,1161,/images/products/caprigo_heavy_duty_tv_wall_mount_stand_for.jpg,"TV & Monitor Wall Mount Compatibility : 12 To 27 inch (LED/HD/QLED/LCD/UHD/3D/4K/Monitor/Curved/Smart Screens) From All Universal Brands Like Samsung, BenQ, LG, Acer, Dell, Sony, Lenovo, HP, ViewSonic, Asus, Hisense, Kevin, Sanyo, Shinco, Elara, Xiaomi, Mi, VU, Adsun, iFalcon, Realme, Vise, Croma...","electronics,caprigo","Verified Purchase,Premium build",budget,https://www.amazon.in/Caprigo-Universal-Monitor-Rotatable-Black-M416/dp/B083GQGT3Z/ref=sr_1_243?qid=1672909136&s=electronics&sr=1-243,,
187,TATA SKY HD Connection with 1 month basic,Electronics,TATA,Standard,15.23,4.3,7636,/images/products/tata_sky_hd_connection_with_1_month_basic.jpg,Enjoy the high definition experience with 1080i resolution,"electronics,tata","Verified Purchase,Premium build",budget,https://www.amazon.in/TATASKY-Connection-Month-Basic-Installation/dp/B07YZG8PPY/ref=sr_1_245?qid=1672909136&s=electronics&sr=1-245,,
188,Rts™ High Speed 3D Full HD 1080p Support,Electronics,Rts™,Standard,7.29,4.2,910,/images/products/rts_high_speed_3d_full_hd_1080p_support.jpg,"The Rts (Radhey Techno Servies) High Speed HDMI Cable with Ethernet - Supports 3D, 4K and Audio Return Compatible with Blu-ray players, Fire TV, Apple TV, PS4, PS3, XBox one, Xbox 360, Cable Box, Roku, computers and other HDMI-enabled devices to TVs, displays, A/V receivers and more","rts™,electronics","Verified Purchase,Premium build",budget,https://www.amazon.in/RTSTM-Support-10-Meters-Devices/dp/B0718ZN31Q/ref=sr_1_249?qid=1672909136&s=electronics&sr=1-249,,
189,Sansui 140cm,Electronics,Sansui,Standard,402.32,4.3,567,/images/products/sansui_140cm.jpg,Resolution: 4K Ultra HD (3840x2160) ,"sansui,electronics","Verified Purchase,Premium build",premium,https://www.amazon.in/Sansui-Certified-Android-JSW55ASUHD-Mystique/dp/B09NNGHG22/ref=sr_1_254?qid=1672909136&s=electronics&sr=1-254,,
190,LOHAYA LCD/LED Remote Compatible for Sony Bravia Smart,Electronics,LOHAYA,Standard,4.99,3.5,466,/images/products/lohaya_lcd_led_remote_compatible_for_sony_bravia_smart.jpg,Compatible Device For Sony Smart Android tv Remote Control,"lohaya,smart,electronics","Verified Purchase,Premium build",budget,https://www.amazon.in/LOHAYA-Remote-Compatible-Smart-Control/dp/B07V5YF4ND/ref=sr_1_255?qid=1672909136&s=electronics&sr=1-255,,
191,7SEVEN® TCL Remote Control Smart TV RC802V Remote,Electronics,7SEVEN®,Standard,4.99,3.4,431,/images/products/7seven_tcl_remote_control_smart_tv_rc802v_remote.jpg,Compatible for TCL 65P8S 32A323 32A325 32P30S 32S6500 32S6500A 32S6500S 32S6510S 32S6800 32S6800S 40A323 40A325 40S6500 40S6500FS 40S6510FS 40S6800 40S6800FS 43P30FS 43S6500 43S6500FS 43S6510FS 43S6800FS 49P30FS 49S6500 49S6500FS 49S6510FS 49S6800 49S6800FS 50P8 50P8S 55EP680 55P8 55P8S 65P8 65P8...,"7seven®,smart,electronics","Verified Purchase,Premium build",budget,https://www.amazon.in/RC802V-Compatible-43S6500FS-49S6800FS-Non-Bluetooth/dp/B097ZQTDVZ/ref=sr_1_258?qid=1672909136&s=electronics&sr=1-258,,
192,Wayona Usb Type C To Usb Nylon Braided,Electronics,Wayona,Standard,4.99,4.3,6255,/images/products/wayona_usb_type_c_to_usb_nylon_braided.jpg,"✅【Fast Charge & Data Sync】: Fast charge& data transfer USB A to USB C, conforming to the USB Type C Specification version 1.1, 56kilohm, which ensure a safe charging at 4.8A Maximum. Charging and syncing 2 in 1, data transfer speed up to 480Mbps.","wayona,smart,electronics","Verified Purchase,Premium build",budget,https://www.amazon.in/Wayona-Braided-Charger-Charging-Samsung/dp/B081FJWN52/ref=sr_1_273?qid=1672909138&s=electronics&sr=1-273,,
193,Caprigo Heavy Duty TV Wall Mount Bracket for,Electronics,Caprigo,Standard,4.99,4.0,1236,/images/products/caprigo_heavy_duty_tv_wall_mount_bracket_for.jpg,"TV Wall Bracket Compatibility : 14 To 32 Inch (LED, HD, QLED, LCD, OLED, UHD, 4K, Monitor, Curved, Smart TV’s) From All Leading Brands. Ideally Compatible With OnePlus Y Series , Samsung , Sony Bravia , LG , Mi Pro 4A , 4C 5A Series 32 Inch LED TV’s.","smart,electronics,caprigo","Verified Purchase,Premium build",budget,https://www.amazon.in/Maxicom-B-28-Universal-Bracket-inches/dp/B0758F7KK7/ref=sr_1_274?qid=1672909138&s=electronics&sr=1-274,,
194,Boat A 350 Type C Cable 1.5m,Electronics,Boat,Standard,4.99,4.4,28791,/images/products/boat_a_350_type_c_cable_1_5m.jpg,"2 years warranty from the date of purchase, you can activate your warranty by giving a missed call on 9223032222. Alternatively you can claim your warranty at or reach out to us at +912249461882/info@i","electronics,boat","Verified Purchase,Premium build",budget,https://www.amazon.in/Boat-Type-Cable-1-5m-Black/dp/B08NCKT9FG/ref=sr_1_284?qid=1672909138&s=electronics&sr=1-284,,
195,pTron Solero M241 2.4A Micro USB Data &,Electronics,pTron,Standard,4.99,3.9,1075,/images/products/ptron_solero_m241_2_4a_micro_usb_data.jpg,"Solero M241 data and charging cable is equipped with a Micro USB port, the cable supports up to 2.4Amps of power output for powering and fast charging your smart device.","ptron,electronics","Verified Purchase,Premium build",budget,https://www.amazon.in/pTron-Charging-480Mbps-Durable-1-Meter/dp/B0B4T6MR8N/ref=sr_1_287?qid=1672909138&s=electronics&sr=1-287,,
196,Croma 3A Fast charge 1m Type,Electronics,Croma,Standard,4.99,3.9,295,/images/products/croma_3a_fast_charge_1m_type.jpg,Type-C to Type-C sync and charge cable supports up to 2.4Amps of output for powering and fast charging your smart device.,"electronics,croma","Verified Purchase,Premium build",budget,https://www.amazon.in/Croma-transfer-Durability-warranty-CRCMA0106sTC10/dp/B09BW2GP18/ref=sr_1_289?qid=1672909138&s=electronics&sr=1-289,,
197,Sony Bravia 164 cm,Electronics,Sony,Standard,951.1,4.7,5935,/images/products/sony_bravia_164_cm.jpg,Resolution: 4K Ultra HD (3840 x 2160) ,"sony,smart,electronics","Verified Purchase,Premium build",luxury,https://www.amazon.in/Sony-Bravia-inches-Google-KD-65X74K/dp/B09WN3SRC7/ref=sr_1_291?qid=1672909138&s=electronics&sr=1-291,,
198,7SEVEN® Compatible for Mi tv Remote Control Original,Electronics,7SEVEN®,Standard,4.99,3.6,323,/images/products/7seven_compatible_for_mi_tv_remote_control_original.jpg,Compatible mi remote control with : MI smart Tv 4A 32 inch Led TV /Mi 4A 43 inch led TV,"7seven®,smart,electronics","Verified Purchase,Premium build",budget,https://www.amazon.in/7SEVEN-Compatible-Non-Voice-Infrared-Universal/dp/B09B125CFJ/ref=sr_1_290?qid=1672909139&s=electronics&sr=1-290,,
199,7SEVEN® Compatible Vu Smart Tv Remote Control Suitable,Electronics,7SEVEN®,Standard,6.09,3.7,185,/images/products/7seven_compatible_vu_smart_tv_remote_control_suitable.jpg,"[Compatible Devices]: High-grade remote control Compatible with Vu LED / LCD TV Remote Control (Same Model Only). Farther transmitting distance, stable performance. Replaces your damage or old one and covers all the functions of the original remote.","7seven®,smart,electronics","Verified Purchase,Premium build",budget,https://www.amazon.in/7SEVENTM-Compatible-Android-Original-Replacement/dp/B09RQRZW2X/ref=sr_1_291?qid=1672909139&s=electronics&sr=1-291,,
200,Storite High Speed Micro USB 3.0 Cable A,Electronics,Storite,Standard,4.99,4.2,2117,/images/products/storite_high_speed_micro_usb_3_0_cable_a.jpg,High performance Micro USB 3.0 cable connects a portable external USB 3.0 hard drive to a computer for speedy file transfer or synchs and charges smartphones or tablets equipped with the USB 3.0 Micro-B port,"storite,electronics","Verified Purchase,Premium build",budget,https://www.amazon.in/Storite-Feet-Micro-USB-Cable/dp/B07924P3C5/ref=sr_1_292?qid=1672909139&s=electronics&sr=1-292,,
201,SVM Products Unbreakable Set Top Box Stand with,Electronics,SVM,Standard,4.99,3.6,1796,/images/products/svm_products_unbreakable_set_top_box_stand_with.jpg,"Material : Plastic Unbreakable, Colour : Black","electronics,svm","Verified Purchase,Premium build",budget,https://www.amazon.in/SVM-Products-Premium-Quality-Unbreakable/dp/B07VVXJ2P5/ref=sr_1_300?qid=1672909139&s=electronics&sr=1-300,,
202,CableCreation RCA to 3.5mm Male Audio Cable,Electronics,CableCreation,Standard,5.35,4.2,4296,/images/products/cablecreation_rca_to_3_5mm_male_audio_cable.jpg,"🛒【CableCreation RCA Cable】:Great for connecting portable audio devices, such as for Smartphone (iPhone), MP3 player (iPod) or tablet (iPad) to a stereo receiver, speaker or other RCA-enabled device.❗❗❗:CableCreation backed with 2 years worry-free warranty and 7*24 friendly customer service. Any f...","electronics,cablecreation","Verified Purchase,Premium build",budget,https://www.amazon.in/Cablecreation-Audio-Cable-3-5mm-2-Male/dp/B06XFTHCNY/ref=sr_1_305?qid=1672909139&s=electronics&sr=1-305,,
203,Wayona USB Type C Fast Charging Cable Charger,Electronics,Wayona,Standard,4.99,4.3,2651,/images/products/wayona_usb_type_c_fast_charging_cable_charger.jpg,"NYLON BRAIDED, EXTREME DURABILITY: with a tested 20000+ bend lifespan, Cleefun USBc charging cable with heavy duty braided and strong metal connections is far more durable","wayona,electronics","Verified Purchase,Premium build",budget,https://www.amazon.in/Wayona-Charging-Charger-Samsung-Galaxy/dp/B08CT62BM1/ref=sr_1_326?qid=1672909140&s=electronics&sr=1-326,,
204,Amazon Basics USB A to Lightning PVC Molded,Electronics,Amazon,Standard,9.62,4.2,34540,/images/products/amazon_basics_usb_a_to_lightning_pvc_molded.jpg,MFi-certified charging cable for charging Apple Devices,"amazon,electronics","Verified Purchase,Premium build",budget,https://www.amazon.in/AmazonBasics-Certified-Lightning-Charge-Collection/dp/B07DWFX9YS/ref=sr_1_333?qid=1672909140&s=electronics&sr=1-333,,
205,AmazonBasics,Electronics,AmazonBasics,Standard,4.99,4.4,8714,/images/products/amazonbasics.jpg,High-speed HDMI extension cable (male to female) combines audio and video into one convenient cable,"amazonbasics,electronics","Verified Purchase,Premium build",budget,https://www.amazon.in/AmazonBasics-High-Speed-Female-Extension-Cable/dp/B01D5H90L4/ref=sr_1_335?qid=1672909140&s=electronics&sr=1-335,,
206,AmazonBasics High,Electronics,AmazonBasics,Standard,4.99,4.4,35877,/images/products/amazonbasics_high.jpg,"Nylon-braided HDMI cable (A Male to A Male): supports Ethernet, 3D, 4K video, and Audio Return Channel (ARC)","amazonbasics,electronics","Verified Purchase,Premium build",budget,https://www.amazon.in/AmazonBasics-Braided-HDMI-Cable-3-Feet/dp/B075ZTJ9XR/ref=sr_1_380?qid=1672909143&s=electronics&sr=1-380,,
207,Acer 139 cm,Electronics,Acer,Standard,439.01,4.3,1611,/images/products/acer_139_cm.jpg,Resolution: 4K Ultra HD (3840 x 2160) ,"acer,smart,electronics","Verified Purchase,Premium build",premium,https://www.amazon.in/Acer-inches-Ultra-Android-AR55AR2851UDPRO/dp/B0B997FBZT/ref=sr_1_394?qid=1672909144&s=electronics&sr=1-394,,
208,Airtel Digital TV HD Set Top Box with,Electronics,Airtel,Standard,11.18,4.2,3300,/images/products/airtel_digital_tv_hd_set_top_box_with.jpg,One Month Pack Subscription Included,"electronics,airtel","Verified Purchase,Premium build",budget,https://www.amazon.in/Airtel-Digital-TV-Month-Recording/dp/B075TJHWVC/ref=sr_1_407_mod_primary_new?qid=1672909144&s=electronics&sbo=RZvfv%2F%2FHxDF%2BO5021pAnSA%3D%3D&sr=1-407,,
209,Amazon Brand,Electronics,Amazon,Standard,4.99,3.8,51,/images/products/amazon_brand.jpg,Durable data cable with the toughest PVC jacket,"amazon,electronics","Verified Purchase,Premium build",budget,https://www.amazon.in/Amazon-Brand-Solimo-Charging-Cable/dp/B09VH568H7/ref=sr_1_415?qid=1672909145&s=electronics&sr=1-415,,
210,Lenovo USB A to Type,Electronics,Lenovo,Standard,5.09,3.9,523,/images/products/lenovo_usb_a_to_type.jpg,Accessibility meets universal compatibility: Engineered to be compatible with smart phones / tabs / Bluetooth speakers / power banks and any device with Type C port and matching power rating.,"lenovo,electronics","Verified Purchase,Premium build",budget,https://www.amazon.in/Lenovo-Tangle-free-Aramid-braided-1-2m-transmission-certified/dp/B09PTT8DZF/ref=sr_1_438?qid=1672909146&s=electronics&sr=1-438,,
211,VU 108 cm,Electronics,VU,Standard,231.7,4.0,1001,/images/products/vu_108_cm.jpg,Resolution : Full HD (1920x1080) ,"smart,electronics,vu","Verified Purchase,Premium build",premium,https://www.amazon.in/VU-inches-Premium-Smart-43GA/dp/B0B7B9V9QP/ref=sr_1_449?qid=1672909146&s=electronics&sr=1-449,,
212,Storite Super Speed USB 3.0 Male to Male,Electronics,Storite,Standard,4.99,4.3,112,/images/products/storite_super_speed_usb_3_0_male_to_male.jpg,"Cable Color- Black , Cable Length- 60 cm , Connector Type - USB Type A Male to Type A Male","storite,electronics","Verified Purchase,Premium build",budget,https://www.amazon.in/Storite-USB-3-0-Transfer-Enclosures/dp/B08XXVXP3J/ref=sr_1_450?qid=1672909146&s=electronics&sr=1-450,,
213,Hisense 126 cm,Electronics,Hisense,Standard,402.32,4.1,1555,/images/products/hisense_126_cm.jpg,Resolution : 4K Ultra HD (3840x2160) ,"hisense,smart,electronics","Verified Purchase,Premium build",premium,https://www.amazon.in/Hisense-inches-Bezelless-Google-50A6H/dp/B0B2C5MJN6/ref=sr_1_456?qid=1672909146&s=electronics&sr=1-456,,
214,Tuarso 8K HDMI 2.1 Cable 48Gbps,Electronics,Tuarso,Standard,7.3,4.2,47,/images/products/tuarso_8k_hdmi_2_1_cable_48gbps.jpg,"⚡ [ Newest Technology 8K HDMI 2.1 Cable ] - Tuarso hdmi 2.1 cable have bandwidth of 48Gbps , supports 8K@60Hz and 4K@120Hz . Dynamic HDR and 12Bit color depth and eARC . It is also backward compatible with HDMI 2.0b / 2.0a / 1.4 / 1.3 / 1.2 / 1.1 versions .","electronics,tuarso","Verified Purchase,Premium build",budget,https://www.amazon.in/Tuarso-High-Speed-Compatible-Television-Projectors/dp/B0BBMGLQDW/ref=sr_1_457?qid=1672909147&s=electronics&sr=1-457,,
215,Kodak 139 cm,Electronics,Kodak,Standard,365.84,4.4,1712,/images/products/kodak_139_cm.jpg,Resolution : Ultra HD 4k (3840 X 2160) resolution ,"kodak,smart,electronics","Verified Purchase,Premium build",premium,https://www.amazon.in/Kodak-inches-55CA0909-Digital-Surround/dp/B08XXF5V6G/ref=sr_1_462?qid=1672909147&s=electronics&sr=1-462,,
216,7SEVEN® Suitable Sony Tv Remote Original Bravia for,Electronics,7SEVEN®,Standard,4.99,3.9,214,/images/products/7seven_suitable_sony_tv_remote_original_bravia_for.jpg,[Universal Remote Control] This Remote Compatible and 100% replacement of all model's of Sony Television,"7seven®,smart,electronics","Verified Purchase,Premium build",budget,https://www.amazon.in/7SEVENTM-Universal-Replacement-Original-Television/dp/B09MMD1FDN/ref=sr_1_464?qid=1672909147&s=electronics&sr=1-464,,
217,PROLEGEND® PL,Electronics,PROLEGEND®,Standard,22.56,4.0,184,/images/products/prolegend_pl.jpg,TV LEG】--The universal tv stand base fits most 32 37 40 42 47 50 55 inch LCD LED Plasma Oled QLED 4K Smart flat/curved screen TVs with mounting holes on the back of your TV from 200x100mm up to 800x400mm.,"prolegend®,electronics","Verified Purchase,Premium build",budget,https://www.amazon.in/PROLEGEND%C2%AE-PL-T002-Universal-Stand-Screen/dp/B09HN7LD5L/ref=sr_1_465?qid=1672909147&s=electronics&sr=1-465,,
218,WANBO X1 Pro,Electronics,WANBO,Standard,170.61,4.5,7,/images/products/wanbo_x1_pro.jpg,"✔️ Powerfully Compact: Wanbo X1 pro boasts incredible brightness, wireless screen sharing, booming sound, and crystal-clear Native Full HD resolution, all in lightweight, and compact form factor. X1 turns any room into a home theatre, with a wide projection range that spans from 40 to 200 inches ...","wanbo,electronics","Verified Purchase,Premium build",premium,https://www.amazon.in/WANBO-X1-Pro-Projector-Correction/dp/B0BNDD9TN6/ref=sr_1_466?qid=1672909147&s=electronics&sr=1-466,,
219,Lava Charging Adapter Elements D3 2A Fast Charging,Electronics,Lava,Standard,4.99,3.7,41,/images/products/lava_charging_adapter_elements_d3_2a_fast_charging.jpg,Length- 1-Meter Long Type-C Data And Charging Cable,"lava,electronics","Verified Purchase,Premium build",budget,https://www.amazon.in/Lava-Elements-Charging-Speed-Type-C/dp/B0941392C8/ref=sr_1_467?qid=1672909147&s=electronics&sr=1-467,,
220,TIZUM High Speed HDMI Cable Aura,Electronics,TIZUM,Standard,4.99,4.2,12153,/images/products/tizum_high_speed_hdmi_cable_aura.jpg,"Latest standard HDMI A Male to A Male Cable: Supports Ethernet, 3D, 4K video.","electronics,tizum","Verified Purchase,Premium build",budget,https://www.amazon.in/Tizum-10-2Gbps-Speed-Plated-Cable/dp/B01M5967SY/ref=sr_1_468?qid=1672909147&s=electronics&sr=1-468,,
221,Technotech High Speed HDMI Cable 5 Meter V1.4,Electronics,Technotech,Standard,4.99,4.2,25,/images/products/technotech_high_speed_hdmi_cable_5_meter_v1_4.jpg,Durable 24K Gold-Plated Connectors,"electronics,technotech","Verified Purchase,Premium build",budget,https://www.amazon.in/Technotech-High-Speed-Cable-Meter/dp/B016MDK4F4/ref=sr_1_469?qid=1672909147&s=electronics&sr=1-469,,
222,NK STAR 950 Mbps USB WiFi Adapter Wireless,Electronics,NK,Standard,4.99,4.2,163,/images/products/nk_star_950_mbps_usb_wifi_adapter_wireless.jpg,[NOTE - >>Not Support to DVR and HDTV]..[CONNECTIVITY]:-Allows you to connect a desktop or notebook computer Laptop to a WIFI wireless network and Mobile Internet high-speed internet connection.,"electronics,wireless,nk","Verified Purchase,Premium build",budget,https://www.amazon.in/NK-STAR-USB-Wireless-Receiver/dp/B08G43CCLC/ref=sr_1_470?qid=1672909147&s=electronics&sr=1-470,,
223,LS LAPSTER Quality Assured USB 2.0 morpho cable,Electronics,LS,Standard,4.99,4.3,87,/images/products/ls_lapster_quality_assured_usb_2_0_morpho_cable.jpg,"Replacement USB morpho device cable 1300 E2, E3","ls,electronics","Verified Purchase,Premium build",budget,https://www.amazon.in/LS-LAPSTER-Quality-Assured-Biometric/dp/B0B61GCHC1/ref=sr_1_471?qid=1672909147&s=electronics&sr=1-471,,
224,Kodak 126 cm,Electronics,Kodak,Standard,329.26,4.2,1510,/images/products/kodak_126_cm.jpg,Resolution : 4K Ultra HD (3840x2160) resolution ,"kodak,smart,electronics","Verified Purchase,Premium build",premium,https://www.amazon.in/Kodak-inches-Android-50UHDX7XPROBL-Bezel-Less/dp/B09PLD9TCD/ref=sr_1_473?qid=1672909147&s=electronics&sr=1-473,,
225,Bestor ® 8K Hdmi 2.1 Cable 48Gbps 9.80Ft/Ultra,Electronics,Bestor,Standard,8.52,4.4,390,/images/products/bestor_8k_hdmi_2_1_cable_48gbps_9_80ft_ultra.jpg,"?Top Technology----8K@60HZ HDMI Cable? This 8K HDMI Cable uses the most cutting-edge technology, is compatible with 8K@60HZ and 4K@120HZ, clearly displays every particle, and accurately processes every signal source. With 8K HDMI's unique dynamic HDR and 12 Bit color processing technology, each s...","electronics,bestor","Verified Purchase,Premium build",budget,https://www.amazon.in/BESTOR%C2%AE-48Gbps-9-80FT-Braided-Cord-4K/dp/B09HCH3JZG/ref=sr_1_478?qid=1672909147&s=electronics&sr=1-478,,
226,Aine HDMI Male to VGA Female Video Converter,Electronics,Aine,Standard,4.99,4.0,171,/images/products/aine_hdmi_male_to_vga_female_video_converter.jpg,"The compact-made portable HDMI to VGA adapter connects a computer, desktop, laptop, or other devices with HDMI port to a monitor, projector, HDTV, or other devices with VGA port","aine,electronics","Verified Purchase,Premium build",budget,https://www.amazon.in/Female-Converter-Adapter-Projectors-Devices/dp/B07VJ9ZTXS/ref=sr_1_487?qid=1672909149&s=electronics&sr=1-487,,
227,TCL 108 cm,Electronics,TCL,Standard,304.76,4.2,2951,/images/products/tcl_108_cm.jpg,Resolution: 4K Ultra HD (3860 x 2160) ,"tcl,electronics,smart","Verified Purchase,Premium build",premium,https://www.amazon.in/TCL-inches-Certified-Android-43P615/dp/B08FD2VSD9/ref=sr_1_490?qid=1672909149&s=electronics&sr=1-490,,
228,REDTECH USB,Electronics,REDTECH,Standard,4.99,5.0,1722,/images/products/redtech_usb.jpg,"💎[The Fastest Charge] - This iPhone USB C cable supports PD 3.0 fast charging, up to 20W with USB-C Power Delivery adapters such as 18W, 20W, 29W, 30W, 61W, or 87W. Charge your iPhone from 0% to 50% in just 25 mins, and data transfer speeds up to 480Mbps (1200 songs synced per minute)","redtech,electronics","Verified Purchase,Premium build",budget,https://www.amazon.in/REDTECH-Lightning-Certified-Charging-Compatible/dp/B0BQRJ3C47/ref=sr_1_491?qid=1672909149&s=electronics&sr=1-491,,
229,OnePlus 163.8 cm,Electronics,OnePlus,Standard,756.09,4.1,6753,/images/products/oneplus_163_8_cm.jpg,Resolution: 4K Ultra HD (3840x2160) ,"oneplus,electronics,smart","Verified Purchase,Premium build",luxury,https://www.amazon.in/OnePlus-163-8-inches-Android-65U1S/dp/B095JPKPH3/ref=sr_1_492?qid=1672909149&s=electronics&sr=1-492,,
230,Synqe Type C to Type C Short Fast,Electronics,Synqe,Standard,4.99,4.3,838,/images/products/synqe_type_c_to_type_c_short_fast.jpg,"【NOTE before purchase】:This is a USB-C to USB-C cable, which means it has the same USB C plug on both ends, please be aware that this is not a USB-C to USB-A cable. Besides, you may need a USB C wall charger to charge your device.","synqe,electronics","Verified Purchase,Premium build",budget,https://www.amazon.in/Synqe-Braided-Charging-Compatible-Samsung/dp/B08V9C4B1J/ref=sr_1_495?qid=1672909149&s=electronics&sr=1-495,,
231,ESR USB C to Lightning Cable,Electronics,ESR,Standard,18.52,4.4,19763,/images/products/esr_usb_c_to_lightning_cable.jpg,"MFi Certified: this USB-C to Lightning cable is certified MFM (Made for iPhone) by Apple to ensure safe, reliable, and fast charging and syncing","esr,electronics","Verified Purchase,Premium build",budget,https://www.amazon.in/ESR-Lightning-MFi-Certified-Delivery-Charging/dp/B086JTMRYL/ref=sr_1_498?qid=1672909149&s=electronics&sr=1-498,,
232,boAt Wave Call Smart Watch,Electronics,boAt,Standard,24.38,3.8,17831,/images/products/boat_wave_call_smart_watch.jpg,"Bluetooth Calling- Wave Call comes with a premium built-in speaker and bluetooth calling via which you can stay connected to your friends, family, and colleagues","smart,electronics,boat","Verified Purchase,Premium build",budget,https://www.amazon.in/boAt-Wave-Call-Dedicated-Multi-Sport/dp/B0B5B6PQCT/ref=sr_1_5?qid=1672895748&s=electronics&sr=1-5,,
233,MI Power Bank 3i 20000mAh Lithium Polymer 18W,Electronics,MI,Standard,24.99,4.3,178912,/images/products/mi_power_bank_3i_20000mah_lithium_polymer_18w.jpg,20000mAh Lithium Polymer battery,"mi,electronics","Verified Purchase,Premium build",budget,https://www.amazon.in/20000mAh-Sandstone-Triple-Charging-Delivery/dp/B08HV83HL3/ref=sr_1_6?qid=1672895748&s=electronics&sr=1-6,,
234,Redmi A1,Electronics,Redmi,Standard,79.26,4.0,7807,/images/products/redmi_a1.jpg,Display: 16.56cm HD+ Scratch resistant display,"redmi,electronics","Verified Purchase,Premium build",mid-range,https://www.amazon.in/Redmi-Storage-Segment-5000mAh-Battery/dp/B0BBN4DZBD/ref=sr_1_7?qid=1672895748&s=electronics&sr=1-7,,
235,OnePlus Nord 2T 5G,Electronics,OnePlus,Standard,353.65,4.3,17415,/images/products/oneplus_nord_2t_5g.jpg,"Camera: 50MP Main Camera with Sony IMX766 and OIS, 8MP Ultrawide Camera with 120 degree FOV and 2MP mono lens with Dual LED Flash; 32MP Front (Selfie) Camera with Sony IMX615","oneplus,electronics","Verified Purchase,Premium build",premium,https://www.amazon.in/OnePlus-Nord-Jade-128GB-Storage/dp/B0B3CPQ5PF/ref=sr_1_8?qid=1672895748&s=electronics&sr=1-8,,
236,SanDisk Ultra® microSDXC™ UHS,Electronics,SanDisk,Standard,6.94,4.4,67259,/images/products/sandisk_ultra_microsdxc_uhs.jpg,Ideal storage for Android smartphones and tablets,"sandisk,smart,electronics","Verified Purchase,Premium build",budget,https://www.amazon.in/SanDisk-Ultra%C2%AE-microSDXCTM-Warranty-Smartphones/dp/B0BDRVFDKP/ref=sr_1_12?qid=1672895748&s=electronics&sr=1-12,,
237,Noise Pulse Go Buzz Smart Watch Bluetooth Calling,Electronics,Noise,Standard,23.15,4.1,10689,/images/products/noise_pulse_go_buzz_smart_watch_bluetooth_calling.jpg,Sharp and bright display: The 1.69’’ TFT display with 240*280px and 550 nits brightness ensures visual treat every time you look at the watch.,"noise,smart,electronics","Verified Purchase,Premium build",budget,https://www.amazon.in/Noise-Bluetooth-Calling-Tracking-Detection/dp/B0B5LVS732/ref=sr_1_13?qid=1672895748&s=electronics&sr=1-13,,
238,Nokia 105 Single SIM,Electronics,Nokia,Standard,15.84,4.0,128311,/images/products/nokia_105_single_sim.jpg,All-new redesigned Nokia mobile which is familiar and easy to use,"electronics,wireless,nokia","Verified Purchase,Premium build",budget,https://www.amazon.in/Nokia-105-Single-Wireless-Charcoal/dp/B09V2Q4QVQ/ref=sr_1_14?qid=1672895748&s=electronics&sr=1-14,,
239,"boAt Wave Lite Smartwatch with 1.69"" HD Display",Electronics,boAt,Standard,18.28,3.9,21796,/images/products/boat_wave_lite_smartwatch_with_1_69_hd_display.jpg,Screen Size: The 1.69 inch HD full touch display with 500 nits of brightness will bring every detail to life!,"smart,electronics,boat","Verified Purchase,Premium build",budget,https://www.amazon.in/boAt-Wave-Lite-Smartwatch-Activity/dp/B09V12K8NT/ref=sr_1_15?qid=1672895748&s=electronics&sr=1-15,,
240,JBL C100SI Wired In Ear Headphones with Mic,Headphones,JBL,Standard,7.3,4.1,192590,/images/products/jbl_c100si_wired_in_ear_headphones_with_mic.jpg,JBL Signature Sound,"headphones,jbl","Verified Purchase,Premium build",budget,https://www.amazon.in/JBL-C100SI-Ear-Headphones-Black/dp/B01DEWVZ2C/ref=sr_1_16?qid=1672895748&s=electronics&sr=1-16,,
241,Samsung Galaxy M04 Dark Blue,Electronics,Samsung,Standard,115.84,4.2,284,/images/products/samsung_galaxy_m04_dark_blue.jpg,"Powerful MediaTek Helio P35 Octa Core 2.3GHz with Android 12,One UI Core 4.1","samsung,electronics","Verified Purchase,Premium build",mid-range,https://www.amazon.in/Samsung-Galaxy-Storage-MediaTek-Battery/dp/B0BMGB3CH9/ref=sr_1_17?qid=1672895748&s=electronics&sr=1-17,,
242,PTron Tangentbeat in,Headphones,PTron,Standard,7.3,3.9,58162,/images/products/ptron_tangentbeat_in.jpg,Ergonomic Magnetic Earbuds; Secure-fit; Sweat & Dust-proof; Passive Noise Cancellation; Universal Bluetooth Earphones; 120mAh Li-Polymer Battery; USB Charging Cable included,"headphones,ptron,wireless","Verified Purchase,Premium build",budget,https://www.amazon.in/Tangentbeat-Bluetooth-Headphones-Waterproof-Cancelation/dp/B08D77XZX5/ref=sr_1_18?qid=1672895748&s=electronics&sr=1-18,,
243,Redmi 10A,Electronics,Redmi,Standard,109.74,4.0,12796,/images/products/redmi_10a.jpg,Camera: 13MP Rear Camera ,"redmi,electronics","Verified Purchase,Premium build",mid-range,https://www.amazon.in/Redmi-Charcoal-Storage-Battery-Booster/dp/B09XB8GFBQ/ref=sr_1_19?qid=1672895748&s=electronics&sr=1-19,,
244,pTron Bullet Pro 36W PD Quick Charger,Electronics,pTron,Standard,4.99,4.0,14282,/images/products/ptron_bullet_pro_36w_pd_quick_charger.jpg,PTron bullet pro is a 36w charging power car charger passed the rigorous test by USB compliance standard and it's fast and safe to provides you the best possible quick charging performance,"ptron,smart,electronics","Verified Purchase,Premium build",budget,https://www.amazon.in/PTron-Bullet-Pro-Lightweight-Smartphones/dp/B07WG8PDCW/ref=sr_1_20?qid=1672895748&s=electronics&sr=1-20,,
245,boAt Bassheads 100 in Ear Wired Earphones with,Headphones,boAt,Standard,4.99,4.1,363713,/images/products/boat_bassheads_100_in_ear_wired_earphones_with.jpg,"The perfect way to add some style and stand out from the crowd with the boAt BassHeads 100 ""Hawk"" inspired earphones","headphones,boat","Verified Purchase,Premium build",budget,https://www.amazon.in/Boat-BassHeads-100-Inspired-Earphones/dp/B07GPXXNNG/ref=sr_1_21?qid=1672895748&s=electronics&sr=1-21,,
246,Samsung Galaxy M04 Light Green,Electronics,Samsung,Standard,115.84,4.2,284,/images/products/samsung_galaxy_m04_light_green.jpg,"Powerful MediaTek Helio P35 Octa Core 2.3GHz with Android 12,One UI Core 4.1","samsung,electronics","Verified Purchase,Premium build",mid-range,https://www.amazon.in/Samsung-Galaxy-Storage-MediaTek-Battery/dp/B0BMGB2TPR/ref=sr_1_23?qid=1672895748&s=electronics&sr=1-23,,
247,MI 10000mAh Lithium Ion,Electronics,MI,Standard,18.28,4.3,15970,/images/products/mi_10000mah_lithium_ion.jpg,22.5W Ultra Fast Charging,"mi,electronics","Verified Purchase,Premium build",budget,https://www.amazon.in/Pocket-10000mAh-Triple-Charging-Delivery/dp/B08MC57J31/ref=sr_1_24?qid=1672895748&s=electronics&sr=1-24,,
248,Mi 10000mAH Li,Electronics,Mi,Standard,14.01,4.3,178912,/images/products/mi_10000mah_li.jpg,Warranty : 6 months domestic warranty,"mi,electronics","Verified Purchase,Premium build",budget,https://www.amazon.in/10000mAH-Li-Polymer-Power-Charging-Midnight/dp/B08HVL8QN3/ref=sr_1_25?qid=1672895755&s=electronics&sr=1-25,,
249,ELV Car Mount Adjustable Car Phone Holder Universal,Electronics,ELV,Standard,4.99,3.9,46399,/images/products/elv_car_mount_adjustable_car_phone_holder_universal.jpg,"PRODUCT FEATURES : ELV Easy one touch mounting system locks and releases the device with just a push of a finger, Two step locking lever provides additional mounting support for multiple surfaces.","smart,electronics,elv","Verified Purchase,Premium build",budget,https://www.amazon.in/Adjustable-Holder-Universal-Windshield-Smartphones/dp/B0746JGVDS/ref=sr_1_26?qid=1672895755&s=electronics&sr=1-26,,
250,Samsung 25W USB Travel Adapter for Cellular Phones,Electronics,Samsung,Standard,14.87,4.4,8891,/images/products/samsung_25w_usb_travel_adapter_for_cellular_phones.jpg,"Charging Cable Not Included. Compatible With All Standard Usb Type-C Cables Such As Usb-C To Usb-C, Usb-C To Lightning And Etc. For Optimum Results, Please Use With Authentic Samsung Cables Which Can Be Purchased Separately","samsung,electronics","Verified Purchase,Premium build",budget,https://www.amazon.in/Samsung-25W-Travel-Adapter/dp/B08VFF6JQ8/ref=sr_1_27_mod_primary_new?qid=1672895755&s=electronics&sbo=RZvfv%2F%2FHxDF%2BO5021pAnSA%3D%3D&sr=1-27,,
251,"Noise ColorFit Pulse Grand Smart Watch with 1.69""",Electronics,Noise,Standard,19.5,4.0,30254,/images/products/noise_colorfit_pulse_grand_smart_watch_with_1_69.jpg,"1.69"" grand display: Get the rich immersive viewing experience on the 1.69"" LCD display.;60 sports modes: Take your pick from a wide range of 60 sports modes. Charging Time 2.5 hours","noise,smart,electronics","Verified Purchase,Premium build",budget,https://www.amazon.in/Noise-ColorFit-Display-Monitoring-Smartwatches/dp/B09NVPSCQT/ref=sr_1_28?qid=1672895755&s=electronics&sr=1-28,,
252,Samsung Galaxy M33 5G,Electronics,Samsung,Standard,225.6,4.1,22318,/images/products/samsung_galaxy_m33_5g.jpg,Exynos 1280 Octa Core 2.4GHz 5nm Processor with the 12 band support for a True 5G experience,"samsung,electronics","Verified Purchase,Premium build",premium,https://www.amazon.in/Samsung-Mystique-Storage-Purchased-Separately/dp/B09TWHTBKQ/ref=sr_1_30?qid=1672895755&s=electronics&sr=1-30,,
253,SanDisk Ultra microSD UHS,Electronics,SanDisk,Standard,4.99,4.4,67259,/images/products/sandisk_ultra_microsd_uhs.jpg,"Ideal for Android smartphones and tablets, and MIL cameras","sandisk,electronics","Verified Purchase,Premium build",budget,https://www.amazon.in/SanDisk-Ultra-microSD-UHS-I-120MB/dp/B08L5HMJVW/ref=sr_1_31?qid=1672895755&s=electronics&sr=1-31,,
254,Samsung Galaxy M13,Electronics,Samsung,Standard,158.52,4.1,18998,/images/products/samsung_galaxy_m13.jpg,"6000mAh lithium-ion battery, 1 year manufacturer warranty for device and 6 months manufacturer warranty for in-box accessories including batteries from the date of purchase","samsung,electronics","Verified Purchase,Premium build",premium,https://www.amazon.in/Samsung-Galaxy-Storage-6000mAh-Battery/dp/B0B4F2XCK3/ref=sr_1_32?qid=1672895755&s=electronics&sr=1-32,,
255,iQOO vivo Z6 5G,Electronics,iQOO,Standard,201.21,4.0,21350,/images/products/iqoo_vivo_z6_5g.jpg,"Snapdragon 695 5G Mobile Platform allows you to level up your performance with efficient 6nm Process, with an ANTUTU Score of 410563. Also, we get a 15% improved CPU performance & improved 30% GPU performance (As compared to Snapdragon 690G)","electronics,iqoo","Verified Purchase,Premium build",premium,https://www.amazon.in/iQOO-Chromatic-Storage-Snapdragon-Processor/dp/B07WGMMQGP/ref=sr_1_36?qid=1672895755&s=electronics&sr=1-36,,
256,Wayona Nylon Braided USB to Lightning Fast Charging,Electronics,Wayona,Standard,4.99,4.2,24270,/images/products/wayona_nylon_braided_usb_to_lightning_fast_charging.jpg,"High Compatibility : Compatible With iPhone 12, 11, X/XsMax/Xr ,iPhone 8/8 Plus,iPhone 7/7 Plus,iPhone 6s/6s Plus,iPhone 6/6 Plus,iPhone 5/5s/5c/se,iPad Pro,iPad Air 1/2,iPad mini 1/2/3,iPod nano7,iPod touch and more apple devices.","wayona,electronics","Verified Purchase,Premium build",budget,https://www.amazon.in/Wayona-Braided-WN3LG1-Syncing-Charging/dp/B07JW9H4J1/ref=sr_1_38?qid=1672895755&s=electronics&sr=1-38,,
257,Redmi 9 Activ,Electronics,Redmi,Standard,103.65,4.1,313836,/images/products/redmi_9_activ.jpg,Processor: Octa-core Helio G35 and upto 2.3GHz clock speed,"redmi,electronics","Verified Purchase,Premium build",mid-range,https://www.amazon.in/Redmi-Activ-Carbon-Black-Storage/dp/B09GFPVD9Y/ref=sr_1_39?qid=1672895755&s=electronics&sr=1-39,,
258,Redmi 9A Sport,Electronics,Redmi,Standard,79.26,4.1,313836,/images/products/redmi_9a_sport.jpg,Processor: MediaTek Helio G25 Octa-core; Up to 2.0GHz clock speed,"redmi,electronics","Verified Purchase,Premium build",mid-range,https://www.amazon.in/Redmi-9A-Sport-Octa-core-Processor/dp/B09GFLXVH9/ref=sr_1_40?qid=1672895755&s=electronics&sr=1-40,,
259,AGARO Blaze USB 3.0 to USB Type C,Electronics,AGARO,Standard,4.99,4.3,14185,/images/products/agaro_blaze_usb_3_0_to_usb_type_c.jpg,Multipurpose Functions,"agaro,electronics","Verified Purchase,Premium build",budget,https://www.amazon.in/AGARO-Type-C-USB-Female-Adapter/dp/B07PFJ5W31/ref=sr_1_43?qid=1672895755&s=electronics&sr=1-43,,
260,Noise ColorFit Pro 4 Advanced Bluetooth Calling Smart,Electronics,Noise,Standard,36.56,4.1,5179,/images/products/noise_colorfit_pro_4_advanced_bluetooth_calling_smart.jpg,"Advanced Bluetooth calling: Upgrade to an effortless calling experience - attend/reject calls and dial numbers, from your wrist.;Digital crown: Navigate through the watch, adjust volume and change the watch face via the fully-functional crown.","noise,smart,electronics","Verified Purchase,Premium build",budget,https://www.amazon.in/Noise-ColorFit-Bluetooth-Fully-Functional-Brightness/dp/B09ZQK9X8G/ref=sr_1_45?qid=1672895755&s=electronics&sr=1-45,,
261,iQOO Z6 Lite 5G by vivo,Electronics,iQOO,Standard,189.01,4.1,19252,/images/products/iqoo_z6_lite_5g_by_vivo.jpg,"World's First Snapdragon 4 Gen 1 Processor, that allows you to level up your performance with confidence through its efficient 6nm Process.","electronics,iqoo","Verified Purchase,Premium build",premium,https://www.amazon.in/iQOO-Stellar-Snapdragon-Purchased-Separately/dp/B07WJV6P1R/ref=sr_1_47?qid=1672895755&s=electronics&sr=1-47,,
262,Sounce Fast Phone Charging Cable & Data Sync,Electronics,Sounce,Standard,4.99,3.9,7928,/images/products/sounce_fast_phone_charging_cable_data_sync.jpg,【 Fast Charger& Data Sync】-With built-in safety proctections and four-core copper wires promote maximum signal quality and strength and enhance charging & data transfer speed with up to 480 mb/s transferring speed.,"electronics,sounce","Verified Purchase,Premium build",budget,https://www.amazon.in/Sounce-iPhone-Charging-Compatible-Devices/dp/B096MSW6CT/ref=sr_1_48?qid=1672895755&s=electronics&sr=1-48,,
263,Duracell 38W Fast Car Charger Adapter with Dual,Electronics,Duracell,Standard,10.65,4.4,1680,/images/products/duracell_38w_fast_car_charger_adapter_with_dual.jpg,"Ultra Charging Protection Protects From Short Circuit, Over-Temperature Over-Voltage, Over-Current","duracell,smart,electronics","Verified Purchase,Premium build",budget,https://www.amazon.in/DURACELL-Charger-Qualcomm-Certified-Charge/dp/B09FFK1PQG/ref=sr_1_51?qid=1672895762&s=electronics&sr=1-51,,
264,realme narzo 50,Electronics,realme,Standard,158.52,4.2,13246,/images/products/realme_narzo_50.jpg,Processor: Octa-core MediaTek Helio G96 gaming processor clocked at 2.05GHz for excellent gaming performance along with a powerful Mali-G57 MC2 GPU.,"realme,electronics","Verified Purchase,Premium build",premium,https://www.amazon.in/realme-Storage-Processor-Triple-Display/dp/B09RMQYHLH/ref=sr_1_52?qid=1672895762&s=electronics&sr=1-52,,
265,WeCool Bluetooth Extendable Selfie Sticks with Wireless Remote,Electronics,WeCool,Standard,6.57,3.8,14648,/images/products/wecool_bluetooth_extendable_selfie_sticks_with_wireless_remote.jpg,Ultra Light Selfie Stick can be used to Take selfies or capture your favourate videos. This multifunction tripod with selfie stick weighs only 113 Grams.. Rubber Grip : No,"wecool,electronics,wireless","Verified Purchase,Premium build",budget,https://www.amazon.in/WeCool-Bluetooth-Extendable-Multifunctional-Compatible/dp/B08ZN4B121/ref=sr_1_53?qid=1672895762&s=electronics&sr=1-53,,
266,OPPO A74 5G,Electronics,OPPO,Standard,188.9,4.2,32916,/images/products/oppo_a74_5g.jpg,"6.49"" Inch 16.5cm FHD+ Punch-hole Display with 2400x1080 pixels. Larger screen to body ratio of 90.5%.Side Fingerprint Sensor","oppo,electronics","Verified Purchase,Premium build",premium,https://www.amazon.in/OPPO-Fantastic-Purple-128GB-Storage/dp/B08VB34KJ1/ref=sr_1_55?qid=1672895762&s=electronics&sr=1-55,,
267,Redmi Note 11 Pro + 5G,Electronics,Redmi,Standard,243.89,3.9,25824,/images/products/redmi_note_11_pro_5g.jpg,Superior performance with Snapdragon 695 5G. With 7 5G bands making the device future-ready.,"redmi,electronics","Verified Purchase,Premium build",premium,https://www.amazon.in/Redmi-Stealth-Additional-Exchange-Included/dp/B09T39K9YL/ref=sr_1_56?qid=1672895762&s=electronics&sr=1-56,,
268,Samsung Original 25W USB Travel Lightning Adapter for,Electronics,Samsung,Standard,13.11,4.4,7462,/images/products/samsung_original_25w_usb_travel_lightning_adapter_for.jpg,"Charging Cable Not Included. Compatible With All Standard Usb Type-C Cables Such As Usb-C To Usb-C, Usb-C To Lightning And Etc. For Optimum Results, Please Use With Authentic Samsung Cables Which Can Be Purchased Separately;Enjoy The Flexibility Enabled By Usb-C Compatible Cables. You Can Alterna...","samsung,electronics","Verified Purchase,Premium build",budget,https://www.amazon.in/Samsung-EP-TA800NBEGIN-25W-Travel-Adapter/dp/B08VF8V79P/ref=sr_1_57?qid=1672895762&s=electronics&sr=1-57,,
269,realme Buds Classic Wired in Ear Earphones with,Headphones,realme,Standard,4.99,4.0,37817,/images/products/realme_buds_classic_wired_in_ear_earphones_with.jpg,Large 14.2mm Large Driver ensures high fidelity music. The TPU material of cable is durable and reliable for daily use,"headphones,realme","Verified Purchase,Premium build",budget,https://www.amazon.in/realme-Classic-Wired-Earphones-Microphone/dp/B08G28Z33M/ref=sr_1_58?qid=1672895762&s=electronics&sr=1-58,,
270,Portronics Konnect L 1.2M Fast Charging 3A 8,Electronics,Portronics,Standard,4.99,4.2,16905,/images/products/portronics_konnect_l_1_2m_fast_charging_3a_8.jpg,[CHARGE & SYNC FUNCTION]- This cable comes with charging & Data sync function,"electronics,portronics","Verified Purchase,Premium build",budget,https://www.amazon.in/Portronics-Konnect-POR-1080-Charging-Function/dp/B08CF3B7N1/ref=sr_1_62?qid=1672895762&s=electronics&sr=1-62,,
271,iQOO Neo 6 5G,Electronics,iQOO,Standard,353.65,4.4,20311,/images/products/iqoo_neo_6_5g.jpg,"Snapdragon 870 5G Mobile Platform which is a 7nm process technology, It is equipped with A77 architecture adopts a large core clocked at 3.2GHz, a middle core at 2.42GHz, and a small core at 1.8GHz.","electronics,iqoo","Verified Purchase,Premium build",premium,https://www.amazon.in/iQOO-128GB-Storage-Snapdragon%C2%AE-FlashCharge/dp/B07WDKLDRX/ref=sr_1_63?qid=1672895762&s=electronics&sr=1-63,,
272,boAt Xtend Smartwatch with Alexa Built,Electronics,boAt,Standard,28.04,4.2,69622,/images/products/boat_xtend_smartwatch_with_alexa_built.jpg,"Alexa- Alexa built-in Voice Assistant that sets reminders, alarms and answers questions from weather forecasts to live cricket scores at your command!","smart,electronics,boat","Verified Purchase,Premium build",budget,https://www.amazon.in/boAt-Display-Multiple-Monitoring-Charcoal/dp/B09MQSCJQ1/ref=sr_1_64?qid=1672895762&s=electronics&sr=1-64,,
273,Tygot Bluetooth Extendable Selfie Sticks with Wireless Remote,Electronics,Tygot,Standard,4.99,4.0,3382,/images/products/tygot_bluetooth_extendable_selfie_sticks_with_wireless_remote.jpg,This is a Bluetooth Enabled selfie Stick for Mobile Phone. Just click the wireless remote to capture the photo,"tygot,electronics,wireless","Verified Purchase,Premium build",budget,https://www.amazon.in/Tygot-Bluetooth-Extendable-Multifunctional-Compatible/dp/B094YFFSMY/ref=sr_1_65?qid=1672895762&s=electronics&sr=1-65,,
274,Samsung EVO Plus 128GB microSDXC UHS,Electronics,Samsung,Standard,14.01,4.3,140036,/images/products/samsung_evo_plus_128gb_microsdxc_uhs.jpg,Up to 130MB/s read speed with UHS-I interface. Performance varies by capacity.,"samsung,electronics","Verified Purchase,Premium build",budget,https://www.amazon.in/Samsung-microSDXC-Memory-Adapter-MB-MC128KA/dp/B09MT84WV5/ref=sr_1_66?qid=1672895762&s=electronics&sr=1-66,,
275,Portronics Adapto 20 Type C 20W Fast PD/Type,Electronics,Portronics,Standard,6.45,4.1,8599,/images/products/portronics_adapto_20_type_c_20w_fast_pd_type.jpg,"[20W HIGH-SPEED CHARGING] : The Adapto 20 is a Type-C Fast Charger, designed to charge your iPhone up to 59% in just 30 minutes!","electronics,portronics","Verified Purchase,Premium build",budget,https://www.amazon.in/Portronics-Adapto-Adapter-Charger-Charging/dp/B08VS3YLRK/ref=sr_1_67?qid=1672895762&s=electronics&sr=1-67,,
276,Samsung Galaxy M13 5G,Electronics,Samsung,Standard,170.72,4.1,18998,/images/products/samsung_galaxy_m13_5g.jpg,Upto 12GB RAM with RAM Plus ,"samsung,electronics","Verified Purchase,Premium build",premium,https://www.amazon.in/Samsung-Galaxy-Storage-5000mAh-Battery/dp/B0B4F3QNDM/ref=sr_1_68?qid=1672895762&s=electronics&sr=1-68,,
277,iQOO Z6 44W by vivo,Electronics,iQOO,Standard,170.72,4.1,19252,/images/products/iqoo_z6_44w_by_vivo.jpg,44W FlashCharge,"electronics,iqoo","Verified Purchase,Premium build",premium,https://www.amazon.in/iQOO-Lumina-Blue-128GB-Storage/dp/B07WDKLRM4/ref=sr_1_70?qid=1672895762&s=electronics&sr=1-70,,
278,STRIFF PS2_01 Multi Angle Mobile/Tablet Tabletop Stand. Phone,Electronics,STRIFF,Standard,4.99,4.3,42641,/images/products/striff_ps2_01_multi_angle_mobile_tablet_tabletop_stand_phone.jpg,"[PORTABLE SIZE]- 98mm*96mm*19mm, STRIFF desk phone stand is foldable and easy to slip into your pocket suitable for bed,table and home","striff,electronics","Verified Purchase,Premium build",budget,https://www.amazon.in/STRIFF-Mobile-Android-Samsung-OnePlus/dp/B07GXHC691/ref=sr_1_73?qid=1672895770&s=electronics&sr=1-73,,
279,Samsung Galaxy Buds Live Bluetooth Truly Wireless in,Headphones,Samsung,Standard,58.41,4.0,4390,/images/products/samsung_galaxy_buds_live_bluetooth_truly_wireless_in.jpg,For any product related queries contact us at: 1800407267864,"samsung,headphones,wireless","Verified Purchase,Premium build",mid-range,https://www.amazon.in/Samsung-Galaxy-SM-R180NZKAINU-Mystic-Black/dp/B08FN6WGDQ/ref=sr_1_74?qid=1672895770&s=electronics&sr=1-74,,
280,Sounce Spiral Charger Cable Protector Data Cable Saver,Electronics,Sounce,Standard,4.99,4.0,1396,/images/products/sounce_spiral_charger_cable_protector_data_cable_saver.jpg,"Protect cables: The cable protector was designed with highly flexible silicone, which can be applied as phone charger saver and charger protector to completely protect cables for all devices","electronics,sounce","Verified Purchase,Premium build",budget,https://www.amazon.in/Sounce-Charger-Protector-Charging-Protective/dp/B085HY1DGR/ref=sr_1_76?qid=1672895770&s=electronics&sr=1-76,,
281,PTron Boom Ultima 4D Dual Driver,Headphones,PTron,Standard,4.99,3.6,18202,/images/products/ptron_boom_ultima_4d_dual_driver.jpg,In-ear Dual Driver Wired Earphones with Stereo Sound & Bass,"headphones,ptron","Verified Purchase,Premium build",budget,https://www.amazon.in/Boom-Ultima-Headphones-Cancelling-Earphones/dp/B08D75R3Z1/ref=sr_1_77?qid=1672895770&s=electronics&sr=1-77,,
282,OnePlus 10R 5G,Electronics,OnePlus,Standard,426.82,4.2,11029,/images/products/oneplus_10r_5g.jpg,Camera: 50MP Main Camera with Sony IMX766 and 2MP Macro Camera with Dual LED Flash; 16MP Front (Selfie) Camera with Sony IMX471,"oneplus,electronics","Verified Purchase,Premium build",premium,https://www.amazon.in/OnePlus-Forest-Green-Storage-SuperVOOC/dp/B09WRMNJ9G/ref=sr_1_79?qid=1672895770&s=electronics&sr=1-79,,
283,Ambrane Mobile Holding Stand,Electronics,Ambrane,Standard,4.99,4.1,1786,/images/products/ambrane_mobile_holding_stand.jpg,Multipurpose Stand: It is a dynamic Mobile Stand for your ofﬁce desks and more. It can hold any type of smartphone easily.,"electronics,ambrane","Verified Purchase,Premium build",budget,https://www.amazon.in/Ambrane-Adjustment-Compatibility-Multipurpose-Anti-Skid/dp/B09ZPL5VYM/ref=sr_1_81?qid=1672895770&s=electronics&sr=1-81,,
284,Ambrane 10000mAh Slim Power Bank,Electronics,Ambrane,Standard,12.18,4.0,7222,/images/products/ambrane_10000mah_slim_power_bank.jpg,"Power-packed 10000mAh- Lithium Polymer 10000mAh capacity allows you to efficiently charge your devices multiple times. It can charge iPhone 12 – 2 times, OnePlus Nord - 1.5 times.","electronics,ambrane","Verified Purchase,Premium build",budget,https://www.amazon.in/Ambrane-Multi-Layer-Protection-Li-Polymer-Stylo-10k/dp/B0993BB11X/ref=sr_1_82?qid=1672895770&s=electronics&sr=1-82,,
285,PTron Tangent Lite Bluetooth 5.0 Earphones with Mic,Headphones,PTron,Standard,7.3,3.5,83996,/images/products/ptron_tangent_lite_bluetooth_5_0_earphones_with_mic.jpg,1 year manufacturer warranty,"headphones,ptron","Verified Purchase,Premium build",budget,https://www.amazon.in/Tangent-Lite-Magnetic-Bluetooth-Headphones/dp/B085W8CFLH/ref=sr_1_84?qid=1672895770&s=electronics&sr=1-84,,
286,Samsung EVO Plus 64GB microSDXC UHS,Electronics,Samsung,Standard,7.3,4.3,140036,/images/products/samsung_evo_plus_64gb_microsdxc_uhs.jpg,Up to 130MB/s read speed with UHS-I interface. Performance varies by capacity.,"samsung,electronics","Verified Purchase,Premium build",budget,https://www.amazon.in/Samsung-microSDXC-Memory-Adapter-MB-MC64KA/dp/B09MT6XSFW/ref=sr_1_85?qid=1672895770&s=electronics&sr=1-85,,
287,Ambrane 20000mAh Power Bank with 20W Fast Charging,Electronics,Ambrane,Standard,21.94,4.1,18678,/images/products/ambrane_20000mah_power_bank_with_20w_fast_charging.jpg,"Massive 20000mAh Lithium Polymer capacity allows you to charge your devices multiple times. It can charge iPhone 12 – 4.6 times, Samsung M11 – 2.6 times, iPad – 1.4 times","electronics,ambrane","Verified Purchase,Premium build",budget,https://www.amazon.in/Ambrane-20000mAh-Lithium-Polymer-Stylo-20K/dp/B07RD611Z8/ref=sr_1_86?qid=1672895770&s=electronics&sr=1-86,,
288,boAt Micro USB 55 Tangle,Electronics,boAt,Standard,4.99,4.1,15189,/images/products/boat_micro_usb_55_tangle.jpg,It Ensures High Speed Transmission And Charging By Offering 3A Fast Charging And Data Transmissions With Rapid Sync At 480 Mbps,"electronics,boat","Verified Purchase,Premium build",budget,https://www.amazon.in/boAt-Micro-USB-Tangle-Free-Transmission/dp/B08WRWPM22/ref=sr_1_87?qid=1672895770&s=electronics&sr=1-87,,
289,MI Xiaomi 22.5W Fast USB Type C Charger,Electronics,MI,Standard,7.91,4.2,1315,/images/products/mi_xiaomi_22_5w_fast_usb_type_c_charger.jpg,22.5W Universal Fast Charging,"mi,electronics","Verified Purchase,Premium build",budget,https://www.amazon.in/Xiaomi-22-5W-Fast-Charger-Cable/dp/B09XBJ1CTN/ref=sr_1_93?qid=1672895770&s=electronics&sr=1-93,,
290,Gizga Essentials Spiral Cable Protector Cord Saver for,Electronics,Gizga,Standard,4.99,4.1,5999,/images/products/gizga_essentials_spiral_cable_protector_cord_saver_for.jpg,"WIDELY USE - SPIRAL TUBE CHARGING CABLE PROTECTOR are designed with highly flexible silicone and can be used as phone charger cord protector and phone charger saver to completely protect cables for all devices including, cell phones, computers, laptops, apple / android watches, lightning cables, ...","electronics,gizga","Verified Purchase,Premium build",budget,https://www.amazon.in/GIZGA-Protector-Charging-Protective-G55/dp/B08MTCKDYN/ref=sr_1_95?qid=1672895770&s=electronics&sr=1-95,,
291,Redmi Note 11,Electronics,Redmi,Standard,158.52,4.1,50772,/images/products/redmi_note_11.jpg,Display: 90Hz FHD+ (1080x2400) AMOLED display; 16.33 centimeters (6.43 inch); 20:9 aspect ratio,"redmi,electronics","Verified Purchase,Premium build",premium,https://www.amazon.in/Redmi-Storage-Qualcomm%C2%AE-SnapdragonTM-Included/dp/B09QS8V5N8/ref=sr_1_96?qid=1672895770&s=electronics&sr=1-96,,
292,USB Charger,Electronics,USB,Standard,4.99,4.0,14404,/images/products/usb_charger.jpg,【Dual Port USB Wall Charger Adapter】Oraimo USB Charger with dual ports allow you to charge 2 devices at the same time with the total output of 2.4A current. Single port allows Max 2.4A current when connecting only one device. Much more convenient and save your time effectively.,"usb,electronics","Verified Purchase,Premium build",budget,https://www.amazon.in/oraimo-firefly-2s-charger-micro-usb-multi-protection/dp/B089WB69Y1/ref=sr_1_102?qid=1672895777&s=electronics&sr=1-102,,
293,Goldmedal Curve Plus 202042 Plastic Spice 3,Electronics,Goldmedal,Standard,4.99,4.5,11339,/images/products/goldmedal_curve_plus_202042_plastic_spice_3.jpg,LED indicator,"electronics,goldmedal","Verified Purchase,Premium build",budget,https://www.amazon.in/Goldmedal-202042-Plastic-Universal-Adaptor/dp/B0116MIKKC/ref=sr_1_103?qid=1672895777&s=electronics&sr=1-103,,
294,WeCool C1 Car Mobile Holder with One Click,Electronics,WeCool,Standard,5.96,4.0,3626,/images/products/wecool_c1_car_mobile_holder_with_one_click.jpg,One Click Release : Inserting or releasing your phone to the Mobile holder for Car Dashboard is made very simple with this WeCool Smart Gadget. Just use a single hand to lock or unlock the phone in your Car,"wecool,electronics","Verified Purchase,Premium build",budget,https://www.amazon.in/WeCool-C1-Technology-Windshield-Extendable/dp/B09P858DK8/ref=sr_1_104?qid=1672895777&s=electronics&sr=1-104,,
295,HP 32GB Class 10 MicroSD Memory Card,Electronics,HP,Standard,4.99,4.0,32625,/images/products/hp_32gb_class_10_microsd_memory_card.jpg,HP 32GB Class 10 MicroSD Memory Card (U1 TF Card 32GB),"hp,electronics","Verified Purchase,Premium build",budget,https://www.amazon.in/HP-MicroSD-U1-TF-Card-32GB/dp/B07DJLFMPS/ref=sr_1_106?qid=1672895777&s=electronics&sr=1-106,,
296,boAt Bassheads 242 in Ear Wired Earphones with,Headphones,boAt,Standard,7.3,4.1,161679,/images/products/boat_bassheads_242_in_ear_wired_earphones_with.jpg,"Fly into your workouts with precise tones that inspire and energize your system with its HD sound, all the time. Impedance 32Ω, Sensitivity (dB) 101db ±3db, Frequency Response 20Hz-20KHz","headphones,boat","Verified Purchase,Premium build",budget,https://www.amazon.in/Boat-Bassheads-242-Earphones-Resistance/dp/B07S9S86BF/ref=sr_1_110?qid=1672895777&s=electronics&sr=1-110,,
297,Portronics MODESK POR,Electronics,Portronics,Standard,4.99,4.1,16685,/images/products/portronics_modesk_por.jpg,"MoDesk - a Premium Quality Mobile Holders for your Ofﬁce Desks. It can hold, on your work desk, any type of smartphone & tablets with size up to 7 inches easily","electronics,portronics","Verified Purchase,Premium build",budget,https://www.amazon.in/Portronics-POR-122-MODESK-Universal-Mobile/dp/B07N8RQ6W7/ref=sr_1_111?qid=1672895777&s=electronics&sr=1-111,,
298,realme narzo 50i,Electronics,realme,Standard,91.45,4.0,30907,/images/products/realme_narzo_50i.jpg,2 GB RAM ,"realme,electronics","Verified Purchase,Premium build",mid-range,https://www.amazon.in/realme-narzo-Mint-Green-Storage/dp/B09FKDH6FS/ref=sr_1_115?qid=1672895777&s=electronics&sr=1-115,,
299,MI 10000mAh 3i Lithium Polymer Power Bank Dual,Electronics,MI,Standard,14.01,4.3,178912,/images/products/mi_10000mah_3i_lithium_polymer_power_bank_dual.jpg,10000mAh Lithium Polymer battery,"mi,electronics","Verified Purchase,Premium build",budget,https://www.amazon.in/Power-10000mAh-Metallic-Output-Charging/dp/B08HVJCW95/ref=sr_1_116?qid=1672895777&s=electronics&sr=1-116,,
300,Nokia 105 Plus Single SIM,Electronics,Nokia,Standard,16.15,4.0,128311,/images/products/nokia_105_plus_single_sim.jpg,All-new redesigned Nokia mobile which is familiar and easy to use,"electronics,wireless,nokia","Verified Purchase,Premium build",budget,https://www.amazon.in/Nokia-105-Single-Keypad-Wireless/dp/B09YDFDVNS/ref=sr_1_117?qid=1672895777&s=electronics&sr=1-117,,
