id,name,category,subcategory,brand,price,rating,review_count,color,image_url,description,tags,features,amazon_url,flipkart_url,myntra_url,price_range,popularity_score
3,Sennheiser HD 600,Electronics,Headphones,Sennheiser,625.57,4.3,0,,/images/products/macbook_pro_14.png,Premium headphones by Sennheiser. The Sennheiser HD 600 features top-tier quality and performance. Perfect for electronics enthusiasts.,"audio,sennheiser,wireless,over-ear,noise-canceling,bluetooth",High quality|Durable design|Premium materials|Authentic Sennheiser product,https://www.amazon.in/s?k=Sennheiser%20HD%20600,https://www.flipkart.com/search?q=Sennheiser%20HD%20600,,premium,0.67
6,JBL Live 660NC Max,Electronics,Headphones,JBL,104.56,3.7,0,,/images/products/sony_headphones.png,Premium headphones by JBL. The JBL Live 660NC Max features top-tier quality and performance. Perfect for electronics enthusiasts.,"over-ear,wireless,audio,jbl,bluetooth,noise-canceling",High quality|Durable design|Premium materials|Authentic JBL product,https://www.amazon.in/s?k=JBL%20Live%20660NC%20Max,https://www.flipkart.com/search?q=JBL%20Live%20660NC%20Max,,mid-range,0.37
7,JBL Live 660NC Ultra,Electronics,Headphones,JBL,943.18,4.5,0,,/images/products/apple_airpods_max_silver.jpg,Premium headphones by JBL. The JBL Live 660NC Ultra features top-tier quality and performance. Perfect for electronics enthusiasts.,"audio,wireless,over-ear,noise-canceling,bluetooth,jbl",High quality|Durable design|Premium materials|Authentic JBL product,https://www.amazon.in/s?k=JBL%20Live%20660NC%20Ultra,https://www.flipkart.com/search?q=JBL%20Live%20660NC%20Ultra,,luxury,0.52
10,JBL Live 660NC,Electronics,Headphones,JBL,581.11,4.7,0,,/images/products/sony_headphones.png,Premium headphones by JBL. The JBL Live 660NC features top-tier quality and performance. Perfect for electronics enthusiasts.,"wireless,jbl,bluetooth,audio,over-ear,noise-canceling",High quality|Durable design|Premium materials|Authentic JBL product,https://www.amazon.in/s?k=JBL%20Live%20660NC,https://www.flipkart.com/search?q=JBL%20Live%20660NC,,premium,0.67
11,Jabra Elite 85h Ultra,Electronics,Headphones,Jabra,1398.89,4.2,0,,/images/products/macbook_pro_14.png,Premium headphones by Jabra. The Jabra Elite 85h Ultra features top-tier quality and performance. Perfect for electronics enthusiasts.,"noise-canceling,bluetooth,over-ear,audio,wireless,jabra",High quality|Durable design|Premium materials|Authentic Jabra product,https://www.amazon.in/s?k=Jabra%20Elite%2085h%20Ultra,https://www.flipkart.com/search?q=Jabra%20Elite%2085h%20Ultra,,luxury,0.18
13,Sony WH-1000XM5 Plus,Electronics,Headphones,Sony,1182.85,4.3,0,,/images/products/apple_airpods_max_silver.jpg,Premium headphones by Sony. The Sony WH-1000XM5 Plus features top-tier quality and performance. Perfect for electronics enthusiasts.,"audio,sony,over-ear,wireless,noise-canceling,bluetooth",High quality|Durable design|Premium materials|Authentic Sony product,https://www.amazon.in/s?k=Sony%20WH-1000XM5%20Plus,https://www.flipkart.com/search?q=Sony%20WH-1000XM5%20Plus,,luxury,0.69
15,Jabra Elite 85h,Electronics,Headphones,Jabra,311.02,3.8,0,,/images/products/macbook_pro_14.png,Premium headphones by Jabra. The Jabra Elite 85h features top-tier quality and performance. Perfect for electronics enthusiasts.,"jabra,over-ear,audio,bluetooth,noise-canceling,wireless",High quality|Durable design|Premium materials|Authentic Jabra product,https://www.amazon.in/s?k=Jabra%20Elite%2085h,https://www.flipkart.com/search?q=Jabra%20Elite%2085h,,premium,0.79
16,Sony WH-1000XM5,Electronics,Headphones,Sony,337.17,3.9,0,,/images/products/sony_headphones.png,Premium headphones by Sony. The Sony WH-1000XM5 features top-tier quality and performance. Perfect for electronics enthusiasts.,"wireless,noise-canceling,audio,bluetooth,sony,over-ear",High quality|Durable design|Premium materials|Authentic Sony product,https://www.amazon.in/s?k=Sony%20WH-1000XM5,https://www.flipkart.com/search?q=Sony%20WH-1000XM5,,premium,0.88
17,Apple AirPods Max,Electronics,Headphones,Apple,679.57,3.6,0,,/images/products/samsung_galaxy_buds_live_bluetooth_truly_wireless_in.jpg,Premium headphones by Apple. The Apple AirPods Max features top-tier quality and performance. Perfect for electronics enthusiasts.,"bluetooth,apple,noise-canceling,over-ear,audio,wireless",High quality|Durable design|Premium materials|Authentic Apple product,https://www.amazon.in/s?k=Apple%20AirPods%20Max,https://www.flipkart.com/search?q=Apple%20AirPods%20Max,,premium,0.26
18,Bose QuietComfort 45 V2,Electronics,Headphones,Bose,852.59,4.4,0,,/images/products/sony_headphones.png,Premium headphones by Bose. The Bose QuietComfort 45 V2 features top-tier quality and performance. Perfect for electronics enthusiasts.,"over-ear,bose,audio,noise-canceling,wireless,bluetooth",High quality|Durable design|Premium materials|Authentic Bose product,https://www.amazon.in/s?k=Bose%20QuietComfort%2045%20V2,https://www.flipkart.com/search?q=Bose%20QuietComfort%2045%20V2,,luxury,0.28
19,Bose QuietComfort 45,Electronics,Headphones,Bose,297.07,4.0,0,,/images/products/apple_airpods_max_silver.jpg,Premium headphones by Bose. The Bose QuietComfort 45 features top-tier quality and performance. Perfect for electronics enthusiasts.,"bluetooth,bose,noise-canceling,audio,over-ear,wireless",High quality|Durable design|Premium materials|Authentic Bose product,https://www.amazon.in/s?k=Bose%20QuietComfort%2045,https://www.flipkart.com/search?q=Bose%20QuietComfort%2045,,premium,0.34
25,Razer BlackWidow V3 Edition,Electronics,Keyboards,Razer,733.48,4.4,0,,/images/products/macbook_pro_14.png,Premium keyboards by Razer. The Razer BlackWidow V3 Edition features top-tier quality and performance. Perfect for electronics enthusiasts.,"wireless,productivity,razer,typing,rgb,mechanical",High quality|Durable design|Premium materials|Authentic Razer product,https://www.amazon.in/s?k=Razer%20BlackWidow%20V3%20Edition,https://www.flipkart.com/search?q=Razer%20BlackWidow%20V3%20Edition,,premium,0.17
27,Corsair K70 RGB,Electronics,Keyboards,Corsair,1230.94,4.1,0,,/images/products/keyboard1.png,Premium keyboards by Corsair. The Corsair K70 RGB features top-tier quality and performance. Perfect for electronics enthusiasts.,"mechanical,corsair,wireless,rgb,productivity,typing",High quality|Durable design|Premium materials|Authentic Corsair product,https://www.amazon.in/s?k=Corsair%20K70%20RGB,https://www.flipkart.com/search?q=Corsair%20K70%20RGB,,luxury,0.23
28,Keychron K8 Pro Max,Electronics,Keyboards,Keychron,850.41,3.9,0,,/images/products/macbook_pro_14.png,Premium keyboards by Keychron. The Keychron K8 Pro Max features top-tier quality and performance. Perfect for electronics enthusiasts.,"mechanical,rgb,typing,keychron,productivity,wireless",High quality|Durable design|Premium materials|Authentic Keychron product,https://www.amazon.in/s?k=Keychron%20K8%20Pro%20Max,https://www.flipkart.com/search?q=Keychron%20K8%20Pro%20Max,,luxury,0.58
30,Razer BlackWidow V3 Ultra,Electronics,Keyboards,Razer,1158.45,4.4,0,,/images/products/macbook_pro_14.png,Premium keyboards by Razer. The Razer BlackWidow V3 Ultra features top-tier quality and performance. Perfect for electronics enthusiasts.,"typing,razer,rgb,wireless,productivity,mechanical",High quality|Durable design|Premium materials|Authentic Razer product,https://www.amazon.in/s?k=Razer%20BlackWidow%20V3%20Ultra,https://www.flipkart.com/search?q=Razer%20BlackWidow%20V3%20Ultra,,luxury,0.32
32,Ducky One 3 Mini,Electronics,Keyboards,Ducky,1229.89,3.9,0,,/images/products/macbook_pro_14.png,Premium keyboards by Ducky. The Ducky One 3 Mini features top-tier quality and performance. Perfect for electronics enthusiasts.,"mechanical,ducky,rgb,productivity,typing,wireless",High quality|Durable design|Premium materials|Authentic Ducky product,https://www.amazon.in/s?k=Ducky%20One%203%20Mini,https://www.flipkart.com/search?q=Ducky%20One%203%20Mini,,luxury,0.67
33,Keychron K8 Pro,Electronics,Keyboards,Keychron,724.72,4.5,0,,/images/products/macbook_pro_14.png,Premium keyboards by Keychron. The Keychron K8 Pro features top-tier quality and performance. Perfect for electronics enthusiasts.,"productivity,keychron,rgb,mechanical,typing,wireless",High quality|Durable design|Premium materials|Authentic Keychron product,https://www.amazon.in/s?k=Keychron%20K8%20Pro,https://www.flipkart.com/search?q=Keychron%20K8%20Pro,,premium,0.35
35,Razer BlackWidow V3,Electronics,Keyboards,Razer,1422.82,4.2,0,,/images/products/macbook_pro_14.png,Premium keyboards by Razer. The Razer BlackWidow V3 features top-tier quality and performance. Perfect for electronics enthusiasts.,"productivity,typing,mechanical,wireless,razer,rgb",High quality|Durable design|Premium materials|Authentic Razer product,https://www.amazon.in/s?k=Razer%20BlackWidow%20V3,https://www.flipkart.com/search?q=Razer%20BlackWidow%20V3,,luxury,0.3
37,Razer BlackWidow V3 Elite,Electronics,Keyboards,Razer,564.44,4.0,0,,/images/products/macbook_pro_14.png,Premium keyboards by Razer. The Razer BlackWidow V3 Elite features top-tier quality and performance. Perfect for electronics enthusiasts.,"productivity,typing,wireless,mechanical,razer,rgb",High quality|Durable design|Premium materials|Authentic Razer product,https://www.amazon.in/s?k=Razer%20BlackWidow%20V3%20Elite,https://www.flipkart.com/search?q=Razer%20BlackWidow%20V3%20Elite,,premium,0.63
38,Logitech MX Mechanical,Electronics,Keyboards,Logitech,1294.49,3.8,0,,/images/products/keyboard_v2.png,Premium keyboards by Logitech. The Logitech MX Mechanical features top-tier quality and performance. Perfect for electronics enthusiasts.,"wireless,mechanical,rgb,logitech,typing,productivity",High quality|Durable design|Premium materials|Authentic Logitech product,https://www.amazon.in/s?k=Logitech%20MX%20Mechanical,https://www.flipkart.com/search?q=Logitech%20MX%20Mechanical,,luxury,0.41
39,SteelSeries Aerox 3 Plus,Electronics,Mice,SteelSeries,1030.84,4.9,0,,/images/products/macbook_pro_14.png,Premium mice by SteelSeries. The SteelSeries Aerox 3 Plus features top-tier quality and performance. Perfect for electronics enthusiasts.,"wireless,optical,steelseries,productivity,ergonomic",High quality|Durable design|Premium materials|Authentic SteelSeries product,https://www.amazon.in/s?k=SteelSeries%20Aerox%203%20Plus,https://www.flipkart.com/search?q=SteelSeries%20Aerox%203%20Plus,,luxury,0.76
46,Razer DeathAdder V2,Electronics,Mice,Razer,712.99,3.9,0,,/images/products/razer_deathadder_v3_pro_black.jpg,Premium mice by Razer. The Razer DeathAdder V2 features top-tier quality and performance. Perfect for electronics enthusiasts.,"productivity,wireless,optical,razer,ergonomic",High quality|Durable design|Premium materials|Authentic Razer product,https://www.amazon.in/s?k=Razer%20DeathAdder%20V2,https://www.flipkart.com/search?q=Razer%20DeathAdder%20V2,,premium,0.66
47,Logitech G Pro X Superlight,Electronics,Mice,Logitech,202.17,4.7,0,,/images/products/macbook_pro_14.png,Premium mice by Logitech. The Logitech G Pro X Superlight features top-tier quality and performance. Perfect for electronics enthusiasts.,"ergonomic,optical,productivity,wireless,logitech",High quality|Durable design|Premium materials|Authentic Logitech product,https://www.amazon.in/s?k=Logitech%20G%20Pro%20X%20Superlight,https://www.flipkart.com/search?q=Logitech%20G%20Pro%20X%20Superlight,,premium,0.85
49,SteelSeries Aerox 3,Electronics,Mice,SteelSeries,821.95,4.5,0,,/images/products/macbook_pro_14.png,Premium mice by SteelSeries. The SteelSeries Aerox 3 features top-tier quality and performance. Perfect for electronics enthusiasts.,"productivity,wireless,optical,ergonomic,steelseries",High quality|Durable design|Premium materials|Authentic SteelSeries product,https://www.amazon.in/s?k=SteelSeries%20Aerox%203,https://www.flipkart.com/search?q=SteelSeries%20Aerox%203,,luxury,0.58
50,Logitech G Pro X Superlight Elite,Electronics,Mice,Logitech,994.35,3.8,0,,/images/products/macbook_pro_14.png,Premium mice by Logitech. The Logitech G Pro X Superlight Elite features top-tier quality and performance. Perfect for electronics enthusiasts.,"productivity,logitech,ergonomic,optical,wireless",High quality|Durable design|Premium materials|Authentic Logitech product,https://www.amazon.in/s?k=Logitech%20G%20Pro%20X%20Superlight%20Elite,https://www.flipkart.com/search?q=Logitech%20G%20Pro%20X%20Superlight%20Elite,,luxury,0.62
51,Corsair Dark Core RGB,Electronics,Mice,Corsair,1414.78,3.7,0,,/images/products/macbook_pro_14.png,Premium mice by Corsair. The Corsair Dark Core RGB features top-tier quality and performance. Perfect for electronics enthusiasts.,"ergonomic,productivity,wireless,optical,corsair",High quality|Durable design|Premium materials|Authentic Corsair product,https://www.amazon.in/s?k=Corsair%20Dark%20Core%20RGB,https://www.flipkart.com/search?q=Corsair%20Dark%20Core%20RGB,,luxury,0.51
52,SteelSeries Aerox 3 Elite,Electronics,Mice,SteelSeries,149.41,4.7,0,,/images/products/macbook_pro_14.png,Premium mice by SteelSeries. The SteelSeries Aerox 3 Elite features top-tier quality and performance. Perfect for electronics enthusiasts.,"productivity,steelseries,optical,ergonomic,wireless",High quality|Durable design|Premium materials|Authentic SteelSeries product,https://www.amazon.in/s?k=SteelSeries%20Aerox%203%20Elite,https://www.flipkart.com/search?q=SteelSeries%20Aerox%203%20Elite,,mid-range,0.18
53,Razer DeathAdder V2 Plus,Electronics,Mice,Razer,1189.23,4.6,0,,/images/products/mouse_v1.png,Premium mice by Razer. The Razer DeathAdder V2 Plus features top-tier quality and performance. Perfect for electronics enthusiasts.,"razer,ergonomic,productivity,wireless,optical",High quality|Durable design|Premium materials|Authentic Razer product,https://www.amazon.in/s?k=Razer%20DeathAdder%20V2%20Plus,https://www.flipkart.com/search?q=Razer%20DeathAdder%20V2%20Plus,,luxury,0.26
54,Logitech MX Master 3S,Electronics,Mice,Logitech,1357.66,4.8,0,,/images/products/mouse.png,Premium mice by Logitech. The Logitech MX Master 3S features top-tier quality and performance. Perfect for electronics enthusiasts.,"productivity,optical,wireless,ergonomic,logitech",High quality|Durable design|Premium materials|Authentic Logitech product,https://www.amazon.in/s?k=Logitech%20MX%20Master%203S,https://www.flipkart.com/search?q=Logitech%20MX%20Master%203S,,luxury,0.11
55,Corsair Dark Core RGB Max,Electronics,Mice,Corsair,522.15,3.5,0,,/images/products/macbook_pro_14.png,Premium mice by Corsair. The Corsair Dark Core RGB Max features top-tier quality and performance. Perfect for electronics enthusiasts.,"corsair,wireless,ergonomic,optical,productivity",High quality|Durable design|Premium materials|Authentic Corsair product,https://www.amazon.in/s?k=Corsair%20Dark%20Core%20RGB%20Max,https://www.flipkart.com/search?q=Corsair%20Dark%20Core%20RGB%20Max,,premium,0.92
56,Corsair Dark Core RGB Plus,Electronics,Mice,Corsair,1259.73,3.9,0,,/images/products/macbook_pro_14.png,Premium mice by Corsair. The Corsair Dark Core RGB Plus features top-tier quality and performance. Perfect for electronics enthusiasts.,"ergonomic,optical,wireless,corsair,productivity",High quality|Durable design|Premium materials|Authentic Corsair product,https://www.amazon.in/s?k=Corsair%20Dark%20Core%20RGB%20Plus,https://www.flipkart.com/search?q=Corsair%20Dark%20Core%20RGB%20Plus,,luxury,0.81
57,Dell UltraSharp U2723QE,Electronics,Monitors,Dell,134.47,3.6,0,,/images/products/vu_139_cm.jpg,Premium monitors by Dell. The Dell UltraSharp U2723QE features top-tier quality and performance. Perfect for electronics enthusiasts.,"ips,dell,display,usb-c,4k,monitor",High quality|Durable design|Premium materials|Authentic Dell product,https://www.amazon.in/s?k=Dell%20UltraSharp%20U2723QE,https://www.flipkart.com/search?q=Dell%20UltraSharp%20U2723QE,,mid-range,0.51
58,Dell UltraSharp U2723QE Plus,Electronics,Monitors,Dell,606.24,4.7,0,,/images/products/monitor_v1.png,Premium monitors by Dell. The Dell UltraSharp U2723QE Plus features top-tier quality and performance. Perfect for electronics enthusiasts.,"usb-c,display,monitor,4k,dell,ips",High quality|Durable design|Premium materials|Authentic Dell product,https://www.amazon.in/s?k=Dell%20UltraSharp%20U2723QE%20Plus,https://www.flipkart.com/search?q=Dell%20UltraSharp%20U2723QE%20Plus,,premium,0.86
66,Dell UltraSharp U2723QE Pro,Electronics,Monitors,Dell,51.83,4.1,0,,/images/products/acer_139_cm.jpg,Premium monitors by Dell. The Dell UltraSharp U2723QE Pro features top-tier quality and performance. Perfect for electronics enthusiasts.,"dell,display,ips,4k,monitor,usb-c",High quality|Durable design|Premium materials|Authentic Dell product,https://www.amazon.in/s?k=Dell%20UltraSharp%20U2723QE%20Pro,https://www.flipkart.com/search?q=Dell%20UltraSharp%20U2723QE%20Pro,,mid-range,0.26
71,Samsung Odyssey G7,Electronics,Monitors,Samsung,1434.38,3.8,0,,/images/products/acer_139_cm.jpg,Premium monitors by Samsung. The Samsung Odyssey G7 features top-tier quality and performance. Perfect for electronics enthusiasts.,"display,ips,monitor,samsung,4k,usb-c",High quality|Durable design|Premium materials|Authentic Samsung product,https://www.amazon.in/s?k=Samsung%20Odyssey%20G7,https://www.flipkart.com/search?q=Samsung%20Odyssey%20G7,,luxury,0.75
72,BenQ PD2700U,Electronics,Monitors,BenQ,759.95,4.1,0,,/images/products/macbook_pro_14.png,Premium monitors by BenQ. The BenQ PD2700U features top-tier quality and performance. Perfect for electronics enthusiasts.,"4k,monitor,usb-c,benq,display,ips",High quality|Durable design|Premium materials|Authentic BenQ product,https://www.amazon.in/s?k=BenQ%20PD2700U,https://www.flipkart.com/search?q=BenQ%20PD2700U,,premium,0.59
73,LG 27GN950-B,Electronics,Monitors,LG,100.17,3.6,0,,/images/products/macbook_pro_14.png,Premium monitors by LG. The LG 27GN950-B features top-tier quality and performance. Perfect for electronics enthusiasts.,"ips,4k,display,monitor,usb-c,lg",High quality|Durable design|Premium materials|Authentic LG product,https://www.amazon.in/s?k=LG%2027GN950-B,https://www.flipkart.com/search?q=LG%2027GN950-B,,mid-range,0.86
74,ASUS ProArt Display,Electronics,Monitors,ASUS,390.88,3.6,0,,/images/products/monitor_v2.png,Premium monitors by ASUS. The ASUS ProArt Display features top-tier quality and performance. Perfect for electronics enthusiasts.,"asus,4k,display,ips,usb-c,monitor",High quality|Durable design|Premium materials|Authentic ASUS product,https://www.amazon.in/s?k=ASUS%20ProArt%20Display,https://www.flipkart.com/search?q=ASUS%20ProArt%20Display,,premium,0.19
77,Apple 20W USB-C Ultra,Electronics,Chargers,Apple,740.86,3.7,0,,/images/products/wayona_usb_type_c_65w_fast_charging_2m_6ft.jpg,Premium chargers by Apple. The Apple 20W USB-C Ultra features top-tier quality and performance. Perfect for electronics enthusiasts.,"fast-charging,apple,gan,power,adapter,usb-c",High quality|Durable design|Premium materials|Authentic Apple product,https://www.amazon.in/s?k=Apple%2020W%20USB-C%20Ultra,https://www.flipkart.com/search?q=Apple%2020W%20USB-C%20Ultra,,premium,0.67
84,Spigen ArcStation Pro,Electronics,Chargers,Spigen,1172.67,3.5,0,,/images/products/macbook_pro_14.png,Premium chargers by Spigen. The Spigen ArcStation Pro features top-tier quality and performance. Perfect for electronics enthusiasts.,"adapter,spigen,usb-c,gan,fast-charging,power",High quality|Durable design|Premium materials|Authentic Spigen product,https://www.amazon.in/s?k=Spigen%20ArcStation%20Pro,https://www.flipkart.com/search?q=Spigen%20ArcStation%20Pro,,luxury,0.72
85,Samsung 45W PD Edition,Electronics,Chargers,Samsung,1195.74,4.1,0,,/images/products/macbook_pro_14.png,Premium chargers by Samsung. The Samsung 45W PD Edition features top-tier quality and performance. Perfect for electronics enthusiasts.,"samsung,gan,adapter,power,usb-c,fast-charging",High quality|Durable design|Premium materials|Authentic Samsung product,https://www.amazon.in/s?k=Samsung%2045W%20PD%20Edition,https://www.flipkart.com/search?q=Samsung%2045W%20PD%20Edition,,luxury,0.21
86,Samsung 45W PD Elite,Electronics,Chargers,Samsung,453.01,3.7,0,,/images/products/macbook_pro_14.png,Premium chargers by Samsung. The Samsung 45W PD Elite features top-tier quality and performance. Perfect for electronics enthusiasts.,"gan,samsung,fast-charging,power,adapter,usb-c",High quality|Durable design|Premium materials|Authentic Samsung product,https://www.amazon.in/s?k=Samsung%2045W%20PD%20Elite,https://www.flipkart.com/search?q=Samsung%2045W%20PD%20Elite,,premium,0.55
87,Belkin BoostCharge Pro Ultra,Electronics,Chargers,Belkin,1355.72,4.2,0,,/images/products/speaker_v2.png,Premium chargers by Belkin. The Belkin BoostCharge Pro Ultra features top-tier quality and performance. Perfect for electronics enthusiasts.,"fast-charging,adapter,gan,power,usb-c,belkin",High quality|Durable design|Premium materials|Authentic Belkin product,https://www.amazon.in/s?k=Belkin%20BoostCharge%20Pro%20Ultra,https://www.flipkart.com/search?q=Belkin%20BoostCharge%20Pro%20Ultra,,luxury,0.83
90,Anker Nano II 65W,Electronics,Chargers,Anker,1055.22,4.8,0,,/images/products/macbook_pro_14.png,Premium chargers by Anker. The Anker Nano II 65W features top-tier quality and performance. Perfect for electronics enthusiasts.,"power,anker,adapter,fast-charging,usb-c,gan",High quality|Durable design|Premium materials|Authentic Anker product,https://www.amazon.in/s?k=Anker%20Nano%20II%2065W,https://www.flipkart.com/search?q=Anker%20Nano%20II%2065W,,luxury,0.15
91,Belkin BoostCharge Pro,Electronics,Chargers,Belkin,246.48,4.0,0,,/images/products/speaker_v2.png,Premium chargers by Belkin. The Belkin BoostCharge Pro features top-tier quality and performance. Perfect for electronics enthusiasts.,"adapter,power,usb-c,belkin,gan,fast-charging",High quality|Durable design|Premium materials|Authentic Belkin product,https://www.amazon.in/s?k=Belkin%20BoostCharge%20Pro,https://www.flipkart.com/search?q=Belkin%20BoostCharge%20Pro,,premium,0.38
92,Samsung 45W PD,Electronics,Chargers,Samsung,445.88,4.8,0,,/images/products/macbook_pro_14.png,Premium chargers by Samsung. The Samsung 45W PD features top-tier quality and performance. Perfect for electronics enthusiasts.,"fast-charging,power,samsung,usb-c,gan,adapter",High quality|Durable design|Premium materials|Authentic Samsung product,https://www.amazon.in/s?k=Samsung%2045W%20PD,https://www.flipkart.com/search?q=Samsung%2045W%20PD,,premium,0.76
93,Sonos Roam Plus,Electronics,Speakers,Sonos,914.88,3.8,0,,/images/products/macbook_pro_14.png,Premium speakers by Sonos. The Sonos Roam Plus features top-tier quality and performance. Perfect for electronics enthusiasts.,"sonos,waterproof,portable,audio,bluetooth,speaker",High quality|Durable design|Premium materials|Authentic Sonos product,https://www.amazon.in/s?k=Sonos%20Roam%20Plus,https://www.flipkart.com/search?q=Sonos%20Roam%20Plus,,luxury,0.34
95,JBL Charge 5 Edition,Electronics,Speakers,JBL,943.56,4.8,0,,/images/products/speaker_v2.png,Premium speakers by JBL. The JBL Charge 5 Edition features top-tier quality and performance. Perfect for electronics enthusiasts.,"portable,bluetooth,audio,jbl,speaker,waterproof",High quality|Durable design|Premium materials|Authentic JBL product,https://www.amazon.in/s?k=JBL%20Charge%205%20Edition,https://www.flipkart.com/search?q=JBL%20Charge%205%20Edition,,luxury,0.36
98,Sonos Roam Edition,Electronics,Speakers,Sonos,828.05,4.7,0,,/images/products/macbook_pro_14.png,Premium speakers by Sonos. The Sonos Roam Edition features top-tier quality and performance. Perfect for electronics enthusiasts.,"speaker,portable,waterproof,sonos,bluetooth,audio",High quality|Durable design|Premium materials|Authentic Sonos product,https://www.amazon.in/s?k=Sonos%20Roam%20Edition,https://www.flipkart.com/search?q=Sonos%20Roam%20Edition,,luxury,0.32
99,JBL Charge 5 Elite,Electronics,Speakers,JBL,621.48,4.2,0,,/images/products/speaker_v2.png,Premium speakers by JBL. The JBL Charge 5 Elite features top-tier quality and performance. Perfect for electronics enthusiasts.,"speaker,audio,jbl,bluetooth,portable,waterproof",High quality|Durable design|Premium materials|Authentic JBL product,https://www.amazon.in/s?k=JBL%20Charge%205%20Elite,https://www.flipkart.com/search?q=JBL%20Charge%205%20Elite,,premium,0.76
103,Sony SRS-XB43 Elite,Electronics,Speakers,Sony,1061.9,3.8,0,,/images/products/macbook_pro_14.png,Premium speakers by Sony. The Sony SRS-XB43 Elite features top-tier quality and performance. Perfect for electronics enthusiasts.,"audio,sony,waterproof,portable,bluetooth,speaker",High quality|Durable design|Premium materials|Authentic Sony product,https://www.amazon.in/s?k=Sony%20SRS-XB43%20Elite,https://www.flipkart.com/search?q=Sony%20SRS-XB43%20Elite,,luxury,0.98
104,Ultimate Ears BOOM 3,Electronics,Speakers,Ultimate Ears,1357.71,3.6,0,,/images/products/macbook_pro_14.png,Premium speakers by Ultimate Ears. The Ultimate Ears BOOM 3 features top-tier quality and performance. Perfect for electronics enthusiasts.,"portable,bluetooth,audio,waterproof,ultimate ears,speaker",High quality|Durable design|Premium materials|Authentic Ultimate Ears product,https://www.amazon.in/s?k=Ultimate%20Ears%20BOOM%203,https://www.flipkart.com/search?q=Ultimate%20Ears%20BOOM%203,,luxury,0.68
106,Bose SoundLink Revolve+,Electronics,Speakers,Bose,1458.26,4.9,0,,/images/products/macbook_pro_14.png,Premium speakers by Bose. The Bose SoundLink Revolve+ features top-tier quality and performance. Perfect for electronics enthusiasts.,"waterproof,speaker,bluetooth,audio,portable,bose",High quality|Durable design|Premium materials|Authentic Bose product,https://www.amazon.in/s?k=Bose%20SoundLink%20Revolve%2B,https://www.flipkart.com/search?q=Bose%20SoundLink%20Revolve%2B,,luxury,0.77
107,Sony SRS-XB43 Pro,Electronics,Speakers,Sony,1134.53,3.6,0,,/images/products/macbook_pro_14.png,Premium speakers by Sony. The Sony SRS-XB43 Pro features top-tier quality and performance. Perfect for electronics enthusiasts.,"portable,sony,audio,speaker,bluetooth,waterproof",High quality|Durable design|Premium materials|Authentic Sony product,https://www.amazon.in/s?k=Sony%20SRS-XB43%20Pro,https://www.flipkart.com/search?q=Sony%20SRS-XB43%20Pro,,luxury,0.98
108,JBL Charge 5,Electronics,Speakers,JBL,116.72,4.4,0,,/images/products/apple_homepod_mini_cosmic_grey.jpg,Premium speakers by JBL. The JBL Charge 5 features top-tier quality and performance. Perfect for electronics enthusiasts.,"bluetooth,portable,audio,waterproof,speaker,jbl",High quality|Durable design|Premium materials|Authentic JBL product,https://www.amazon.in/s?k=JBL%20Charge%205,https://www.flipkart.com/search?q=JBL%20Charge%205,,mid-range,0.2
109,JBL Charge 5 Pro,Electronics,Speakers,JBL,716.75,4.9,0,,/images/products/amazon_echo_plus.jpg,Premium speakers by JBL. The JBL Charge 5 Pro features top-tier quality and performance. Perfect for electronics enthusiasts.,"jbl,bluetooth,waterproof,audio,portable,speaker",High quality|Durable design|Premium materials|Authentic JBL product,https://www.amazon.in/s?k=JBL%20Charge%205%20Pro,https://www.flipkart.com/search?q=JBL%20Charge%205%20Pro,,premium,0.99
110,Sonos Roam,Electronics,Speakers,Sonos,851.8,4.5,0,,/images/products/macbook_pro_14.png,Premium speakers by Sonos. The Sonos Roam features top-tier quality and performance. Perfect for electronics enthusiasts.,"sonos,portable,bluetooth,audio,speaker,waterproof",High quality|Durable design|Premium materials|Authentic Sonos product,https://www.amazon.in/s?k=Sonos%20Roam,https://www.flipkart.com/search?q=Sonos%20Roam,,luxury,0.9
111,Apple MacBook Air M2 Pro,Electronics,Laptops,Apple,981.3,3.5,0,,/images/products/asus_zenbook_pro_dual_screen_laptop.jpg,Premium laptops by Apple. The Apple MacBook Air M2 Pro features top-tier quality and performance. Perfect for electronics enthusiasts.,"computer,portable,apple,laptop,ultrabook,productivity",High quality|Durable design|Premium materials|Authentic Apple product,https://www.amazon.in/s?k=Apple%20MacBook%20Air%20M2%20Pro,https://www.flipkart.com/search?q=Apple%20MacBook%20Air%20M2%20Pro,,luxury,0.22
114,Apple MacBook Air M2,Electronics,Laptops,Apple,1331.47,4.4,0,,/images/products/macbook_pro_14.png,Premium laptops by Apple. The Apple MacBook Air M2 features top-tier quality and performance. Perfect for electronics enthusiasts.,"portable,computer,productivity,ultrabook,laptop,apple",High quality|Durable design|Premium materials|Authentic Apple product,https://www.amazon.in/s?k=Apple%20MacBook%20Air%20M2,https://www.flipkart.com/search?q=Apple%20MacBook%20Air%20M2,,luxury,0.45
117,ASUS ZenBook 14,Electronics,Laptops,ASUS,384.51,4.8,0,,/images/products/asus_zenbook_pro_dual_screen_laptop.jpg,Premium laptops by ASUS. The ASUS ZenBook 14 features top-tier quality and performance. Perfect for electronics enthusiasts.,"ultrabook,asus,productivity,laptop,computer,portable",High quality|Durable design|Premium materials|Authentic ASUS product,https://www.amazon.in/s?k=ASUS%20ZenBook%2014,https://www.flipkart.com/search?q=ASUS%20ZenBook%2014,,premium,0.63
118,HP Spectre x360,Electronics,Laptops,HP,721.66,4.2,0,,/images/products/laptop_v1.png,Premium laptops by HP. The HP Spectre x360 features top-tier quality and performance. Perfect for electronics enthusiasts.,"laptop,computer,hp,portable,ultrabook,productivity",High quality|Durable design|Premium materials|Authentic HP product,https://www.amazon.in/s?k=HP%20Spectre%20x360,https://www.flipkart.com/search?q=HP%20Spectre%20x360,,premium,0.65
119,HP Spectre x360 Ultra,Electronics,Laptops,HP,174.76,4.0,0,,/images/products/laptop_v2.png,Premium laptops by HP. The HP Spectre x360 Ultra features top-tier quality and performance. Perfect for electronics enthusiasts.,"laptop,ultrabook,portable,productivity,computer,hp",High quality|Durable design|Premium materials|Authentic HP product,https://www.amazon.in/s?k=HP%20Spectre%20x360%20Ultra,https://www.flipkart.com/search?q=HP%20Spectre%20x360%20Ultra,,mid-range,0.1
121,Apple MacBook Air M2 V2,Electronics,Laptops,Apple,247.35,4.7,0,,/images/products/huawei_matebook_x_pro.jpg,Premium laptops by Apple. The Apple MacBook Air M2 V2 features top-tier quality and performance. Perfect for electronics enthusiasts.,"computer,productivity,apple,ultrabook,portable,laptop",High quality|Durable design|Premium materials|Authentic Apple product,https://www.amazon.in/s?k=Apple%20MacBook%20Air%20M2%20V2,https://www.flipkart.com/search?q=Apple%20MacBook%20Air%20M2%20V2,,premium,0.4
124,HP Spectre x360 Max,Electronics,Laptops,HP,862.2,4.6,0,,/images/products/laptop_v1.png,Premium laptops by HP. The HP Spectre x360 Max features top-tier quality and performance. Perfect for electronics enthusiasts.,"laptop,ultrabook,productivity,portable,computer,hp",High quality|Durable design|Premium materials|Authentic HP product,https://www.amazon.in/s?k=HP%20Spectre%20x360%20Max,https://www.flipkart.com/search?q=HP%20Spectre%20x360%20Max,,luxury,0.76
126,Lenovo ThinkPad X1 Carbon,Electronics,Laptops,Lenovo,203.46,4.9,0,,/images/products/macbook_pro_14.png,Premium laptops by Lenovo. The Lenovo ThinkPad X1 Carbon features top-tier quality and performance. Perfect for electronics enthusiasts.,"lenovo,ultrabook,productivity,computer,portable,laptop",High quality|Durable design|Premium materials|Authentic Lenovo product,https://www.amazon.in/s?k=Lenovo%20ThinkPad%20X1%20Carbon,https://www.flipkart.com/search?q=Lenovo%20ThinkPad%20X1%20Carbon,,premium,0.92
127,Apple MacBook Pro 14,Electronics,Laptops,Apple,674.81,4.4,0,,/images/products/huawei_matebook_x_pro.jpg,Premium laptops by Apple. The Apple MacBook Pro 14 features top-tier quality and performance. Perfect for electronics enthusiasts.,"laptop,portable,computer,productivity,apple,ultrabook",High quality|Durable design|Premium materials|Authentic Apple product,https://www.amazon.in/s?k=Apple%20MacBook%20Pro%2014,https://www.flipkart.com/search?q=Apple%20MacBook%20Pro%2014,,premium,0.43
128,Dell XPS 15,Electronics,Laptops,Dell,1059.78,4.6,0,,/images/products/new_dell_xps_13_9300_laptop.jpg,Premium laptops by Dell. The Dell XPS 15 features top-tier quality and performance. Perfect for electronics enthusiasts.,"computer,portable,productivity,laptop,ultrabook,dell",High quality|Durable design|Premium materials|Authentic Dell product,https://www.amazon.in/s?k=Dell%20XPS%2015,https://www.flipkart.com/search?q=Dell%20XPS%2015,,luxury,0.98
129,Apple Watch Series 9 Edition,Electronics,Smartwatches,Apple,1375.0,4.1,0,,/images/products/rolex_submariner_watch.jpg,Premium smartwatches by Apple. The Apple Watch Series 9 Edition features top-tier quality and performance. Perfect for electronics enthusiasts.,"wearable,tracker,fitness,apple,smartwatch,health",High quality|Durable design|Premium materials|Authentic Apple product,https://www.amazon.in/s?k=Apple%20Watch%20Series%209%20Edition,https://www.flipkart.com/search?q=Apple%20Watch%20Series%209%20Edition,,luxury,0.98
131,Apple Watch Series 9 Elite,Electronics,Smartwatches,Apple,1419.44,3.6,0,,/images/products/noise_colorfit_pro_4_advanced_bluetooth_calling_smart.jpg,Premium smartwatches by Apple. The Apple Watch Series 9 Elite features top-tier quality and performance. Perfect for electronics enthusiasts.,"health,fitness,apple,wearable,tracker,smartwatch",High quality|Durable design|Premium materials|Authentic Apple product,https://www.amazon.in/s?k=Apple%20Watch%20Series%209%20Elite,https://www.flipkart.com/search?q=Apple%20Watch%20Series%209%20Elite,,luxury,0.65
134,Amazfit GTR 4,Electronics,Smartwatches,Amazfit,640.36,4.5,0,,/images/products/macbook_pro_14.png,Premium smartwatches by Amazfit. The Amazfit GTR 4 features top-tier quality and performance. Perfect for electronics enthusiasts.,"tracker,wearable,health,smartwatch,amazfit,fitness",High quality|Durable design|Premium materials|Authentic Amazfit product,https://www.amazon.in/s?k=Amazfit%20GTR%204,https://www.flipkart.com/search?q=Amazfit%20GTR%204,,premium,0.35
139,Garmin Fenix 7,Electronics,Smartwatches,Garmin,1466.11,4.0,0,,/images/products/macbook_pro_14.png,Premium smartwatches by Garmin. The Garmin Fenix 7 features top-tier quality and performance. Perfect for electronics enthusiasts.,"health,garmin,tracker,wearable,fitness,smartwatch",High quality|Durable design|Premium materials|Authentic Garmin product,https://www.amazon.in/s?k=Garmin%20Fenix%207,https://www.flipkart.com/search?q=Garmin%20Fenix%207,,luxury,0.22
140,Apple Watch Series 9 Ultra,Electronics,Smartwatches,Apple,657.61,4.3,0,,/images/products/apple_watch_series_4_gold.jpg,Premium smartwatches by Apple. The Apple Watch Series 9 Ultra features top-tier quality and performance. Perfect for electronics enthusiasts.,"apple,tracker,smartwatch,health,fitness,wearable",High quality|Durable design|Premium materials|Authentic Apple product,https://www.amazon.in/s?k=Apple%20Watch%20Series%209%20Ultra,https://www.flipkart.com/search?q=Apple%20Watch%20Series%209%20Ultra,,premium,0.47
142,Samsung Galaxy Watch 6,Electronics,Smartwatches,Samsung,262.56,5.0,0,,/images/products/boat_wave_call_smart_watch.jpg,Premium smartwatches by Samsung. The Samsung Galaxy Watch 6 features top-tier quality and performance. Perfect for electronics enthusiasts.,"wearable,samsung,tracker,smartwatch,health,fitness",High quality|Durable design|Premium materials|Authentic Samsung product,https://www.amazon.in/s?k=Samsung%20Galaxy%20Watch%206,https://www.flipkart.com/search?q=Samsung%20Galaxy%20Watch%206,,premium,0.21
143,Garmin Forerunner,Electronics,Smartwatches,Garmin,887.3,4.8,0,,/images/products/macbook_pro_14.png,Premium smartwatches by Garmin. The Garmin Forerunner features top-tier quality and performance. Perfect for electronics enthusiasts.,"wearable,health,garmin,smartwatch,tracker,fitness",High quality|Durable design|Premium materials|Authentic Garmin product,https://www.amazon.in/s?k=Garmin%20Forerunner,https://www.flipkart.com/search?q=Garmin%20Forerunner,,luxury,0.24
144,Fitbit Sense 2,Electronics,Smartwatches,Fitbit,285.91,3.8,0,,/images/products/macbook_pro_14.png,Premium smartwatches by Fitbit. The Fitbit Sense 2 features top-tier quality and performance. Perfect for electronics enthusiasts.,"fitness,smartwatch,health,fitbit,wearable,tracker",High quality|Durable design|Premium materials|Authentic Fitbit product,https://www.amazon.in/s?k=Fitbit%20Sense%202,https://www.flipkart.com/search?q=Fitbit%20Sense%202,,premium,0.82
145,Apple Watch Series 9,Electronics,Smartwatches,Apple,247.52,5.0,0,,/images/products/rolex_submariner_watch.jpg,Premium smartwatches by Apple. The Apple Watch Series 9 features top-tier quality and performance. Perfect for electronics enthusiasts.,"wearable,tracker,health,smartwatch,fitness,apple",High quality|Durable design|Premium materials|Authentic Apple product,https://www.amazon.in/s?k=Apple%20Watch%20Series%209,https://www.flipkart.com/search?q=Apple%20Watch%20Series%209,,premium,0.71
146,Amazfit GTR 4 Pro,Electronics,Smartwatches,Amazfit,221.99,3.6,0,,/images/products/macbook_pro_14.png,Premium smartwatches by Amazfit. The Amazfit GTR 4 Pro features top-tier quality and performance. Perfect for electronics enthusiasts.,"amazfit,wearable,smartwatch,fitness,tracker,health",High quality|Durable design|Premium materials|Authentic Amazfit product,https://www.amazon.in/s?k=Amazfit%20GTR%204%20Pro,https://www.flipkart.com/search?q=Amazfit%20GTR%204%20Pro,,premium,0.82
148,Samsung Galaxy Tab S9 Max,Electronics,Tablets,Samsung,1446.86,4.6,0,,/images/products/ipad_mini_2021_starlight.jpg,Premium tablets by Samsung. The Samsung Galaxy Tab S9 Max features top-tier quality and performance. Perfect for electronics enthusiasts.,"tablet,touchscreen,portable,samsung,entertainment,device",High quality|Durable design|Premium materials|Authentic Samsung product,https://www.amazon.in/s?k=Samsung%20Galaxy%20Tab%20S9%20Max,https://www.flipkart.com/search?q=Samsung%20Galaxy%20Tab%20S9%20Max,,luxury,0.77
150,Amazon Fire HD 10 Edition,Electronics,Tablets,Amazon,752.87,3.8,0,,/images/products/macbook_pro_14.png,Premium tablets by Amazon. The Amazon Fire HD 10 Edition features top-tier quality and performance. Perfect for electronics enthusiasts.,"tablet,entertainment,device,portable,touchscreen,amazon",High quality|Durable design|Premium materials|Authentic Amazon product,https://www.amazon.in/s?k=Amazon%20Fire%20HD%2010%20Edition,https://www.flipkart.com/search?q=Amazon%20Fire%20HD%2010%20Edition,,premium,0.71
154,Samsung Galaxy Tab S9,Electronics,Tablets,Samsung,1082.2,4.2,0,,/images/products/ipad_mini_2021_starlight.jpg,Premium tablets by Samsung. The Samsung Galaxy Tab S9 features top-tier quality and performance. Perfect for electronics enthusiasts.,"entertainment,samsung,touchscreen,portable,device,tablet",High quality|Durable design|Premium materials|Authentic Samsung product,https://www.amazon.in/s?k=Samsung%20Galaxy%20Tab%20S9,https://www.flipkart.com/search?q=Samsung%20Galaxy%20Tab%20S9,,luxury,0.38
156,Apple iPad Pro 11 Max,Electronics,Tablets,Apple,757.97,4.6,0,,/images/products/ipad_mini_2021_starlight.jpg,Premium tablets by Apple. The Apple iPad Pro 11 Max features top-tier quality and performance. Perfect for electronics enthusiasts.,"touchscreen,entertainment,tablet,portable,apple,device",High quality|Durable design|Premium materials|Authentic Apple product,https://www.amazon.in/s?k=Apple%20iPad%20Pro%2011%20Max,https://www.flipkart.com/search?q=Apple%20iPad%20Pro%2011%20Max,,premium,0.56
157,Lenovo Tab P11 Pro,Electronics,Tablets,Lenovo,1443.45,4.9,0,,/images/products/macbook_pro_14.png,Premium tablets by Lenovo. The Lenovo Tab P11 Pro features top-tier quality and performance. Perfect for electronics enthusiasts.,"tablet,touchscreen,lenovo,device,portable,entertainment",High quality|Durable design|Premium materials|Authentic Lenovo product,https://www.amazon.in/s?k=Lenovo%20Tab%20P11%20Pro,https://www.flipkart.com/search?q=Lenovo%20Tab%20P11%20Pro,,luxury,0.83
158,Amazon Fire HD 10 V2,Electronics,Tablets,Amazon,1199.67,4.2,0,,/images/products/macbook_pro_14.png,Premium tablets by Amazon. The Amazon Fire HD 10 V2 features top-tier quality and performance. Perfect for electronics enthusiasts.,"touchscreen,tablet,portable,amazon,entertainment,device",High quality|Durable design|Premium materials|Authentic Amazon product,https://www.amazon.in/s?k=Amazon%20Fire%20HD%2010%20V2,https://www.flipkart.com/search?q=Amazon%20Fire%20HD%2010%20V2,,luxury,0.85
162,Amazon Fire HD 10,Electronics,Tablets,Amazon,1184.43,4.3,0,,/images/products/macbook_pro_14.png,Premium tablets by Amazon. The Amazon Fire HD 10 features top-tier quality and performance. Perfect for electronics enthusiasts.,"entertainment,device,tablet,portable,touchscreen,amazon",High quality|Durable design|Premium materials|Authentic Amazon product,https://www.amazon.in/s?k=Amazon%20Fire%20HD%2010,https://www.flipkart.com/search?q=Amazon%20Fire%20HD%2010,,luxury,0.69
163,Microsoft Surface Pro 9,Electronics,Tablets,Microsoft,885.11,4.3,0,,/images/products/macbook_pro_14.png,Premium tablets by Microsoft. The Microsoft Surface Pro 9 features top-tier quality and performance. Perfect for electronics enthusiasts.,"microsoft,device,portable,touchscreen,entertainment,tablet",High quality|Durable design|Premium materials|Authentic Microsoft product,https://www.amazon.in/s?k=Microsoft%20Surface%20Pro%209,https://www.flipkart.com/search?q=Microsoft%20Surface%20Pro%209,,luxury,0.43
164,Apple iPad Pro 11,Electronics,Tablets,Apple,893.59,4.1,0,,/images/products/ipad_mini_2021_starlight.jpg,Premium tablets by Apple. The Apple iPad Pro 11 features top-tier quality and performance. Perfect for electronics enthusiasts.,"tablet,portable,apple,device,touchscreen,entertainment",High quality|Durable design|Premium materials|Authentic Apple product,https://www.amazon.in/s?k=Apple%20iPad%20Pro%2011,https://www.flipkart.com/search?q=Apple%20iPad%20Pro%2011,,luxury,0.88
172,Canon EOS R6,Electronics,Cameras,Canon,528.52,3.7,0,,/images/products/canon_eos_r5.png,Premium cameras by Canon. The Canon EOS R6 features top-tier quality and performance. Perfect for electronics enthusiasts.,"photography,canon,camera,4k,mirrorless,video",High quality|Durable design|Premium materials|Authentic Canon product,https://www.amazon.in/s?k=Canon%20EOS%20R6,https://www.flipkart.com/search?q=Canon%20EOS%20R6,,premium,0.92
174,Sony A7 IV,Electronics,Cameras,Sony,1201.68,4.4,0,,/images/products/macbook_pro_14.png,Premium cameras by Sony. The Sony A7 IV features top-tier quality and performance. Perfect for electronics enthusiasts.,"sony,mirrorless,camera,photography,4k,video",High quality|Durable design|Premium materials|Authentic Sony product,https://www.amazon.in/s?k=Sony%20A7%20IV,https://www.flipkart.com/search?q=Sony%20A7%20IV,,luxury,0.74
175,Panasonic Lumix GH6 Max,Electronics,Cameras,Panasonic,176.19,4.1,0,,/images/products/canon_eos_r5.png,Premium cameras by Panasonic. The Panasonic Lumix GH6 Max features top-tier quality and performance. Perfect for electronics enthusiasts.,"camera,panasonic,mirrorless,video,photography,4k",High quality|Durable design|Premium materials|Authentic Panasonic product,https://www.amazon.in/s?k=Panasonic%20Lumix%20GH6%20Max,https://www.flipkart.com/search?q=Panasonic%20Lumix%20GH6%20Max,,mid-range,0.78
177,Nikon Z6 II,Electronics,Cameras,Nikon,980.28,4.8,0,,/images/products/macbook_pro_14.png,Premium cameras by Nikon. The Nikon Z6 II features top-tier quality and performance. Perfect for electronics enthusiasts.,"nikon,mirrorless,4k,video,camera,photography",High quality|Durable design|Premium materials|Authentic Nikon product,https://www.amazon.in/s?k=Nikon%20Z6%20II,https://www.flipkart.com/search?q=Nikon%20Z6%20II,,luxury,0.73
178,Sony A7 IV Pro,Electronics,Cameras,Sony,681.08,4.1,0,,/images/products/macbook_pro_14.png,Premium cameras by Sony. The Sony A7 IV Pro features top-tier quality and performance. Perfect for electronics enthusiasts.,"4k,photography,mirrorless,video,camera,sony",High quality|Durable design|Premium materials|Authentic Sony product,https://www.amazon.in/s?k=Sony%20A7%20IV%20Pro,https://www.flipkart.com/search?q=Sony%20A7%20IV%20Pro,,premium,0.59
180,Panasonic Lumix GH6,Electronics,Cameras,Panasonic,1263.29,4.3,0,,/images/products/canon_eos_r5.png,Premium cameras by Panasonic. The Panasonic Lumix GH6 features top-tier quality and performance. Perfect for electronics enthusiasts.,"4k,video,photography,camera,mirrorless,panasonic",High quality|Durable design|Premium materials|Authentic Panasonic product,https://www.amazon.in/s?k=Panasonic%20Lumix%20GH6,https://www.flipkart.com/search?q=Panasonic%20Lumix%20GH6,,luxury,0.85
181,Fujifilm X-T5,Electronics,Cameras,Fujifilm,902.95,4.0,0,,/images/products/macbook_pro_14.png,Premium cameras by Fujifilm. The Fujifilm X-T5 features top-tier quality and performance. Perfect for electronics enthusiasts.,"camera,video,fujifilm,photography,mirrorless,4k",High quality|Durable design|Premium materials|Authentic Fujifilm product,https://www.amazon.in/s?k=Fujifilm%20X-T5,https://www.flipkart.com/search?q=Fujifilm%20X-T5,,luxury,0.35
182,Sony A7 IV Ultra,Electronics,Cameras,Sony,770.05,3.6,0,,/images/products/macbook_pro_14.png,Premium cameras by Sony. The Sony A7 IV Ultra features top-tier quality and performance. Perfect for electronics enthusiasts.,"video,sony,photography,camera,4k,mirrorless",High quality|Durable design|Premium materials|Authentic Sony product,https://www.amazon.in/s?k=Sony%20A7%20IV%20Ultra,https://www.flipkart.com/search?q=Sony%20A7%20IV%20Ultra,,premium,0.94
183,Spigen Tough Armor Case Pro,Electronics,Mobile Accessories,Spigen,1200.79,4.2,0,,/images/products/macbook_pro_14.png,Premium mobile accessories by Spigen. The Spigen Tough Armor Case Pro features top-tier quality and performance. Perfect for electronics enthusiasts.,"spigen,case,accessory,mobile,cable,stand",High quality|Durable design|Premium materials|Authentic Spigen product,https://www.amazon.in/s?k=Spigen%20Tough%20Armor%20Case%20Pro,https://www.flipkart.com/search?q=Spigen%20Tough%20Armor%20Case%20Pro,,luxury,0.13
188,Belkin MagSafe Stand Edition,Electronics,Mobile Accessories,Belkin,667.97,4.8,0,,/images/products/macbook_pro_14.png,Premium mobile accessories by Belkin. The Belkin MagSafe Stand Edition features top-tier quality and performance. Perfect for electronics enthusiasts.,"stand,case,belkin,cable,accessory,mobile",High quality|Durable design|Premium materials|Authentic Belkin product,https://www.amazon.in/s?k=Belkin%20MagSafe%20Stand%20Edition,https://www.flipkart.com/search?q=Belkin%20MagSafe%20Stand%20Edition,,premium,0.79
193,Belkin MagSafe Stand Pro,Electronics,Mobile Accessories,Belkin,387.21,4.0,0,,/images/products/macbook_pro_14.png,Premium mobile accessories by Belkin. The Belkin MagSafe Stand Pro features top-tier quality and performance. Perfect for electronics enthusiasts.,"case,belkin,mobile,stand,accessory,cable",High quality|Durable design|Premium materials|Authentic Belkin product,https://www.amazon.in/s?k=Belkin%20MagSafe%20Stand%20Pro,https://www.flipkart.com/search?q=Belkin%20MagSafe%20Stand%20Pro,,premium,0.78
195,OtterBox Symmetry Series,Electronics,Mobile Accessories,OtterBox,919.86,4.7,0,,/images/products/macbook_pro_14.png,Premium mobile accessories by OtterBox. The OtterBox Symmetry Series features top-tier quality and performance. Perfect for electronics enthusiasts.,"stand,case,cable,mobile,otterbox,accessory",High quality|Durable design|Premium materials|Authentic OtterBox product,https://www.amazon.in/s?k=OtterBox%20Symmetry%20Series,https://www.flipkart.com/search?q=OtterBox%20Symmetry%20Series,,luxury,0.75
196,Anker PowerLine III Cable,Electronics,Mobile Accessories,Anker,1055.98,3.9,0,,/images/products/boat_micro_usb_55_tangle.jpg,Premium mobile accessories by Anker. The Anker PowerLine III Cable features top-tier quality and performance. Perfect for electronics enthusiasts.,"cable,anker,stand,mobile,case,accessory",High quality|Durable design|Premium materials|Authentic Anker product,https://www.amazon.in/s?k=Anker%20PowerLine%20III%20Cable,https://www.flipkart.com/search?q=Anker%20PowerLine%20III%20Cable,,luxury,0.51
197,Belkin MagSafe Stand,Electronics,Mobile Accessories,Belkin,92.3,4.0,0,,/images/products/macbook_pro_14.png,Premium mobile accessories by Belkin. The Belkin MagSafe Stand features top-tier quality and performance. Perfect for electronics enthusiasts.,"mobile,belkin,accessory,cable,case,stand",High quality|Durable design|Premium materials|Authentic Belkin product,https://www.amazon.in/s?k=Belkin%20MagSafe%20Stand,https://www.flipkart.com/search?q=Belkin%20MagSafe%20Stand,,mid-range,0.63
198,OtterBox Symmetry Series Max,Electronics,Mobile Accessories,OtterBox,286.07,5.0,0,,/images/products/macbook_pro_14.png,Premium mobile accessories by OtterBox. The OtterBox Symmetry Series Max features top-tier quality and performance. Perfect for electronics enthusiasts.,"mobile,stand,otterbox,accessory,cable,case",High quality|Durable design|Premium materials|Authentic OtterBox product,https://www.amazon.in/s?k=OtterBox%20Symmetry%20Series%20Max,https://www.flipkart.com/search?q=OtterBox%20Symmetry%20Series%20Max,,premium,0.26
199,Spigen Tough Armor Case,Electronics,Mobile Accessories,Spigen,1326.04,3.8,0,,/images/products/macbook_pro_14.png,Premium mobile accessories by Spigen. The Spigen Tough Armor Case features top-tier quality and performance. Perfect for electronics enthusiasts.,"accessory,mobile,case,stand,cable,spigen",High quality|Durable design|Premium materials|Authentic Spigen product,https://www.amazon.in/s?k=Spigen%20Tough%20Armor%20Case,https://www.flipkart.com/search?q=Spigen%20Tough%20Armor%20Case,,luxury,0.2
200,PopSockets PopGrip,Electronics,Mobile Accessories,PopSockets,536.43,4.5,0,,/images/products/macbook_pro_14.png,Premium mobile accessories by PopSockets. The PopSockets PopGrip features top-tier quality and performance. Perfect for electronics enthusiasts.,"case,mobile,popsockets,stand,cable,accessory",High quality|Durable design|Premium materials|Authentic PopSockets product,https://www.amazon.in/s?k=PopSockets%20PopGrip,https://www.flipkart.com/search?q=PopSockets%20PopGrip,,premium,0.64
202,Zara Basic Hoodie Ultra,Fashion,Hoodies,Zara,254.59,3.7,0,,/images/products/patagonia_sweater.png,Premium hoodies by Zara. The Zara Basic Hoodie Ultra features top-tier quality and performance. Perfect for fashion enthusiasts.,"casual,clothing,hoodie,winter,zara,sweatshirt",High quality|Durable design|Premium materials|Authentic Zara product,https://www.amazon.in/s?k=Zara%20Basic%20Hoodie%20Ultra,https://www.flipkart.com/search?q=Zara%20Basic%20Hoodie%20Ultra,https://www.myntra.com/Zara%20Basic%20Hoodie%20Ultra,premium,0.55
206,Zara Basic Hoodie Edition,Fashion,Hoodies,Zara,154.54,4.7,0,,/images/products/patagonia_sweater.png,Premium hoodies by Zara. The Zara Basic Hoodie Edition features top-tier quality and performance. Perfect for fashion enthusiasts.,"casual,sweatshirt,hoodie,clothing,zara,winter",High quality|Durable design|Premium materials|Authentic Zara product,https://www.amazon.in/s?k=Zara%20Basic%20Hoodie%20Edition,https://www.flipkart.com/search?q=Zara%20Basic%20Hoodie%20Edition,https://www.myntra.com/Zara%20Basic%20Hoodie%20Edition,mid-range,0.95
208,Nike Sportswear Club Fleece,Fashion,Hoodies,Nike,138.15,4.1,0,,/images/products/patagonia_sweater.png,Premium hoodies by Nike. The Nike Sportswear Club Fleece features top-tier quality and performance. Perfect for fashion enthusiasts.,"casual,winter,clothing,nike,hoodie,sweatshirt",High quality|Durable design|Premium materials|Authentic Nike product,https://www.amazon.in/s?k=Nike%20Sportswear%20Club%20Fleece,https://www.flipkart.com/search?q=Nike%20Sportswear%20Club%20Fleece,https://www.myntra.com/Nike%20Sportswear%20Club%20Fleece,mid-range,0.31
210,Champion Reverse Weave Pullover,Fashion,Hoodies,Champion,243.11,4.3,0,,/images/products/patagonia_sweater.png,Premium hoodies by Champion. The Champion Reverse Weave Pullover features top-tier quality and performance. Perfect for fashion enthusiasts.,"winter,champion,hoodie,casual,sweatshirt,clothing",High quality|Durable design|Premium materials|Authentic Champion product,https://www.amazon.in/s?k=Champion%20Reverse%20Weave%20Pullover,https://www.flipkart.com/search?q=Champion%20Reverse%20Weave%20Pullover,https://www.myntra.com/Champion%20Reverse%20Weave%20Pullover,premium,0.69
211,H&M Relaxed Fit Hoodie,Fashion,Hoodies,H&M,66.6,4.4,0,,/images/products/patagonia_sweater.png,Premium hoodies by H&M. The H&M Relaxed Fit Hoodie features top-tier quality and performance. Perfect for fashion enthusiasts.,"h&m,clothing,sweatshirt,winter,casual,hoodie",High quality|Durable design|Premium materials|Authentic H&M product,https://www.amazon.in/s?k=H%26M%20Relaxed%20Fit%20Hoodie,https://www.flipkart.com/search?q=H%26M%20Relaxed%20Fit%20Hoodie,https://www.myntra.com/H%26M%20Relaxed%20Fit%20Hoodie,mid-range,0.15
216,Adidas Essentials Hoodie,Fashion,Hoodies,Adidas,216.22,4.9,0,,/images/products/patagonia_sweater.png,Premium hoodies by Adidas. The Adidas Essentials Hoodie features top-tier quality and performance. Perfect for fashion enthusiasts.,"clothing,adidas,winter,sweatshirt,hoodie,casual",High quality|Durable design|Premium materials|Authentic Adidas product,https://www.amazon.in/s?k=Adidas%20Essentials%20Hoodie,https://www.flipkart.com/search?q=Adidas%20Essentials%20Hoodie,https://www.myntra.com/Adidas%20Essentials%20Hoodie,premium,0.3
218,Zara Basic Hoodie,Fashion,Hoodies,Zara,169.25,4.0,0,,/images/products/patagonia_sweater.png,Premium hoodies by Zara. The Zara Basic Hoodie features top-tier quality and performance. Perfect for fashion enthusiasts.,"clothing,casual,hoodie,zara,winter,sweatshirt",High quality|Durable design|Premium materials|Authentic Zara product,https://www.amazon.in/s?k=Zara%20Basic%20Hoodie,https://www.flipkart.com/search?q=Zara%20Basic%20Hoodie,https://www.myntra.com/Zara%20Basic%20Hoodie,mid-range,0.26
220,Adidas Trefoil T-Shirt Plus,Fashion,T-shirts,Adidas,48.39,4.2,0,,/images/products/shirt1.png,Premium t-shirts by Adidas. The Adidas Trefoil T-Shirt Plus features top-tier quality and performance. Perfect for fashion enthusiasts.,"adidas,tee,t-shirt,casual,clothing,summer",High quality|Durable design|Premium materials|Authentic Adidas product,https://www.amazon.in/s?k=Adidas%20Trefoil%20T-Shirt%20Plus,https://www.flipkart.com/search?q=Adidas%20Trefoil%20T-Shirt%20Plus,https://www.myntra.com/Adidas%20Trefoil%20T-Shirt%20Plus,budget,0.63
221,Nike Dri-FIT Tee,Fashion,T-shirts,Nike,271.82,4.4,0,,/images/products/shirt1.png,Premium t-shirts by Nike. The Nike Dri-FIT Tee features top-tier quality and performance. Perfect for fashion enthusiasts.,"clothing,summer,nike,t-shirt,casual,tee",High quality|Durable design|Premium materials|Authentic Nike product,https://www.amazon.in/s?k=Nike%20Dri-FIT%20Tee,https://www.flipkart.com/search?q=Nike%20Dri-FIT%20Tee,https://www.myntra.com/Nike%20Dri-FIT%20Tee,premium,0.45
223,Ralph Lauren Classic Fit Polo V2,Fashion,T-shirts,Ralph Lauren,57.95,4.0,0,,/images/products/shirt1.png,Premium t-shirts by Ralph Lauren. The Ralph Lauren Classic Fit Polo V2 features top-tier quality and performance. Perfect for fashion enthusiasts.,"t-shirt,ralph lauren,clothing,tee,casual,summer",High quality|Durable design|Premium materials|Authentic Ralph Lauren product,https://www.amazon.in/s?k=Ralph%20Lauren%20Classic%20Fit%20Polo%20V2,https://www.flipkart.com/search?q=Ralph%20Lauren%20Classic%20Fit%20Polo%20V2,https://www.myntra.com/Ralph%20Lauren%20Classic%20Fit%20Polo%20V2,mid-range,0.95
226,Levi's Graphic Tee,Fashion,T-shirts,Levi's,225.12,4.3,0,,/images/products/shirt1.png,Premium t-shirts by Levi's. The Levi's Graphic Tee features top-tier quality and performance. Perfect for fashion enthusiasts.,"levi's,tee,summer,casual,t-shirt,clothing",High quality|Durable design|Premium materials|Authentic Levi's product,https://www.amazon.in/s?k=Levi%27s%20Graphic%20Tee,https://www.flipkart.com/search?q=Levi%27s%20Graphic%20Tee,https://www.myntra.com/Levi%27s%20Graphic%20Tee,premium,0.93
227,Ralph Lauren Classic Fit Polo,Fashion,T-shirts,Ralph Lauren,123.95,4.4,0,,/images/products/shirt1.png,Premium t-shirts by Ralph Lauren. The Ralph Lauren Classic Fit Polo features top-tier quality and performance. Perfect for fashion enthusiasts.,"clothing,summer,t-shirt,ralph lauren,casual,tee",High quality|Durable design|Premium materials|Authentic Ralph Lauren product,https://www.amazon.in/s?k=Ralph%20Lauren%20Classic%20Fit%20Polo,https://www.flipkart.com/search?q=Ralph%20Lauren%20Classic%20Fit%20Polo,https://www.myntra.com/Ralph%20Lauren%20Classic%20Fit%20Polo,mid-range,0.55
228,Ralph Lauren Classic Fit Polo Pro,Fashion,T-shirts,Ralph Lauren,63.79,3.6,0,,/images/products/shirt1.png,Premium t-shirts by Ralph Lauren. The Ralph Lauren Classic Fit Polo Pro features top-tier quality and performance. Perfect for fashion enthusiasts.,"clothing,tee,summer,casual,ralph lauren,t-shirt",High quality|Durable design|Premium materials|Authentic Ralph Lauren product,https://www.amazon.in/s?k=Ralph%20Lauren%20Classic%20Fit%20Polo%20Pro,https://www.flipkart.com/search?q=Ralph%20Lauren%20Classic%20Fit%20Polo%20Pro,https://www.myntra.com/Ralph%20Lauren%20Classic%20Fit%20Polo%20Pro,mid-range,0.35
229,Nike Dri-FIT Tee Max,Fashion,T-shirts,Nike,242.83,4.8,0,,/images/products/shirt1.png,Premium t-shirts by Nike. The Nike Dri-FIT Tee Max features top-tier quality and performance. Perfect for fashion enthusiasts.,"clothing,t-shirt,tee,nike,casual,summer",High quality|Durable design|Premium materials|Authentic Nike product,https://www.amazon.in/s?k=Nike%20Dri-FIT%20Tee%20Max,https://www.flipkart.com/search?q=Nike%20Dri-FIT%20Tee%20Max,https://www.myntra.com/Nike%20Dri-FIT%20Tee%20Max,premium,0.46
230,Adidas Trefoil T-Shirt Ultra,Fashion,T-shirts,Adidas,269.27,4.5,0,,/images/products/shirt1.png,Premium t-shirts by Adidas. The Adidas Trefoil T-Shirt Ultra features top-tier quality and performance. Perfect for fashion enthusiasts.,"casual,adidas,summer,tee,clothing,t-shirt",High quality|Durable design|Premium materials|Authentic Adidas product,https://www.amazon.in/s?k=Adidas%20Trefoil%20T-Shirt%20Ultra,https://www.flipkart.com/search?q=Adidas%20Trefoil%20T-Shirt%20Ultra,https://www.myntra.com/Adidas%20Trefoil%20T-Shirt%20Ultra,premium,0.27
232,Ralph Lauren Classic Fit Polo Elite,Fashion,T-shirts,Ralph Lauren,76.96,3.8,0,,/images/products/shirt1.png,Premium t-shirts by Ralph Lauren. The Ralph Lauren Classic Fit Polo Elite features top-tier quality and performance. Perfect for fashion enthusiasts.,"casual,t-shirt,summer,clothing,tee,ralph lauren",High quality|Durable design|Premium materials|Authentic Ralph Lauren product,https://www.amazon.in/s?k=Ralph%20Lauren%20Classic%20Fit%20Polo%20Elite,https://www.flipkart.com/search?q=Ralph%20Lauren%20Classic%20Fit%20Polo%20Elite,https://www.myntra.com/Ralph%20Lauren%20Classic%20Fit%20Polo%20Elite,mid-range,0.29
233,Ralph Lauren Classic Fit Polo Edition,Fashion,T-shirts,Ralph Lauren,238.09,4.0,0,,/images/products/shirt1.png,Premium t-shirts by Ralph Lauren. The Ralph Lauren Classic Fit Polo Edition features top-tier quality and performance. Perfect for fashion enthusiasts.,"casual,summer,tee,ralph lauren,t-shirt,clothing",High quality|Durable design|Premium materials|Authentic Ralph Lauren product,https://www.amazon.in/s?k=Ralph%20Lauren%20Classic%20Fit%20Polo%20Edition,https://www.flipkart.com/search?q=Ralph%20Lauren%20Classic%20Fit%20Polo%20Edition,https://www.myntra.com/Ralph%20Lauren%20Classic%20Fit%20Polo%20Edition,premium,0.52
234,Adidas Trefoil T-Shirt,Fashion,T-shirts,Adidas,51.89,4.7,0,,/images/products/shirt1.png,Premium t-shirts by Adidas. The Adidas Trefoil T-Shirt features top-tier quality and performance. Perfect for fashion enthusiasts.,"casual,summer,clothing,tee,adidas,t-shirt",High quality|Durable design|Premium materials|Authentic Adidas product,https://www.amazon.in/s?k=Adidas%20Trefoil%20T-Shirt,https://www.flipkart.com/search?q=Adidas%20Trefoil%20T-Shirt,https://www.myntra.com/Adidas%20Trefoil%20T-Shirt,mid-range,0.62
235,Uniqlo Supima Cotton Crew Neck,Fashion,T-shirts,Uniqlo,221.99,4.7,0,,/images/products/shirt1.png,Premium t-shirts by Uniqlo. The Uniqlo Supima Cotton Crew Neck features top-tier quality and performance. Perfect for fashion enthusiasts.,"uniqlo,tee,t-shirt,summer,clothing,casual",High quality|Durable design|Premium materials|Authentic Uniqlo product,https://www.amazon.in/s?k=Uniqlo%20Supima%20Cotton%20Crew%20Neck,https://www.flipkart.com/search?q=Uniqlo%20Supima%20Cotton%20Crew%20Neck,https://www.myntra.com/Uniqlo%20Supima%20Cotton%20Crew%20Neck,premium,0.72
238,Columbia Fleece Jacket Edition,Fashion,Jackets,Columbia,41.43,4.3,0,,/images/products/patagonia_sweater.png,Premium jackets by Columbia. The Columbia Fleece Jacket Edition features top-tier quality and performance. Perfect for fashion enthusiasts.,"winter,clothing,columbia,warm,jacket,outerwear",High quality|Durable design|Premium materials|Authentic Columbia product,https://www.amazon.in/s?k=Columbia%20Fleece%20Jacket%20Edition,https://www.flipkart.com/search?q=Columbia%20Fleece%20Jacket%20Edition,https://www.myntra.com/Columbia%20Fleece%20Jacket%20Edition,budget,0.49
239,The North Face Nuptse Jacket Max,Fashion,Jackets,The North Face,234.07,4.1,0,,/images/products/patagonia_sweater.png,Premium jackets by The North Face. The The North Face Nuptse Jacket Max features top-tier quality and performance. Perfect for fashion enthusiasts.,"warm,outerwear,clothing,winter,the north face,jacket",High quality|Durable design|Premium materials|Authentic The North Face product,https://www.amazon.in/s?k=The%20North%20Face%20Nuptse%20Jacket%20Max,https://www.flipkart.com/search?q=The%20North%20Face%20Nuptse%20Jacket%20Max,https://www.myntra.com/The%20North%20Face%20Nuptse%20Jacket%20Max,premium,0.5
241,Columbia Fleece Jacket Plus,Fashion,Jackets,Columbia,237.83,3.8,0,,/images/products/patagonia_sweater.png,Premium jackets by Columbia. The Columbia Fleece Jacket Plus features top-tier quality and performance. Perfect for fashion enthusiasts.,"clothing,jacket,outerwear,columbia,winter,warm",High quality|Durable design|Premium materials|Authentic Columbia product,https://www.amazon.in/s?k=Columbia%20Fleece%20Jacket%20Plus,https://www.flipkart.com/search?q=Columbia%20Fleece%20Jacket%20Plus,https://www.myntra.com/Columbia%20Fleece%20Jacket%20Plus,premium,0.69
242,Levi's Trucker Jacket Max,Fashion,Jackets,Levi's,74.34,4.1,0,,/images/products/patagonia_sweater.png,Premium jackets by Levi's. The Levi's Trucker Jacket Max features top-tier quality and performance. Perfect for fashion enthusiasts.,"clothing,jacket,levi's,winter,warm,outerwear",High quality|Durable design|Premium materials|Authentic Levi's product,https://www.amazon.in/s?k=Levi%27s%20Trucker%20Jacket%20Max,https://www.flipkart.com/search?q=Levi%27s%20Trucker%20Jacket%20Max,https://www.myntra.com/Levi%27s%20Trucker%20Jacket%20Max,mid-range,0.93
245,Levi's Trucker Jacket,Fashion,Jackets,Levi's,274.94,4.7,0,,/images/products/patagonia_sweater.png,Premium jackets by Levi's. The Levi's Trucker Jacket features top-tier quality and performance. Perfect for fashion enthusiasts.,"levi's,warm,jacket,clothing,outerwear,winter",High quality|Durable design|Premium materials|Authentic Levi's product,https://www.amazon.in/s?k=Levi%27s%20Trucker%20Jacket,https://www.flipkart.com/search?q=Levi%27s%20Trucker%20Jacket,https://www.myntra.com/Levi%27s%20Trucker%20Jacket,premium,0.39
247,Patagonia Better Sweater V2,Fashion,Jackets,Patagonia,290.44,3.7,0,,/images/products/patagonia_sweater.png,Premium jackets by Patagonia. The Patagonia Better Sweater V2 features top-tier quality and performance. Perfect for fashion enthusiasts.,"outerwear,clothing,warm,jacket,patagonia,winter",High quality|Durable design|Premium materials|Authentic Patagonia product,https://www.amazon.in/s?k=Patagonia%20Better%20Sweater%20V2,https://www.flipkart.com/search?q=Patagonia%20Better%20Sweater%20V2,https://www.myntra.com/Patagonia%20Better%20Sweater%20V2,premium,0.29
248,Columbia Fleece Jacket,Fashion,Jackets,Columbia,113.19,3.8,0,,/images/products/patagonia_sweater.png,Premium jackets by Columbia. The Columbia Fleece Jacket features top-tier quality and performance. Perfect for fashion enthusiasts.,"jacket,winter,columbia,warm,outerwear,clothing",High quality|Durable design|Premium materials|Authentic Columbia product,https://www.amazon.in/s?k=Columbia%20Fleece%20Jacket,https://www.flipkart.com/search?q=Columbia%20Fleece%20Jacket,https://www.myntra.com/Columbia%20Fleece%20Jacket,mid-range,0.26
251,The North Face Nuptse Jacket,Fashion,Jackets,The North Face,105.79,4.6,0,,/images/products/patagonia_sweater.png,Premium jackets by The North Face. The The North Face Nuptse Jacket features top-tier quality and performance. Perfect for fashion enthusiasts.,"the north face,warm,outerwear,winter,clothing,jacket",High quality|Durable design|Premium materials|Authentic The North Face product,https://www.amazon.in/s?k=The%20North%20Face%20Nuptse%20Jacket,https://www.flipkart.com/search?q=The%20North%20Face%20Nuptse%20Jacket,https://www.myntra.com/The%20North%20Face%20Nuptse%20Jacket,mid-range,0.72
252,Patagonia Better Sweater,Fashion,Jackets,Patagonia,201.39,4.1,0,,/images/products/patagonia_sweater.png,Premium jackets by Patagonia. The Patagonia Better Sweater features top-tier quality and performance. Perfect for fashion enthusiasts.,"patagonia,warm,clothing,outerwear,winter,jacket",High quality|Durable design|Premium materials|Authentic Patagonia product,https://www.amazon.in/s?k=Patagonia%20Better%20Sweater,https://www.flipkart.com/search?q=Patagonia%20Better%20Sweater,https://www.myntra.com/Patagonia%20Better%20Sweater,premium,0.57
254,Levi's 501 Original Fit Ultra,Fashion,Jeans,Levi's,181.58,4.1,0,,/images/products/shirt1.png,Premium jeans by Levi's. The Levi's 501 Original Fit Ultra features top-tier quality and performance. Perfect for fashion enthusiasts.,"levi's,jeans,denim,clothing,pants,casual",High quality|Durable design|Premium materials|Authentic Levi's product,https://www.amazon.in/s?k=Levi%27s%20501%20Original%20Fit%20Ultra,https://www.flipkart.com/search?q=Levi%27s%20501%20Original%20Fit%20Ultra,https://www.myntra.com/Levi%27s%20501%20Original%20Fit%20Ultra,mid-range,0.2
255,Lee Luke Slim Tapered V2,Fashion,Jeans,Lee,212.86,4.6,0,,/images/products/shirt1.png,Premium jeans by Lee. The Lee Luke Slim Tapered V2 features top-tier quality and performance. Perfect for fashion enthusiasts.,"casual,pants,denim,jeans,lee,clothing",High quality|Durable design|Premium materials|Authentic Lee product,https://www.amazon.in/s?k=Lee%20Luke%20Slim%20Tapered%20V2,https://www.flipkart.com/search?q=Lee%20Luke%20Slim%20Tapered%20V2,https://www.myntra.com/Lee%20Luke%20Slim%20Tapered%20V2,premium,0.63
256,Levi's 501 Original Fit Max,Fashion,Jeans,Levi's,48.04,3.9,0,,/images/products/shirt1.png,Premium jeans by Levi's. The Levi's 501 Original Fit Max features top-tier quality and performance. Perfect for fashion enthusiasts.,"casual,jeans,pants,levi's,denim,clothing",High quality|Durable design|Premium materials|Authentic Levi's product,https://www.amazon.in/s?k=Levi%27s%20501%20Original%20Fit%20Max,https://www.flipkart.com/search?q=Levi%27s%20501%20Original%20Fit%20Max,https://www.myntra.com/Levi%27s%20501%20Original%20Fit%20Max,budget,0.6
259,Levi's 501 Original Fit Pro,Fashion,Jeans,Levi's,208.47,4.3,0,,/images/products/shirt1.png,Premium jeans by Levi's. The Levi's 501 Original Fit Pro features top-tier quality and performance. Perfect for fashion enthusiasts.,"denim,pants,casual,jeans,levi's,clothing",High quality|Durable design|Premium materials|Authentic Levi's product,https://www.amazon.in/s?k=Levi%27s%20501%20Original%20Fit%20Pro,https://www.flipkart.com/search?q=Levi%27s%20501%20Original%20Fit%20Pro,https://www.myntra.com/Levi%27s%20501%20Original%20Fit%20Pro,premium,0.78
260,Diesel Sleenker Skinny V2,Fashion,Jeans,Diesel,132.76,4.5,0,,/images/products/shirt1.png,Premium jeans by Diesel. The Diesel Sleenker Skinny V2 features top-tier quality and performance. Perfect for fashion enthusiasts.,"jeans,pants,casual,diesel,clothing,denim",High quality|Durable design|Premium materials|Authentic Diesel product,https://www.amazon.in/s?k=Diesel%20Sleenker%20Skinny%20V2,https://www.flipkart.com/search?q=Diesel%20Sleenker%20Skinny%20V2,https://www.myntra.com/Diesel%20Sleenker%20Skinny%20V2,mid-range,0.98
262,Diesel Sleenker Skinny,Fashion,Jeans,Diesel,158.25,4.6,0,,/images/products/shirt1.png,Premium jeans by Diesel. The Diesel Sleenker Skinny features top-tier quality and performance. Perfect for fashion enthusiasts.,"pants,denim,jeans,clothing,diesel,casual",High quality|Durable design|Premium materials|Authentic Diesel product,https://www.amazon.in/s?k=Diesel%20Sleenker%20Skinny,https://www.flipkart.com/search?q=Diesel%20Sleenker%20Skinny,https://www.myntra.com/Diesel%20Sleenker%20Skinny,mid-range,0.39
263,Lee Luke Slim Tapered,Fashion,Jeans,Lee,202.37,4.4,0,,/images/products/shirt1.png,Premium jeans by Lee. The Lee Luke Slim Tapered features top-tier quality and performance. Perfect for fashion enthusiasts.,"pants,clothing,lee,jeans,denim,casual",High quality|Durable design|Premium materials|Authentic Lee product,https://www.amazon.in/s?k=Lee%20Luke%20Slim%20Tapered,https://www.flipkart.com/search?q=Lee%20Luke%20Slim%20Tapered,https://www.myntra.com/Lee%20Luke%20Slim%20Tapered,premium,0.94
265,Wrangler Texas Stretch,Fashion,Jeans,Wrangler,266.37,3.9,0,,/images/products/shirt1.png,Premium jeans by Wrangler. The Wrangler Texas Stretch features top-tier quality and performance. Perfect for fashion enthusiasts.,"jeans,pants,clothing,wrangler,casual,denim",High quality|Durable design|Premium materials|Authentic Wrangler product,https://www.amazon.in/s?k=Wrangler%20Texas%20Stretch,https://www.flipkart.com/search?q=Wrangler%20Texas%20Stretch,https://www.myntra.com/Wrangler%20Texas%20Stretch,premium,0.83
266,Wrangler Texas Stretch Pro,Fashion,Jeans,Wrangler,91.43,3.8,0,,/images/products/shirt1.png,Premium jeans by Wrangler. The Wrangler Texas Stretch Pro features top-tier quality and performance. Perfect for fashion enthusiasts.,"jeans,pants,clothing,wrangler,casual,denim",High quality|Durable design|Premium materials|Authentic Wrangler product,https://www.amazon.in/s?k=Wrangler%20Texas%20Stretch%20Pro,https://www.flipkart.com/search?q=Wrangler%20Texas%20Stretch%20Pro,https://www.myntra.com/Wrangler%20Texas%20Stretch%20Pro,mid-range,0.57
268,Levi's 501 Original Fit Edition,Fashion,Jeans,Levi's,66.96,4.8,0,,/images/products/shirt1.png,Premium jeans by Levi's. The Levi's 501 Original Fit Edition features top-tier quality and performance. Perfect for fashion enthusiasts.,"clothing,casual,denim,levi's,jeans,pants",High quality|Durable design|Premium materials|Authentic Levi's product,https://www.amazon.in/s?k=Levi%27s%20501%20Original%20Fit%20Edition,https://www.flipkart.com/search?q=Levi%27s%20501%20Original%20Fit%20Edition,https://www.myntra.com/Levi%27s%20501%20Original%20Fit%20Edition,mid-range,0.63
269,Levi's 501 Original Fit,Fashion,Jeans,Levi's,115.85,4.4,0,,/images/products/shirt1.png,Premium jeans by Levi's. The Levi's 501 Original Fit features top-tier quality and performance. Perfect for fashion enthusiasts.,"clothing,pants,casual,levi's,jeans,denim",High quality|Durable design|Premium materials|Authentic Levi's product,https://www.amazon.in/s?k=Levi%27s%20501%20Original%20Fit,https://www.flipkart.com/search?q=Levi%27s%20501%20Original%20Fit,https://www.myntra.com/Levi%27s%20501%20Original%20Fit,mid-range,0.75
273,Zara Linen Shirt Pro,Fashion,Shirts,Zara,178.63,4.3,0,,/images/products/shirt1.png,Premium shirts by Zara. The Zara Linen Shirt Pro features top-tier quality and performance. Perfect for fashion enthusiasts.,"casual,button-down,clothing,shirt,zara,formal",High quality|Durable design|Premium materials|Authentic Zara product,https://www.amazon.in/s?k=Zara%20Linen%20Shirt%20Pro,https://www.flipkart.com/search?q=Zara%20Linen%20Shirt%20Pro,https://www.myntra.com/Zara%20Linen%20Shirt%20Pro,mid-range,0.82
274,Hugo Boss Slim Fit Poplin,Fashion,Shirts,Hugo Boss,27.64,4.1,0,,/images/products/shirt1.png,Premium shirts by Hugo Boss. The Hugo Boss Slim Fit Poplin features top-tier quality and performance. Perfect for fashion enthusiasts.,"button-down,hugo boss,clothing,formal,shirt,casual",High quality|Durable design|Premium materials|Authentic Hugo Boss product,https://www.amazon.in/s?k=Hugo%20Boss%20Slim%20Fit%20Poplin,https://www.flipkart.com/search?q=Hugo%20Boss%20Slim%20Fit%20Poplin,https://www.myntra.com/Hugo%20Boss%20Slim%20Fit%20Poplin,budget,0.83
276,Brooks Brothers Non-Iron Dress Shirt,Fashion,Shirts,Brooks Brothers,297.2,3.6,0,,/images/products/shirt1.png,Premium shirts by Brooks Brothers. The Brooks Brothers Non-Iron Dress Shirt features top-tier quality and performance. Perfect for fashion enthusiasts.,"button-down,formal,casual,clothing,brooks brothers,shirt",High quality|Durable design|Premium materials|Authentic Brooks Brothers product,https://www.amazon.in/s?k=Brooks%20Brothers%20Non-Iron%20Dress%20Shirt,https://www.flipkart.com/search?q=Brooks%20Brothers%20Non-Iron%20Dress%20Shirt,https://www.myntra.com/Brooks%20Brothers%20Non-Iron%20Dress%20Shirt,premium,0.94
277,Tommy Hilfiger Custom Fit Shirt V2,Fashion,Shirts,Tommy Hilfiger,175.13,3.9,0,,/images/products/shirt1.png,Premium shirts by Tommy Hilfiger. The Tommy Hilfiger Custom Fit Shirt V2 features top-tier quality and performance. Perfect for fashion enthusiasts.,"shirt,casual,tommy hilfiger,button-down,clothing,formal",High quality|Durable design|Premium materials|Authentic Tommy Hilfiger product,https://www.amazon.in/s?k=Tommy%20Hilfiger%20Custom%20Fit%20Shirt%20V2,https://www.flipkart.com/search?q=Tommy%20Hilfiger%20Custom%20Fit%20Shirt%20V2,https://www.myntra.com/Tommy%20Hilfiger%20Custom%20Fit%20Shirt%20V2,mid-range,0.16
280,Zara Linen Shirt,Fashion,Shirts,Zara,88.08,4.0,0,,/images/products/shirt1.png,Premium shirts by Zara. The Zara Linen Shirt features top-tier quality and performance. Perfect for fashion enthusiasts.,"zara,button-down,shirt,clothing,casual,formal",High quality|Durable design|Premium materials|Authentic Zara product,https://www.amazon.in/s?k=Zara%20Linen%20Shirt,https://www.flipkart.com/search?q=Zara%20Linen%20Shirt,https://www.myntra.com/Zara%20Linen%20Shirt,mid-range,0.22
281,Tommy Hilfiger Custom Fit Shirt,Fashion,Shirts,Tommy Hilfiger,35.85,4.6,0,,/images/products/shirt1.png,Premium shirts by Tommy Hilfiger. The Tommy Hilfiger Custom Fit Shirt features top-tier quality and performance. Perfect for fashion enthusiasts.,"formal,button-down,clothing,casual,tommy hilfiger,shirt",High quality|Durable design|Premium materials|Authentic Tommy Hilfiger product,https://www.amazon.in/s?k=Tommy%20Hilfiger%20Custom%20Fit%20Shirt,https://www.flipkart.com/search?q=Tommy%20Hilfiger%20Custom%20Fit%20Shirt,https://www.myntra.com/Tommy%20Hilfiger%20Custom%20Fit%20Shirt,budget,0.95
283,Ralph Lauren Oxford Cloth Button-Down Ultra,Fashion,Shirts,Ralph Lauren,245.45,5.0,0,,/images/products/shirt1.png,Premium shirts by Ralph Lauren. The Ralph Lauren Oxford Cloth Button-Down Ultra features top-tier quality and performance. Perfect for fashion enthusiasts.,"clothing,formal,ralph lauren,shirt,casual,button-down",High quality|Durable design|Premium materials|Authentic Ralph Lauren product,https://www.amazon.in/s?k=Ralph%20Lauren%20Oxford%20Cloth%20Button-Down%20Ultra,https://www.flipkart.com/search?q=Ralph%20Lauren%20Oxford%20Cloth%20Button-Down%20Ultra,https://www.myntra.com/Ralph%20Lauren%20Oxford%20Cloth%20Button-Down%20Ultra,premium,0.85
284,Brooks Brothers Non-Iron Dress Shirt V2,Fashion,Shirts,Brooks Brothers,147.1,4.9,0,,/images/products/shirt1.png,Premium shirts by Brooks Brothers. The Brooks Brothers Non-Iron Dress Shirt V2 features top-tier quality and performance. Perfect for fashion enthusiasts.,"clothing,button-down,shirt,casual,brooks brothers,formal",High quality|Durable design|Premium materials|Authentic Brooks Brothers product,https://www.amazon.in/s?k=Brooks%20Brothers%20Non-Iron%20Dress%20Shirt%20V2,https://www.flipkart.com/search?q=Brooks%20Brothers%20Non-Iron%20Dress%20Shirt%20V2,https://www.myntra.com/Brooks%20Brothers%20Non-Iron%20Dress%20Shirt%20V2,mid-range,0.35
285,Zara Linen Shirt Ultra,Fashion,Shirts,Zara,265.78,4.0,0,,/images/products/shirt1.png,Premium shirts by Zara. The Zara Linen Shirt Ultra features top-tier quality and performance. Perfect for fashion enthusiasts.,"clothing,zara,button-down,formal,shirt,casual",High quality|Durable design|Premium materials|Authentic Zara product,https://www.amazon.in/s?k=Zara%20Linen%20Shirt%20Ultra,https://www.flipkart.com/search?q=Zara%20Linen%20Shirt%20Ultra,https://www.myntra.com/Zara%20Linen%20Shirt%20Ultra,premium,0.33
286,Ralph Lauren Oxford Cloth Button-Down,Fashion,Shirts,Ralph Lauren,253.08,3.5,0,,/images/products/shirt1.png,Premium shirts by Ralph Lauren. The Ralph Lauren Oxford Cloth Button-Down features top-tier quality and performance. Perfect for fashion enthusiasts.,"formal,shirt,button-down,casual,clothing,ralph lauren",High quality|Durable design|Premium materials|Authentic Ralph Lauren product,https://www.amazon.in/s?k=Ralph%20Lauren%20Oxford%20Cloth%20Button-Down,https://www.flipkart.com/search?q=Ralph%20Lauren%20Oxford%20Cloth%20Button-Down,https://www.myntra.com/Ralph%20Lauren%20Oxford%20Cloth%20Button-Down,premium,0.69
287,Mango Maxi Dress Ultra,Fashion,Dresses,Mango,178.46,3.9,0,,/images/products/shirt1.png,Premium dresses by Mango. The Mango Maxi Dress Ultra features top-tier quality and performance. Perfect for fashion enthusiasts.,"mango,womenswear,dress,clothing,summer,elegant",High quality|Durable design|Premium materials|Authentic Mango product,https://www.amazon.in/s?k=Mango%20Maxi%20Dress%20Ultra,https://www.flipkart.com/search?q=Mango%20Maxi%20Dress%20Ultra,https://www.myntra.com/Mango%20Maxi%20Dress%20Ultra,mid-range,0.16
289,Zara Midi Dress Elite,Fashion,Dresses,Zara,293.2,4.5,0,,/images/products/shirt1.png,Premium dresses by Zara. The Zara Midi Dress Elite features top-tier quality and performance. Perfect for fashion enthusiasts.,"clothing,elegant,summer,dress,womenswear,zara",High quality|Durable design|Premium materials|Authentic Zara product,https://www.amazon.in/s?k=Zara%20Midi%20Dress%20Elite,https://www.flipkart.com/search?q=Zara%20Midi%20Dress%20Elite,https://www.myntra.com/Zara%20Midi%20Dress%20Elite,premium,0.95
293,ASOS Wrap Dress,Fashion,Dresses,ASOS,183.88,4.8,0,,/images/products/shirt1.png,Premium dresses by ASOS. The ASOS Wrap Dress features top-tier quality and performance. Perfect for fashion enthusiasts.,"summer,asos,womenswear,clothing,elegant,dress",High quality|Durable design|Premium materials|Authentic ASOS product,https://www.amazon.in/s?k=ASOS%20Wrap%20Dress,https://www.flipkart.com/search?q=ASOS%20Wrap%20Dress,https://www.myntra.com/ASOS%20Wrap%20Dress,mid-range,0.18
294,Zara Midi Dress V2,Fashion,Dresses,Zara,59.03,4.4,0,,/images/products/shirt1.png,Premium dresses by Zara. The Zara Midi Dress V2 features top-tier quality and performance. Perfect for fashion enthusiasts.,"clothing,zara,dress,womenswear,summer,elegant",High quality|Durable design|Premium materials|Authentic Zara product,https://www.amazon.in/s?k=Zara%20Midi%20Dress%20V2,https://www.flipkart.com/search?q=Zara%20Midi%20Dress%20V2,https://www.myntra.com/Zara%20Midi%20Dress%20V2,mid-range,0.24
298,Zara Midi Dress Ultra,Fashion,Dresses,Zara,71.82,4.8,0,,/images/products/shirt1.png,Premium dresses by Zara. The Zara Midi Dress Ultra features top-tier quality and performance. Perfect for fashion enthusiasts.,"elegant,summer,zara,dress,clothing,womenswear",High quality|Durable design|Premium materials|Authentic Zara product,https://www.amazon.in/s?k=Zara%20Midi%20Dress%20Ultra,https://www.flipkart.com/search?q=Zara%20Midi%20Dress%20Ultra,https://www.myntra.com/Zara%20Midi%20Dress%20Ultra,mid-range,0.75
299,H&M Slip Dress,Fashion,Dresses,H&M,118.48,4.2,0,,/images/products/shirt1.png,Premium dresses by H&M. The H&M Slip Dress features top-tier quality and performance. Perfect for fashion enthusiasts.,"elegant,clothing,h&m,summer,womenswear,dress",High quality|Durable design|Premium materials|Authentic H&M product,https://www.amazon.in/s?k=H%26M%20Slip%20Dress,https://www.flipkart.com/search?q=H%26M%20Slip%20Dress,https://www.myntra.com/H%26M%20Slip%20Dress,mid-range,0.76
300,Reformation Floral Dress,Fashion,Dresses,Reformation,58.29,4.3,0,,/images/products/shirt1.png,Premium dresses by Reformation. The Reformation Floral Dress features top-tier quality and performance. Perfect for fashion enthusiasts.,"clothing,dress,elegant,womenswear,reformation,summer",High quality|Durable design|Premium materials|Authentic Reformation product,https://www.amazon.in/s?k=Reformation%20Floral%20Dress,https://www.flipkart.com/search?q=Reformation%20Floral%20Dress,https://www.myntra.com/Reformation%20Floral%20Dress,mid-range,0.76
301,Zara Midi Dress,Fashion,Dresses,Zara,111.99,3.7,0,,/images/products/shirt1.png,Premium dresses by Zara. The Zara Midi Dress features top-tier quality and performance. Perfect for fashion enthusiasts.,"womenswear,summer,elegant,zara,clothing,dress",High quality|Durable design|Premium materials|Authentic Zara product,https://www.amazon.in/s?k=Zara%20Midi%20Dress,https://www.flipkart.com/search?q=Zara%20Midi%20Dress,https://www.myntra.com/Zara%20Midi%20Dress,mid-range,0.74
302,Reformation Floral Dress Elite,Fashion,Dresses,Reformation,57.04,4.1,0,,/images/products/shirt1.png,Premium dresses by Reformation. The Reformation Floral Dress Elite features top-tier quality and performance. Perfect for fashion enthusiasts.,"summer,elegant,reformation,clothing,womenswear,dress",High quality|Durable design|Premium materials|Authentic Reformation product,https://www.amazon.in/s?k=Reformation%20Floral%20Dress%20Elite,https://www.flipkart.com/search?q=Reformation%20Floral%20Dress%20Elite,https://www.myntra.com/Reformation%20Floral%20Dress%20Elite,mid-range,0.42
303,Mango Maxi Dress,Fashion,Dresses,Mango,90.7,3.5,0,,/images/products/shirt1.png,Premium dresses by Mango. The Mango Maxi Dress features top-tier quality and performance. Perfect for fashion enthusiasts.,"dress,womenswear,clothing,summer,mango,elegant",High quality|Durable design|Premium materials|Authentic Mango product,https://www.amazon.in/s?k=Mango%20Maxi%20Dress,https://www.flipkart.com/search?q=Mango%20Maxi%20Dress,https://www.myntra.com/Mango%20Maxi%20Dress,mid-range,0.18
306,Uniqlo Cashmere Crewneck,Fashion,Sweaters,Uniqlo,148.57,4.3,0,,/images/products/shirt1.png,Premium sweaters by Uniqlo. The Uniqlo Cashmere Crewneck features top-tier quality and performance. Perfect for fashion enthusiasts.,"knitwear,winter,uniqlo,warm,sweater,clothing",High quality|Durable design|Premium materials|Authentic Uniqlo product,https://www.amazon.in/s?k=Uniqlo%20Cashmere%20Crewneck,https://www.flipkart.com/search?q=Uniqlo%20Cashmere%20Crewneck,https://www.myntra.com/Uniqlo%20Cashmere%20Crewneck,mid-range,0.73
314,Everlane Alpaca Sweater Elite,Fashion,Sweaters,Everlane,281.09,5.0,0,,/images/products/patagonia_sweater.png,Premium sweaters by Everlane. The Everlane Alpaca Sweater Elite features top-tier quality and performance. Perfect for fashion enthusiasts.,"sweater,knitwear,clothing,everlane,warm,winter",High quality|Durable design|Premium materials|Authentic Everlane product,https://www.amazon.in/s?k=Everlane%20Alpaca%20Sweater%20Elite,https://www.flipkart.com/search?q=Everlane%20Alpaca%20Sweater%20Elite,https://www.myntra.com/Everlane%20Alpaca%20Sweater%20Elite,premium,0.6
315,Massimo Dutti Turtleneck Sweater,Fashion,Sweaters,Massimo Dutti,195.68,4.5,0,,/images/products/patagonia_sweater.png,Premium sweaters by Massimo Dutti. The Massimo Dutti Turtleneck Sweater features top-tier quality and performance. Perfect for fashion enthusiasts.,"winter,knitwear,massimo dutti,clothing,warm,sweater",High quality|Durable design|Premium materials|Authentic Massimo Dutti product,https://www.amazon.in/s?k=Massimo%20Dutti%20Turtleneck%20Sweater,https://www.flipkart.com/search?q=Massimo%20Dutti%20Turtleneck%20Sweater,https://www.myntra.com/Massimo%20Dutti%20Turtleneck%20Sweater,mid-range,0.96
318,Everlane Alpaca Sweater,Fashion,Sweaters,Everlane,128.36,4.8,0,,/images/products/patagonia_sweater.png,Premium sweaters by Everlane. The Everlane Alpaca Sweater features top-tier quality and performance. Perfect for fashion enthusiasts.,"everlane,knitwear,clothing,winter,warm,sweater",High quality|Durable design|Premium materials|Authentic Everlane product,https://www.amazon.in/s?k=Everlane%20Alpaca%20Sweater,https://www.flipkart.com/search?q=Everlane%20Alpaca%20Sweater,https://www.myntra.com/Everlane%20Alpaca%20Sweater,mid-range,0.66
319,Banana Republic Cotton Cable Knit,Fashion,Sweaters,Banana Republic,196.5,4.9,0,,/images/products/boat_micro_usb_55_tangle.jpg,Premium sweaters by Banana Republic. The Banana Republic Cotton Cable Knit features top-tier quality and performance. Perfect for fashion enthusiasts.,"knitwear,clothing,warm,sweater,winter,banana republic",High quality|Durable design|Premium materials|Authentic Banana Republic product,https://www.amazon.in/s?k=Banana%20Republic%20Cotton%20Cable%20Knit,https://www.flipkart.com/search?q=Banana%20Republic%20Cotton%20Cable%20Knit,https://www.myntra.com/Banana%20Republic%20Cotton%20Cable%20Knit,mid-range,0.53
320,J.Crew Merino Wool V-Neck,Fashion,Sweaters,J.Crew,44.3,4.5,0,,/images/products/shirt1.png,Premium sweaters by J.Crew. The J.Crew Merino Wool V-Neck features top-tier quality and performance. Perfect for fashion enthusiasts.,"warm,winter,j.crew,sweater,knitwear,clothing",High quality|Durable design|Premium materials|Authentic J.Crew product,https://www.amazon.in/s?k=J.Crew%20Merino%20Wool%20V-Neck,https://www.flipkart.com/search?q=J.Crew%20Merino%20Wool%20V-Neck,https://www.myntra.com/J.Crew%20Merino%20Wool%20V-Neck,budget,0.74
321,Adidas Superstar,Shoes,Sneakers,Adidas,120.43,5.0,0,,/images/products/nike_air_force.png,Premium sneakers by Adidas. The Adidas Superstar features top-tier quality and performance. Perfect for shoes enthusiasts.,"streetwear,shoes,adidas,sneakers,footwear,casual",High quality|Durable design|Premium materials|Authentic Adidas product,https://www.amazon.in/s?k=Adidas%20Superstar,https://www.flipkart.com/search?q=Adidas%20Superstar,https://www.myntra.com/Adidas%20Superstar,mid-range,0.4
325,Nike Air Force 1 V2,Shoes,Sneakers,Nike,162.77,3.6,0,,/images/products/new_balance.png,Premium sneakers by Nike. The Nike Air Force 1 V2 features top-tier quality and performance. Perfect for shoes enthusiasts.,"footwear,nike,shoes,casual,sneakers,streetwear",High quality|Durable design|Premium materials|Authentic Nike product,https://www.amazon.in/s?k=Nike%20Air%20Force%201%20V2,https://www.flipkart.com/search?q=Nike%20Air%20Force%201%20V2,https://www.myntra.com/Nike%20Air%20Force%201%20V2,mid-range,0.62
326,Nike Air Force 1,Shoes,Sneakers,Nike,130.77,4.7,0,,/images/products/nike_air_max_270_black.jpg,Premium sneakers by Nike. The Nike Air Force 1 features top-tier quality and performance. Perfect for shoes enthusiasts.,"footwear,streetwear,nike,shoes,sneakers,casual",High quality|Durable design|Premium materials|Authentic Nike product,https://www.amazon.in/s?k=Nike%20Air%20Force%201,https://www.flipkart.com/search?q=Nike%20Air%20Force%201,https://www.myntra.com/Nike%20Air%20Force%201,mid-range,0.49
328,Puma Suede Classic,Shoes,Sneakers,Puma,231.52,3.6,0,,/images/products/nike_air_force.png,Premium sneakers by Puma. The Puma Suede Classic features top-tier quality and performance. Perfect for shoes enthusiasts.,"shoes,casual,footwear,puma,streetwear,sneakers",High quality|Durable design|Premium materials|Authentic Puma product,https://www.amazon.in/s?k=Puma%20Suede%20Classic,https://www.flipkart.com/search?q=Puma%20Suede%20Classic,https://www.myntra.com/Puma%20Suede%20Classic,premium,0.58
331,New Balance 574 Core,Shoes,Sneakers,New Balance,175.05,4.3,0,,/images/products/nike_air_force.png,Premium sneakers by New Balance. The New Balance 574 Core features top-tier quality and performance. Perfect for shoes enthusiasts.,"sneakers,new balance,streetwear,footwear,casual,shoes",High quality|Durable design|Premium materials|Authentic New Balance product,https://www.amazon.in/s?k=New%20Balance%20574%20Core,https://www.flipkart.com/search?q=New%20Balance%20574%20Core,https://www.myntra.com/New%20Balance%20574%20Core,mid-range,0.2
332,Vans Old Skool Plus,Shoes,Sneakers,Vans,38.9,4.8,0,,/images/products/nike_air_force.png,Premium sneakers by Vans. The Vans Old Skool Plus features top-tier quality and performance. Perfect for shoes enthusiasts.,"sneakers,streetwear,shoes,vans,casual,footwear",High quality|Durable design|Premium materials|Authentic Vans product,https://www.amazon.in/s?k=Vans%20Old%20Skool%20Plus,https://www.flipkart.com/search?q=Vans%20Old%20Skool%20Plus,https://www.myntra.com/Vans%20Old%20Skool%20Plus,budget,0.21
333,Vans Old Skool,Shoes,Sneakers,Vans,190.97,3.7,0,,/images/products/nike_air_force.png,Premium sneakers by Vans. The Vans Old Skool features top-tier quality and performance. Perfect for shoes enthusiasts.,"streetwear,shoes,footwear,casual,vans,sneakers",High quality|Durable design|Premium materials|Authentic Vans product,https://www.amazon.in/s?k=Vans%20Old%20Skool,https://www.flipkart.com/search?q=Vans%20Old%20Skool,https://www.myntra.com/Vans%20Old%20Skool,mid-range,0.89
334,New Balance 574 Core Edition,Shoes,Sneakers,New Balance,46.58,4.1,0,,/images/products/nike_air_force.png,Premium sneakers by New Balance. The New Balance 574 Core Edition features top-tier quality and performance. Perfect for shoes enthusiasts.,"streetwear,casual,shoes,sneakers,new balance,footwear",High quality|Durable design|Premium materials|Authentic New Balance product,https://www.amazon.in/s?k=New%20Balance%20574%20Core%20Edition,https://www.flipkart.com/search?q=New%20Balance%20574%20Core%20Edition,https://www.myntra.com/New%20Balance%20574%20Core%20Edition,budget,0.98
335,Adidas Superstar Pro,Shoes,Sneakers,Adidas,264.21,3.9,0,,/images/products/nike_air_force.png,Premium sneakers by Adidas. The Adidas Superstar Pro features top-tier quality and performance. Perfect for shoes enthusiasts.,"shoes,casual,adidas,sneakers,footwear,streetwear",High quality|Durable design|Premium materials|Authentic Adidas product,https://www.amazon.in/s?k=Adidas%20Superstar%20Pro,https://www.flipkart.com/search?q=Adidas%20Superstar%20Pro,https://www.myntra.com/Adidas%20Superstar%20Pro,premium,0.58
336,Adidas Superstar Edition,Shoes,Sneakers,Adidas,256.11,4.7,0,,/images/products/nike_air_force.png,Premium sneakers by Adidas. The Adidas Superstar Edition features top-tier quality and performance. Perfect for shoes enthusiasts.,"sneakers,casual,adidas,footwear,shoes,streetwear",High quality|Durable design|Premium materials|Authentic Adidas product,https://www.amazon.in/s?k=Adidas%20Superstar%20Edition,https://www.flipkart.com/search?q=Adidas%20Superstar%20Edition,https://www.myntra.com/Adidas%20Superstar%20Edition,premium,0.38
337,ASICS Gel-Kayano 29,Shoes,Running,ASICS,131.35,4.1,0,,/images/products/nike_air_force.png,Premium running by ASICS. The ASICS Gel-Kayano 29 features top-tier quality and performance. Perfect for shoes enthusiasts.,"asics,athletic,shoes,sports,performance,running",High quality|Durable design|Premium materials|Authentic ASICS product,https://www.amazon.in/s?k=ASICS%20Gel-Kayano%2029,https://www.flipkart.com/search?q=ASICS%20Gel-Kayano%2029,https://www.myntra.com/ASICS%20Gel-Kayano%2029,mid-range,0.71
339,Brooks Ghost 15 Elite,Shoes,Running,Brooks,233.05,4.9,0,,/images/products/nike_air_force.png,Premium running by Brooks. The Brooks Ghost 15 Elite features top-tier quality and performance. Perfect for shoes enthusiasts.,"brooks,running,shoes,sports,performance,athletic",High quality|Durable design|Premium materials|Authentic Brooks product,https://www.amazon.in/s?k=Brooks%20Ghost%2015%20Elite,https://www.flipkart.com/search?q=Brooks%20Ghost%2015%20Elite,https://www.myntra.com/Brooks%20Ghost%2015%20Elite,premium,0.13
340,Nike Air Zoom Pegasus,Shoes,Running,Nike,128.26,4.0,0,,/images/products/nike_air_force.png,Premium running by Nike. The Nike Air Zoom Pegasus features top-tier quality and performance. Perfect for shoes enthusiasts.,"shoes,nike,athletic,sports,running,performance",High quality|Durable design|Premium materials|Authentic Nike product,https://www.amazon.in/s?k=Nike%20Air%20Zoom%20Pegasus,https://www.flipkart.com/search?q=Nike%20Air%20Zoom%20Pegasus,https://www.myntra.com/Nike%20Air%20Zoom%20Pegasus,mid-range,0.78
341,Hoka Clifton 9 Max,Shoes,Running,Hoka,297.59,3.9,0,,/images/products/nike_air_force.png,Premium running by Hoka. The Hoka Clifton 9 Max features top-tier quality and performance. Perfect for shoes enthusiasts.,"shoes,sports,performance,athletic,hoka,running",High quality|Durable design|Premium materials|Authentic Hoka product,https://www.amazon.in/s?k=Hoka%20Clifton%209%20Max,https://www.flipkart.com/search?q=Hoka%20Clifton%209%20Max,https://www.myntra.com/Hoka%20Clifton%209%20Max,premium,0.9
342,Hoka Clifton 9,Shoes,Running,Hoka,250.97,4.0,0,,/images/products/nike_air_force.png,Premium running by Hoka. The Hoka Clifton 9 features top-tier quality and performance. Perfect for shoes enthusiasts.,"athletic,sports,shoes,running,performance,hoka",High quality|Durable design|Premium materials|Authentic Hoka product,https://www.amazon.in/s?k=Hoka%20Clifton%209,https://www.flipkart.com/search?q=Hoka%20Clifton%209,https://www.myntra.com/Hoka%20Clifton%209,premium,0.41
343,Nike Air Zoom Pegasus Max,Shoes,Running,Nike,54.27,4.4,0,,/images/products/nike_air_force.png,Premium running by Nike. The Nike Air Zoom Pegasus Max features top-tier quality and performance. Perfect for shoes enthusiasts.,"sports,athletic,running,nike,performance,shoes",High quality|Durable design|Premium materials|Authentic Nike product,https://www.amazon.in/s?k=Nike%20Air%20Zoom%20Pegasus%20Max,https://www.flipkart.com/search?q=Nike%20Air%20Zoom%20Pegasus%20Max,https://www.myntra.com/Nike%20Air%20Zoom%20Pegasus%20Max,mid-range,0.29
344,Brooks Ghost 15 Edition,Shoes,Running,Brooks,226.1,3.9,0,,/images/products/nike_air_force.png,Premium running by Brooks. The Brooks Ghost 15 Edition features top-tier quality and performance. Perfect for shoes enthusiasts.,"brooks,running,sports,athletic,performance,shoes",High quality|Durable design|Premium materials|Authentic Brooks product,https://www.amazon.in/s?k=Brooks%20Ghost%2015%20Edition,https://www.flipkart.com/search?q=Brooks%20Ghost%2015%20Edition,https://www.myntra.com/Brooks%20Ghost%2015%20Edition,premium,0.37
346,ASICS Gel-Kayano 29 V2,Shoes,Running,ASICS,111.95,5.0,0,,/images/products/nike_air_force.png,Premium running by ASICS. The ASICS Gel-Kayano 29 V2 features top-tier quality and performance. Perfect for shoes enthusiasts.,"sports,asics,shoes,athletic,performance,running",High quality|Durable design|Premium materials|Authentic ASICS product,https://www.amazon.in/s?k=ASICS%20Gel-Kayano%2029%20V2,https://www.flipkart.com/search?q=ASICS%20Gel-Kayano%2029%20V2,https://www.myntra.com/ASICS%20Gel-Kayano%2029%20V2,mid-range,0.38
348,Hoka Clifton 9 Ultra,Shoes,Running,Hoka,99.4,4.0,0,,/images/products/nike_air_force.png,Premium running by Hoka. The Hoka Clifton 9 Ultra features top-tier quality and performance. Perfect for shoes enthusiasts.,"athletic,running,shoes,hoka,performance,sports",High quality|Durable design|Premium materials|Authentic Hoka product,https://www.amazon.in/s?k=Hoka%20Clifton%209%20Ultra,https://www.flipkart.com/search?q=Hoka%20Clifton%209%20Ultra,https://www.myntra.com/Hoka%20Clifton%209%20Ultra,mid-range,0.62
350,Adidas Ultraboost 22 Ultra,Shoes,Running,Adidas,220.41,4.7,0,,/images/products/nike_air_force.png,Premium running by Adidas. The Adidas Ultraboost 22 Ultra features top-tier quality and performance. Perfect for shoes enthusiasts.,"shoes,athletic,running,performance,adidas,sports",High quality|Durable design|Premium materials|Authentic Adidas product,https://www.amazon.in/s?k=Adidas%20Ultraboost%2022%20Ultra,https://www.flipkart.com/search?q=Adidas%20Ultraboost%2022%20Ultra,https://www.myntra.com/Adidas%20Ultraboost%2022%20Ultra,premium,0.63
351,Brooks Ghost 15,Shoes,Running,Brooks,242.69,4.0,0,,/images/products/nike_air_force.png,Premium running by Brooks. The Brooks Ghost 15 features top-tier quality and performance. Perfect for shoes enthusiasts.,"sports,running,brooks,performance,athletic,shoes",High quality|Durable design|Premium materials|Authentic Brooks product,https://www.amazon.in/s?k=Brooks%20Ghost%2015,https://www.flipkart.com/search?q=Brooks%20Ghost%2015,https://www.myntra.com/Brooks%20Ghost%2015,premium,0.81
352,Adidas Ultraboost 22,Shoes,Running,Adidas,295.98,4.5,0,,/images/products/nike_air_force.png,Premium running by Adidas. The Adidas Ultraboost 22 features top-tier quality and performance. Perfect for shoes enthusiasts.,"adidas,running,performance,sports,shoes,athletic",High quality|Durable design|Premium materials|Authentic Adidas product,https://www.amazon.in/s?k=Adidas%20Ultraboost%2022,https://www.flipkart.com/search?q=Adidas%20Ultraboost%2022,https://www.myntra.com/Adidas%20Ultraboost%2022,premium,0.51
360,Red Wing Iron Ranger,Shoes,Boots,Red Wing,135.53,4.9,0,,/images/products/nike_air_force.png,Premium boots by Red Wing. The Red Wing Iron Ranger features top-tier quality and performance. Perfect for shoes enthusiasts.,"shoes,boots,red wing,leather,winter,durable",High quality|Durable design|Premium materials|Authentic Red Wing product,https://www.amazon.in/s?k=Red%20Wing%20Iron%20Ranger,https://www.flipkart.com/search?q=Red%20Wing%20Iron%20Ranger,https://www.myntra.com/Red%20Wing%20Iron%20Ranger,mid-range,0.59
362,Blundstone Classic 550 Chelsea,Shoes,Boots,Blundstone,296.76,3.6,0,,/images/products/timberland_boot.png,Premium boots by Blundstone. The Blundstone Classic 550 Chelsea features top-tier quality and performance. Perfect for shoes enthusiasts.,"shoes,leather,durable,winter,blundstone,boots",High quality|Durable design|Premium materials|Authentic Blundstone product,https://www.amazon.in/s?k=Blundstone%20Classic%20550%20Chelsea,https://www.flipkart.com/search?q=Blundstone%20Classic%20550%20Chelsea,https://www.myntra.com/Blundstone%20Classic%20550%20Chelsea,premium,0.64
363,Dr. Martens 1460 Smooth Leather Boot,Shoes,Boots,Dr. Martens,115.45,4.2,0,,/images/products/timberland_boot.png,Premium boots by Dr. Martens. The Dr. Martens 1460 Smooth Leather Boot features top-tier quality and performance. Perfect for shoes enthusiasts.,"dr. martens,winter,boots,leather,shoes,durable",High quality|Durable design|Premium materials|Authentic Dr. Martens product,https://www.amazon.in/s?k=Dr.%20Martens%201460%20Smooth%20Leather%20Boot,https://www.flipkart.com/search?q=Dr.%20Martens%201460%20Smooth%20Leather%20Boot,https://www.myntra.com/Dr.%20Martens%201460%20Smooth%20Leather%20Boot,mid-range,0.66
364,Timberland 6-Inch Premium Boot,Shoes,Boots,Timberland,32.76,4.2,0,,/images/products/timberland_boot.png,Premium boots by Timberland. The Timberland 6-Inch Premium Boot features top-tier quality and performance. Perfect for shoes enthusiasts.,"shoes,leather,winter,boots,durable,timberland",High quality|Durable design|Premium materials|Authentic Timberland product,https://www.amazon.in/s?k=Timberland%206-Inch%20Premium%20Boot,https://www.flipkart.com/search?q=Timberland%206-Inch%20Premium%20Boot,https://www.myntra.com/Timberland%206-Inch%20Premium%20Boot,budget,0.53
365,Blundstone Classic 550 Chelsea Ultra,Shoes,Boots,Blundstone,222.67,4.4,0,,/images/products/timberland_boot.png,Premium boots by Blundstone. The Blundstone Classic 550 Chelsea Ultra features top-tier quality and performance. Perfect for shoes enthusiasts.,"leather,boots,blundstone,winter,shoes,durable",High quality|Durable design|Premium materials|Authentic Blundstone product,https://www.amazon.in/s?k=Blundstone%20Classic%20550%20Chelsea%20Ultra,https://www.flipkart.com/search?q=Blundstone%20Classic%20550%20Chelsea%20Ultra,https://www.myntra.com/Blundstone%20Classic%20550%20Chelsea%20Ultra,premium,0.93
366,Timberland 6-Inch Premium Boot Edition,Shoes,Boots,Timberland,42.5,3.7,0,,/images/products/timberland_boot.png,Premium boots by Timberland. The Timberland 6-Inch Premium Boot Edition features top-tier quality and performance. Perfect for shoes enthusiasts.,"boots,leather,timberland,winter,durable,shoes",High quality|Durable design|Premium materials|Authentic Timberland product,https://www.amazon.in/s?k=Timberland%206-Inch%20Premium%20Boot%20Edition,https://www.flipkart.com/search?q=Timberland%206-Inch%20Premium%20Boot%20Edition,https://www.myntra.com/Timberland%206-Inch%20Premium%20Boot%20Edition,budget,0.28
367,Clarks Desert Boot Edition,Shoes,Boots,Clarks,193.87,3.6,0,,/images/products/timberland_boot.png,Premium boots by Clarks. The Clarks Desert Boot Edition features top-tier quality and performance. Perfect for shoes enthusiasts.,"boots,shoes,leather,clarks,winter,durable",High quality|Durable design|Premium materials|Authentic Clarks product,https://www.amazon.in/s?k=Clarks%20Desert%20Boot%20Edition,https://www.flipkart.com/search?q=Clarks%20Desert%20Boot%20Edition,https://www.myntra.com/Clarks%20Desert%20Boot%20Edition,mid-range,0.83
368,Clarks Desert Boot,Shoes,Boots,Clarks,110.23,4.2,0,,/images/products/timberland_boot.png,Premium boots by Clarks. The Clarks Desert Boot features top-tier quality and performance. Perfect for shoes enthusiasts.,"clarks,shoes,winter,boots,leather,durable",High quality|Durable design|Premium materials|Authentic Clarks product,https://www.amazon.in/s?k=Clarks%20Desert%20Boot,https://www.flipkart.com/search?q=Clarks%20Desert%20Boot,https://www.myntra.com/Clarks%20Desert%20Boot,mid-range,0.6
370,Converse Chuck Taylor All Star Edition,Shoes,Casual,Converse,137.78,4.0,0,,/images/products/nike_air_force.png,Premium casual by Converse. The Converse Chuck Taylor All Star Edition features top-tier quality and performance. Perfect for shoes enthusiasts.,"slip-on,converse,casual,everyday,comfortable,shoes",High quality|Durable design|Premium materials|Authentic Converse product,https://www.amazon.in/s?k=Converse%20Chuck%20Taylor%20All%20Star%20Edition,https://www.flipkart.com/search?q=Converse%20Chuck%20Taylor%20All%20Star%20Edition,https://www.myntra.com/Converse%20Chuck%20Taylor%20All%20Star%20Edition,mid-range,0.1
379,Crocs Classic Clog Max,Shoes,Casual,Crocs,215.07,4.8,0,,/images/products/nike_air_force.png,Premium casual by Crocs. The Crocs Classic Clog Max features top-tier quality and performance. Perfect for shoes enthusiasts.,"casual,comfortable,slip-on,crocs,everyday,shoes",High quality|Durable design|Premium materials|Authentic Crocs product,https://www.amazon.in/s?k=Crocs%20Classic%20Clog%20Max,https://www.flipkart.com/search?q=Crocs%20Classic%20Clog%20Max,https://www.myntra.com/Crocs%20Classic%20Clog%20Max,premium,0.83
381,Converse Chuck Taylor All Star,Shoes,Casual,Converse,216.56,4.9,0,,/images/products/nike_air_force.png,Premium casual by Converse. The Converse Chuck Taylor All Star features top-tier quality and performance. Perfect for shoes enthusiasts.,"casual,comfortable,converse,everyday,shoes,slip-on",High quality|Durable design|Premium materials|Authentic Converse product,https://www.amazon.in/s?k=Converse%20Chuck%20Taylor%20All%20Star,https://www.flipkart.com/search?q=Converse%20Chuck%20Taylor%20All%20Star,https://www.myntra.com/Converse%20Chuck%20Taylor%20All%20Star,premium,0.36
382,TOMS Classic Alpargata,Shoes,Casual,TOMS,141.54,4.9,0,,/images/products/nike_air_force.png,Premium casual by TOMS. The TOMS Classic Alpargata features top-tier quality and performance. Perfect for shoes enthusiasts.,"shoes,casual,everyday,comfortable,slip-on,toms",High quality|Durable design|Premium materials|Authentic TOMS product,https://www.amazon.in/s?k=TOMS%20Classic%20Alpargata,https://www.flipkart.com/search?q=TOMS%20Classic%20Alpargata,https://www.myntra.com/TOMS%20Classic%20Alpargata,mid-range,0.13
383,Skechers Go Walk,Shoes,Casual,Skechers,82.33,4.4,0,,/images/products/nike_air_force.png,Premium casual by Skechers. The Skechers Go Walk features top-tier quality and performance. Perfect for shoes enthusiasts.,"casual,shoes,comfortable,slip-on,skechers,everyday",High quality|Durable design|Premium materials|Authentic Skechers product,https://www.amazon.in/s?k=Skechers%20Go%20Walk,https://www.flipkart.com/search?q=Skechers%20Go%20Walk,https://www.myntra.com/Skechers%20Go%20Walk,mid-range,0.27
384,Crocs Classic Clog,Shoes,Casual,Crocs,297.04,4.4,0,,/images/products/nike_air_force.png,Premium casual by Crocs. The Crocs Classic Clog features top-tier quality and performance. Perfect for shoes enthusiasts.,"everyday,casual,crocs,comfortable,slip-on,shoes",High quality|Durable design|Premium materials|Authentic Crocs product,https://www.amazon.in/s?k=Crocs%20Classic%20Clog,https://www.flipkart.com/search?q=Crocs%20Classic%20Clog,https://www.myntra.com/Crocs%20Classic%20Clog,premium,0.28
386,Cole Haan Oxford Dress Shoe Edition,Shoes,Formal,Cole Haan,215.39,4.6,0,,/images/products/nike_air_max_270_black.jpg,Premium formal by Cole Haan. The Cole Haan Oxford Dress Shoe Edition features top-tier quality and performance. Perfect for shoes enthusiasts.,"office,formal,dress,cole haan,shoes,leather",High quality|Durable design|Premium materials|Authentic Cole Haan product,https://www.amazon.in/s?k=Cole%20Haan%20Oxford%20Dress%20Shoe%20Edition,https://www.flipkart.com/search?q=Cole%20Haan%20Oxford%20Dress%20Shoe%20Edition,https://www.myntra.com/Cole%20Haan%20Oxford%20Dress%20Shoe%20Edition,premium,0.62
393,Hugo Boss Derby Shoe V2,Shoes,Formal,Hugo Boss,168.59,4.9,0,,/images/products/nike_air_force.png,Premium formal by Hugo Boss. The Hugo Boss Derby Shoe V2 features top-tier quality and performance. Perfect for shoes enthusiasts.,"formal,leather,office,hugo boss,shoes,dress",High quality|Durable design|Premium materials|Authentic Hugo Boss product,https://www.amazon.in/s?k=Hugo%20Boss%20Derby%20Shoe%20V2,https://www.flipkart.com/search?q=Hugo%20Boss%20Derby%20Shoe%20V2,https://www.myntra.com/Hugo%20Boss%20Derby%20Shoe%20V2,mid-range,0.34
394,Johnston & Murphy Melton Oxford,Shoes,Formal,Johnston & Murphy,92.27,4.6,0,,/images/products/nike_air_force.png,Premium formal by Johnston & Murphy. The Johnston & Murphy Melton Oxford features top-tier quality and performance. Perfect for shoes enthusiasts.,"leather,office,johnston & murphy,formal,dress,shoes",High quality|Durable design|Premium materials|Authentic Johnston & Murphy product,https://www.amazon.in/s?k=Johnston%20%26%20Murphy%20Melton%20Oxford,https://www.flipkart.com/search?q=Johnston%20%26%20Murphy%20Melton%20Oxford,https://www.myntra.com/Johnston%20%26%20Murphy%20Melton%20Oxford,mid-range,0.22
396,Allen Edmonds Park Avenue Cap-Toe,Shoes,Formal,Allen Edmonds,124.43,4.2,0,,/images/products/nike_air_force.png,Premium formal by Allen Edmonds. The Allen Edmonds Park Avenue Cap-Toe features top-tier quality and performance. Perfect for shoes enthusiasts.,"office,shoes,allen edmonds,formal,leather,dress",High quality|Durable design|Premium materials|Authentic Allen Edmonds product,https://www.amazon.in/s?k=Allen%20Edmonds%20Park%20Avenue%20Cap-Toe,https://www.flipkart.com/search?q=Allen%20Edmonds%20Park%20Avenue%20Cap-Toe,https://www.myntra.com/Allen%20Edmonds%20Park%20Avenue%20Cap-Toe,mid-range,0.93
397,Johnston & Murphy Melton Oxford Pro,Shoes,Formal,Johnston & Murphy,153.07,3.8,0,,/images/products/nike_air_force.png,Premium formal by Johnston & Murphy. The Johnston & Murphy Melton Oxford Pro features top-tier quality and performance. Perfect for shoes enthusiasts.,"office,dress,johnston & murphy,leather,formal,shoes",High quality|Durable design|Premium materials|Authentic Johnston & Murphy product,https://www.amazon.in/s?k=Johnston%20%26%20Murphy%20Melton%20Oxford%20Pro,https://www.flipkart.com/search?q=Johnston%20%26%20Murphy%20Melton%20Oxford%20Pro,https://www.myntra.com/Johnston%20%26%20Murphy%20Melton%20Oxford%20Pro,mid-range,0.41
398,Clarks Tilden Cap Oxford,Shoes,Formal,Clarks,119.6,4.8,0,,/images/products/nike_air_force.png,Premium formal by Clarks. The Clarks Tilden Cap Oxford features top-tier quality and performance. Perfect for shoes enthusiasts.,"dress,office,formal,leather,clarks,shoes",High quality|Durable design|Premium materials|Authentic Clarks product,https://www.amazon.in/s?k=Clarks%20Tilden%20Cap%20Oxford,https://www.flipkart.com/search?q=Clarks%20Tilden%20Cap%20Oxford,https://www.myntra.com/Clarks%20Tilden%20Cap%20Oxford,mid-range,0.15
399,Clarks Tilden Cap Oxford Max,Shoes,Formal,Clarks,181.44,4.9,0,,/images/products/nike_air_force.png,Premium formal by Clarks. The Clarks Tilden Cap Oxford Max features top-tier quality and performance. Perfect for shoes enthusiasts.,"shoes,leather,office,clarks,formal,dress",High quality|Durable design|Premium materials|Authentic Clarks product,https://www.amazon.in/s?k=Clarks%20Tilden%20Cap%20Oxford%20Max,https://www.flipkart.com/search?q=Clarks%20Tilden%20Cap%20Oxford%20Max,https://www.myntra.com/Clarks%20Tilden%20Cap%20Oxford%20Max,mid-range,0.58
400,Hugo Boss Derby Shoe,Shoes,Formal,Hugo Boss,131.0,5.0,0,,/images/products/new_balance.png,Premium formal by Hugo Boss. The Hugo Boss Derby Shoe features top-tier quality and performance. Perfect for shoes enthusiasts.,"formal,hugo boss,office,shoes,leather,dress",High quality|Durable design|Premium materials|Authentic Hugo Boss product,https://www.amazon.in/s?k=Hugo%20Boss%20Derby%20Shoe,https://www.flipkart.com/search?q=Hugo%20Boss%20Derby%20Shoe,https://www.myntra.com/Hugo%20Boss%20Derby%20Shoe,mid-range,0.22
403,Herschel Little America V2,Bags,Backpacks,Herschel,265.28,4.1,0,,/images/products/backpack1.png,Premium backpacks by Herschel. The Herschel Little America V2 features top-tier quality and performance. Perfect for bags enthusiasts.,"school,bag,travel,backpack,herschel,carry",High quality|Durable design|Premium materials|Authentic Herschel product,https://www.amazon.in/s?k=Herschel%20Little%20America%20V2,https://www.flipkart.com/search?q=Herschel%20Little%20America%20V2,https://www.myntra.com/Herschel%20Little%20America%20V2,premium,0.54
407,The North Face Borealis V2,Bags,Backpacks,The North Face,180.12,4.2,0,,/images/products/backpack1.png,Premium backpacks by The North Face. The The North Face Borealis V2 features top-tier quality and performance. Perfect for bags enthusiasts.,"school,bag,backpack,the north face,travel,carry",High quality|Durable design|Premium materials|Authentic The North Face product,https://www.amazon.in/s?k=The%20North%20Face%20Borealis%20V2,https://www.flipkart.com/search?q=The%20North%20Face%20Borealis%20V2,https://www.myntra.com/The%20North%20Face%20Borealis%20V2,mid-range,0.39
410,Samsonite Xenon 3.0 V2,Bags,Backpacks,Samsonite,171.52,3.6,0,,/images/products/backpack1.png,Premium backpacks by Samsonite. The Samsonite Xenon 3.0 V2 features top-tier quality and performance. Perfect for bags enthusiasts.,"carry,bag,school,samsonite,travel,backpack",High quality|Durable design|Premium materials|Authentic Samsonite product,https://www.amazon.in/s?k=Samsonite%20Xenon%203.0%20V2,https://www.flipkart.com/search?q=Samsonite%20Xenon%203.0%20V2,https://www.myntra.com/Samsonite%20Xenon%203.0%20V2,mid-range,0.81
411,Fjallraven Kanken Pro,Bags,Backpacks,Fjallraven,27.11,3.9,0,,/images/products/backpack1.png,Premium backpacks by Fjallraven. The Fjallraven Kanken Pro features top-tier quality and performance. Perfect for bags enthusiasts.,"school,bag,backpack,carry,travel,fjallraven",High quality|Durable design|Premium materials|Authentic Fjallraven product,https://www.amazon.in/s?k=Fjallraven%20Kanken%20Pro,https://www.flipkart.com/search?q=Fjallraven%20Kanken%20Pro,https://www.myntra.com/Fjallraven%20Kanken%20Pro,budget,0.18
414,The North Face Borealis,Bags,Backpacks,The North Face,242.69,3.6,0,,/images/products/backpack1.png,Premium backpacks by The North Face. The The North Face Borealis features top-tier quality and performance. Perfect for bags enthusiasts.,"school,bag,travel,the north face,carry,backpack",High quality|Durable design|Premium materials|Authentic The North Face product,https://www.amazon.in/s?k=The%20North%20Face%20Borealis,https://www.flipkart.com/search?q=The%20North%20Face%20Borealis,https://www.myntra.com/The%20North%20Face%20Borealis,premium,0.54
416,Samsonite Xenon 3.0 Max,Bags,Backpacks,Samsonite,261.25,4.2,0,,/images/products/backpack1.png,Premium backpacks by Samsonite. The Samsonite Xenon 3.0 Max features top-tier quality and performance. Perfect for bags enthusiasts.,"backpack,samsonite,carry,school,travel,bag",High quality|Durable design|Premium materials|Authentic Samsonite product,https://www.amazon.in/s?k=Samsonite%20Xenon%203.0%20Max,https://www.flipkart.com/search?q=Samsonite%20Xenon%203.0%20Max,https://www.myntra.com/Samsonite%20Xenon%203.0%20Max,premium,0.41
418,Fjallraven Kanken,Bags,Backpacks,Fjallraven,136.56,4.5,0,,/images/products/backpack1.png,Premium backpacks by Fjallraven. The Fjallraven Kanken features top-tier quality and performance. Perfect for bags enthusiasts.,"fjallraven,school,carry,bag,backpack,travel",High quality|Durable design|Premium materials|Authentic Fjallraven product,https://www.amazon.in/s?k=Fjallraven%20Kanken,https://www.flipkart.com/search?q=Fjallraven%20Kanken,https://www.myntra.com/Fjallraven%20Kanken,mid-range,0.1
419,Samsonite Xenon 3.0,Bags,Backpacks,Samsonite,176.93,4.5,0,,/images/products/backpack1.png,Premium backpacks by Samsonite. The Samsonite Xenon 3.0 features top-tier quality and performance. Perfect for bags enthusiasts.,"samsonite,school,backpack,bag,travel,carry",High quality|Durable design|Premium materials|Authentic Samsonite product,https://www.amazon.in/s?k=Samsonite%20Xenon%203.0,https://www.flipkart.com/search?q=Samsonite%20Xenon%203.0,https://www.myntra.com/Samsonite%20Xenon%203.0,mid-range,0.91
420,JanSport Right Pack,Bags,Backpacks,JanSport,165.74,4.3,0,,/images/products/backpack1.png,Premium backpacks by JanSport. The JanSport Right Pack features top-tier quality and performance. Perfect for bags enthusiasts.,"carry,jansport,travel,bag,school,backpack",High quality|Durable design|Premium materials|Authentic JanSport product,https://www.amazon.in/s?k=JanSport%20Right%20Pack,https://www.flipkart.com/search?q=JanSport%20Right%20Pack,https://www.myntra.com/JanSport%20Right%20Pack,mid-range,0.82
422,Fossil Rachel Tote Elite,Bags,Handbags,Fossil,235.7,4.8,0,,/images/products/backpack1.png,Premium handbags by Fossil. The Fossil Rachel Tote Elite features top-tier quality and performance. Perfect for bags enthusiasts.,"purse,designer,accessory,handbag,leather,fossil",High quality|Durable design|Premium materials|Authentic Fossil product,https://www.amazon.in/s?k=Fossil%20Rachel%20Tote%20Elite,https://www.flipkart.com/search?q=Fossil%20Rachel%20Tote%20Elite,https://www.myntra.com/Fossil%20Rachel%20Tote%20Elite,premium,0.49
424,Coach Tabby Shoulder Bag Max,Bags,Handbags,Coach,98.65,4.4,0,,/images/products/white_faux_leather_backpack.jpg,Premium handbags by Coach. The Coach Tabby Shoulder Bag Max features top-tier quality and performance. Perfect for bags enthusiasts.,"leather,accessory,designer,handbag,coach,purse",High quality|Durable design|Premium materials|Authentic Coach product,https://www.amazon.in/s?k=Coach%20Tabby%20Shoulder%20Bag%20Max,https://www.flipkart.com/search?q=Coach%20Tabby%20Shoulder%20Bag%20Max,https://www.myntra.com/Coach%20Tabby%20Shoulder%20Bag%20Max,mid-range,0.79
426,Fossil Rachel Tote,Bags,Handbags,Fossil,52.31,4.0,0,,/images/products/backpack1.png,Premium handbags by Fossil. The Fossil Rachel Tote features top-tier quality and performance. Perfect for bags enthusiasts.,"purse,accessory,handbag,fossil,leather,designer",High quality|Durable design|Premium materials|Authentic Fossil product,https://www.amazon.in/s?k=Fossil%20Rachel%20Tote,https://www.flipkart.com/search?q=Fossil%20Rachel%20Tote,https://www.myntra.com/Fossil%20Rachel%20Tote,mid-range,0.87
427,Fossil Rachel Tote V2,Bags,Handbags,Fossil,206.93,3.6,0,,/images/products/backpack1.png,Premium handbags by Fossil. The Fossil Rachel Tote V2 features top-tier quality and performance. Perfect for bags enthusiasts.,"accessory,designer,purse,leather,fossil,handbag",High quality|Durable design|Premium materials|Authentic Fossil product,https://www.amazon.in/s?k=Fossil%20Rachel%20Tote%20V2,https://www.flipkart.com/search?q=Fossil%20Rachel%20Tote%20V2,https://www.myntra.com/Fossil%20Rachel%20Tote%20V2,premium,0.65
429,Michael Kors Jet Set Tote Max,Bags,Handbags,Michael Kors,210.14,4.2,0,,/images/products/backpack1.png,Premium handbags by Michael Kors. The Michael Kors Jet Set Tote Max features top-tier quality and performance. Perfect for bags enthusiasts.,"designer,handbag,purse,michael kors,accessory,leather",High quality|Durable design|Premium materials|Authentic Michael Kors product,https://www.amazon.in/s?k=Michael%20Kors%20Jet%20Set%20Tote%20Max,https://www.flipkart.com/search?q=Michael%20Kors%20Jet%20Set%20Tote%20Max,https://www.myntra.com/Michael%20Kors%20Jet%20Set%20Tote%20Max,premium,0.93
430,Coach Tabby Shoulder Bag Plus,Bags,Handbags,Coach,130.97,4.5,0,,/images/products/white_faux_leather_backpack.jpg,Premium handbags by Coach. The Coach Tabby Shoulder Bag Plus features top-tier quality and performance. Perfect for bags enthusiasts.,"accessory,coach,designer,purse,leather,handbag",High quality|Durable design|Premium materials|Authentic Coach product,https://www.amazon.in/s?k=Coach%20Tabby%20Shoulder%20Bag%20Plus,https://www.flipkart.com/search?q=Coach%20Tabby%20Shoulder%20Bag%20Plus,https://www.myntra.com/Coach%20Tabby%20Shoulder%20Bag%20Plus,mid-range,0.36
431,Coach Tabby Shoulder Bag Edition,Bags,Handbags,Coach,108.07,5.0,0,,/images/products/timbuk2_classic_messenger_bag_jet_black.jpg,Premium handbags by Coach. The Coach Tabby Shoulder Bag Edition features top-tier quality and performance. Perfect for bags enthusiasts.,"handbag,accessory,purse,leather,designer,coach",High quality|Durable design|Premium materials|Authentic Coach product,https://www.amazon.in/s?k=Coach%20Tabby%20Shoulder%20Bag%20Edition,https://www.flipkart.com/search?q=Coach%20Tabby%20Shoulder%20Bag%20Edition,https://www.myntra.com/Coach%20Tabby%20Shoulder%20Bag%20Edition,mid-range,0.77
432,Coach Tabby Shoulder Bag V2,Bags,Handbags,Coach,138.09,3.8,0,,/images/products/backpack1.png,Premium handbags by Coach. The Coach Tabby Shoulder Bag V2 features top-tier quality and performance. Perfect for bags enthusiasts.,"designer,handbag,purse,coach,accessory,leather",High quality|Durable design|Premium materials|Authentic Coach product,https://www.amazon.in/s?k=Coach%20Tabby%20Shoulder%20Bag%20V2,https://www.flipkart.com/search?q=Coach%20Tabby%20Shoulder%20Bag%20V2,https://www.myntra.com/Coach%20Tabby%20Shoulder%20Bag%20V2,mid-range,0.3
434,Michael Kors Jet Set Tote,Bags,Handbags,Michael Kors,128.81,4.1,0,,/images/products/backpack1.png,Premium handbags by Michael Kors. The Michael Kors Jet Set Tote features top-tier quality and performance. Perfect for bags enthusiasts.,"leather,designer,accessory,handbag,michael kors,purse",High quality|Durable design|Premium materials|Authentic Michael Kors product,https://www.amazon.in/s?k=Michael%20Kors%20Jet%20Set%20Tote,https://www.flipkart.com/search?q=Michael%20Kors%20Jet%20Set%20Tote,https://www.myntra.com/Michael%20Kors%20Jet%20Set%20Tote,mid-range,0.41
435,Coach Tabby Shoulder Bag,Bags,Handbags,Coach,226.27,4.5,0,,/images/products/backpack1.png,Premium handbags by Coach. The Coach Tabby Shoulder Bag features top-tier quality and performance. Perfect for bags enthusiasts.,"coach,designer,handbag,leather,accessory,purse",High quality|Durable design|Premium materials|Authentic Coach product,https://www.amazon.in/s?k=Coach%20Tabby%20Shoulder%20Bag,https://www.flipkart.com/search?q=Coach%20Tabby%20Shoulder%20Bag,https://www.myntra.com/Coach%20Tabby%20Shoulder%20Bag,premium,0.6
437,Michael Kors Jet Set Tote Plus,Bags,Handbags,Michael Kors,107.73,3.9,0,,/images/products/backpack1.png,Premium handbags by Michael Kors. The Michael Kors Jet Set Tote Plus features top-tier quality and performance. Perfect for bags enthusiasts.,"leather,purse,handbag,accessory,designer,michael kors",High quality|Durable design|Premium materials|Authentic Michael Kors product,https://www.amazon.in/s?k=Michael%20Kors%20Jet%20Set%20Tote%20Plus,https://www.flipkart.com/search?q=Michael%20Kors%20Jet%20Set%20Tote%20Plus,https://www.myntra.com/Michael%20Kors%20Jet%20Set%20Tote%20Plus,mid-range,0.26
438,Kate Spade Margaux Satchel,Bags,Handbags,Kate Spade,150.02,3.5,0,,/images/products/backpack1.png,Premium handbags by Kate Spade. The Kate Spade Margaux Satchel features top-tier quality and performance. Perfect for bags enthusiasts.,"handbag,accessory,purse,leather,designer,kate spade",High quality|Durable design|Premium materials|Authentic Kate Spade product,https://www.amazon.in/s?k=Kate%20Spade%20Margaux%20Satchel,https://www.flipkart.com/search?q=Kate%20Spade%20Margaux%20Satchel,https://www.myntra.com/Kate%20Spade%20Margaux%20Satchel,mid-range,0.71
439,Gucci Marmont Matelasse Plus,Bags,Handbags,Gucci,235.9,4.6,0,,/images/products/backpack1.png,Premium handbags by Gucci. The Gucci Marmont Matelasse Plus features top-tier quality and performance. Perfect for bags enthusiasts.,"handbag,purse,accessory,gucci,designer,leather",High quality|Durable design|Premium materials|Authentic Gucci product,https://www.amazon.in/s?k=Gucci%20Marmont%20Matelasse%20Plus,https://www.flipkart.com/search?q=Gucci%20Marmont%20Matelasse%20Plus,https://www.myntra.com/Gucci%20Marmont%20Matelasse%20Plus,premium,0.65
440,Kate Spade Margaux Satchel Plus,Bags,Handbags,Kate Spade,92.98,4.5,0,,/images/products/backpack1.png,Premium handbags by Kate Spade. The Kate Spade Margaux Satchel Plus features top-tier quality and performance. Perfect for bags enthusiasts.,"handbag,leather,designer,accessory,kate spade,purse",High quality|Durable design|Premium materials|Authentic Kate Spade product,https://www.amazon.in/s?k=Kate%20Spade%20Margaux%20Satchel%20Plus,https://www.flipkart.com/search?q=Kate%20Spade%20Margaux%20Satchel%20Plus,https://www.myntra.com/Kate%20Spade%20Margaux%20Satchel%20Plus,mid-range,0.81
447,Samsonite Colombian Leather Flapover Edition,Bags,Laptop Bags,Samsonite,134.44,4.1,0,,/images/products/backpack1.png,Premium laptop bags by Samsonite. The Samsonite Colombian Leather Flapover Edition features top-tier quality and performance. Perfect for bags enthusiasts.,"samsonite,work,laptop-bag,briefcase,bag,office",High quality|Durable design|Premium materials|Authentic Samsonite product,https://www.amazon.in/s?k=Samsonite%20Colombian%20Leather%20Flapover%20Edition,https://www.flipkart.com/search?q=Samsonite%20Colombian%20Leather%20Flapover%20Edition,https://www.myntra.com/Samsonite%20Colombian%20Leather%20Flapover%20Edition,mid-range,0.34
448,Targus CityLite Briefcase,Bags,Laptop Bags,Targus,282.72,3.8,0,,/images/products/backpack1.png,Premium laptop bags by Targus. The Targus CityLite Briefcase features top-tier quality and performance. Perfect for bags enthusiasts.,"briefcase,laptop-bag,bag,work,targus,office",High quality|Durable design|Premium materials|Authentic Targus product,https://www.amazon.in/s?k=Targus%20CityLite%20Briefcase,https://www.flipkart.com/search?q=Targus%20CityLite%20Briefcase,https://www.myntra.com/Targus%20CityLite%20Briefcase,premium,0.38
449,Samsonite Colombian Leather Flapover,Bags,Laptop Bags,Samsonite,129.12,3.5,0,,/images/products/backpack1.png,Premium laptop bags by Samsonite. The Samsonite Colombian Leather Flapover features top-tier quality and performance. Perfect for bags enthusiasts.,"bag,office,briefcase,laptop-bag,work,samsonite",High quality|Durable design|Premium materials|Authentic Samsonite product,https://www.amazon.in/s?k=Samsonite%20Colombian%20Leather%20Flapover,https://www.flipkart.com/search?q=Samsonite%20Colombian%20Leather%20Flapover,https://www.myntra.com/Samsonite%20Colombian%20Leather%20Flapover,mid-range,0.69
450,Samsonite Colombian Leather Flapover Ultra,Bags,Laptop Bags,Samsonite,68.12,4.4,0,,/images/products/backpack1.png,Premium laptop bags by Samsonite. The Samsonite Colombian Leather Flapover Ultra features top-tier quality and performance. Perfect for bags enthusiasts.,"laptop-bag,office,bag,work,briefcase,samsonite",High quality|Durable design|Premium materials|Authentic Samsonite product,https://www.amazon.in/s?k=Samsonite%20Colombian%20Leather%20Flapover%20Ultra,https://www.flipkart.com/search?q=Samsonite%20Colombian%20Leather%20Flapover%20Ultra,https://www.myntra.com/Samsonite%20Colombian%20Leather%20Flapover%20Ultra,mid-range,0.18
452,Case Logic Laptop Sleeve Max,Bags,Laptop Bags,Case Logic,138.17,5.0,0,,/images/products/new_dell_xps_13_9300_laptop.jpg,Premium laptop bags by Case Logic. The Case Logic Laptop Sleeve Max features top-tier quality and performance. Perfect for bags enthusiasts.,"briefcase,case logic,bag,laptop-bag,office,work",High quality|Durable design|Premium materials|Authentic Case Logic product,https://www.amazon.in/s?k=Case%20Logic%20Laptop%20Sleeve%20Max,https://www.flipkart.com/search?q=Case%20Logic%20Laptop%20Sleeve%20Max,https://www.myntra.com/Case%20Logic%20Laptop%20Sleeve%20Max,mid-range,0.94
453,Samsonite Colombian Leather Flapover Pro,Bags,Laptop Bags,Samsonite,243.24,3.5,0,,/images/products/backpack1.png,Premium laptop bags by Samsonite. The Samsonite Colombian Leather Flapover Pro features top-tier quality and performance. Perfect for bags enthusiasts.,"office,laptop-bag,samsonite,work,bag,briefcase",High quality|Durable design|Premium materials|Authentic Samsonite product,https://www.amazon.in/s?k=Samsonite%20Colombian%20Leather%20Flapover%20Pro,https://www.flipkart.com/search?q=Samsonite%20Colombian%20Leather%20Flapover%20Pro,https://www.myntra.com/Samsonite%20Colombian%20Leather%20Flapover%20Pro,premium,0.74
456,Incase City Backpack,Bags,Laptop Bags,Incase,287.83,4.6,0,,/images/products/backpack1.png,Premium laptop bags by Incase. The Incase City Backpack features top-tier quality and performance. Perfect for bags enthusiasts.,"work,bag,office,laptop-bag,incase,briefcase",High quality|Durable design|Premium materials|Authentic Incase product,https://www.amazon.in/s?k=Incase%20City%20Backpack,https://www.flipkart.com/search?q=Incase%20City%20Backpack,https://www.myntra.com/Incase%20City%20Backpack,premium,0.2
457,Tomtoc Defender Sleeve,Bags,Laptop Bags,Tomtoc,258.96,4.9,0,,/images/products/backpack1.png,Premium laptop bags by Tomtoc. The Tomtoc Defender Sleeve features top-tier quality and performance. Perfect for bags enthusiasts.,"work,briefcase,tomtoc,laptop-bag,office,bag",High quality|Durable design|Premium materials|Authentic Tomtoc product,https://www.amazon.in/s?k=Tomtoc%20Defender%20Sleeve,https://www.flipkart.com/search?q=Tomtoc%20Defender%20Sleeve,https://www.myntra.com/Tomtoc%20Defender%20Sleeve,premium,0.46
458,Tomtoc Defender Sleeve Edition,Bags,Laptop Bags,Tomtoc,298.22,5.0,0,,/images/products/backpack1.png,Premium laptop bags by Tomtoc. The Tomtoc Defender Sleeve Edition features top-tier quality and performance. Perfect for bags enthusiasts.,"briefcase,bag,laptop-bag,tomtoc,office,work",High quality|Durable design|Premium materials|Authentic Tomtoc product,https://www.amazon.in/s?k=Tomtoc%20Defender%20Sleeve%20Edition,https://www.flipkart.com/search?q=Tomtoc%20Defender%20Sleeve%20Edition,https://www.myntra.com/Tomtoc%20Defender%20Sleeve%20Edition,premium,0.25
459,Case Logic Laptop Sleeve,Bags,Laptop Bags,Case Logic,83.91,4.5,0,,/images/products/asus_zenbook_pro_dual_screen_laptop.jpg,Premium laptop bags by Case Logic. The Case Logic Laptop Sleeve features top-tier quality and performance. Perfect for bags enthusiasts.,"case logic,laptop-bag,work,bag,briefcase,office",High quality|Durable design|Premium materials|Authentic Case Logic product,https://www.amazon.in/s?k=Case%20Logic%20Laptop%20Sleeve,https://www.flipkart.com/search?q=Case%20Logic%20Laptop%20Sleeve,https://www.myntra.com/Case%20Logic%20Laptop%20Sleeve,mid-range,0.72
460,Case Logic Laptop Sleeve Elite,Bags,Laptop Bags,Case Logic,266.74,4.0,0,,/images/products/laptop_v1.png,Premium laptop bags by Case Logic. The Case Logic Laptop Sleeve Elite features top-tier quality and performance. Perfect for bags enthusiasts.,"case logic,work,office,laptop-bag,bag,briefcase",High quality|Durable design|Premium materials|Authentic Case Logic product,https://www.amazon.in/s?k=Case%20Logic%20Laptop%20Sleeve%20Elite,https://www.flipkart.com/search?q=Case%20Logic%20Laptop%20Sleeve%20Elite,https://www.myntra.com/Case%20Logic%20Laptop%20Sleeve%20Elite,premium,0.97
462,Adidas Defender Duffel,Bags,Duffel Bags,Adidas,59.03,4.4,0,,/images/products/backpack1.png,Premium duffel bags by Adidas. The Adidas Defender Duffel features top-tier quality and performance. Perfect for bags enthusiasts.,"bag,adidas,travel,gym,weekend,duffel",High quality|Durable design|Premium materials|Authentic Adidas product,https://www.amazon.in/s?k=Adidas%20Defender%20Duffel,https://www.flipkart.com/search?q=Adidas%20Defender%20Duffel,https://www.myntra.com/Adidas%20Defender%20Duffel,mid-range,0.13
463,Adidas Defender Duffel V2,Bags,Duffel Bags,Adidas,291.83,3.9,0,,/images/products/white_faux_leather_backpack.jpg,Premium duffel bags by Adidas. The Adidas Defender Duffel V2 features top-tier quality and performance. Perfect for bags enthusiasts.,"bag,gym,duffel,adidas,weekend,travel",High quality|Durable design|Premium materials|Authentic Adidas product,https://www.amazon.in/s?k=Adidas%20Defender%20Duffel%20V2,https://www.flipkart.com/search?q=Adidas%20Defender%20Duffel%20V2,https://www.myntra.com/Adidas%20Defender%20Duffel%20V2,premium,0.93
464,Nike Brasilia Duffel Pro,Bags,Duffel Bags,Nike,220.37,4.6,0,,/images/products/timbuk2_classic_messenger_bag_jet_black.jpg,Premium duffel bags by Nike. The Nike Brasilia Duffel Pro features top-tier quality and performance. Perfect for bags enthusiasts.,"nike,travel,duffel,gym,bag,weekend",High quality|Durable design|Premium materials|Authentic Nike product,https://www.amazon.in/s?k=Nike%20Brasilia%20Duffel%20Pro,https://www.flipkart.com/search?q=Nike%20Brasilia%20Duffel%20Pro,https://www.myntra.com/Nike%20Brasilia%20Duffel%20Pro,premium,0.5
468,Herschel Novel Duffel Plus,Bags,Duffel Bags,Herschel,203.65,4.6,0,,/images/products/backpack1.png,Premium duffel bags by Herschel. The Herschel Novel Duffel Plus features top-tier quality and performance. Perfect for bags enthusiasts.,"duffel,weekend,travel,gym,bag,herschel",High quality|Durable design|Premium materials|Authentic Herschel product,https://www.amazon.in/s?k=Herschel%20Novel%20Duffel%20Plus,https://www.flipkart.com/search?q=Herschel%20Novel%20Duffel%20Plus,https://www.myntra.com/Herschel%20Novel%20Duffel%20Plus,premium,0.87
470,Nike Brasilia Duffel,Bags,Duffel Bags,Nike,296.49,5.0,0,,/images/products/timbuk2_classic_messenger_bag_jet_black.jpg,Premium duffel bags by Nike. The Nike Brasilia Duffel features top-tier quality and performance. Perfect for bags enthusiasts.,"weekend,nike,bag,gym,travel,duffel",High quality|Durable design|Premium materials|Authentic Nike product,https://www.amazon.in/s?k=Nike%20Brasilia%20Duffel,https://www.flipkart.com/search?q=Nike%20Brasilia%20Duffel,https://www.myntra.com/Nike%20Brasilia%20Duffel,premium,0.43
471,Nike Brasilia Duffel Edition,Bags,Duffel Bags,Nike,26.89,4.6,0,,/images/products/backpack1.png,Premium duffel bags by Nike. The Nike Brasilia Duffel Edition features top-tier quality and performance. Perfect for bags enthusiasts.,"bag,gym,travel,nike,weekend,duffel",High quality|Durable design|Premium materials|Authentic Nike product,https://www.amazon.in/s?k=Nike%20Brasilia%20Duffel%20Edition,https://www.flipkart.com/search?q=Nike%20Brasilia%20Duffel%20Edition,https://www.myntra.com/Nike%20Brasilia%20Duffel%20Edition,budget,0.7
475,Herschel Novel Duffel,Bags,Duffel Bags,Herschel,253.48,4.0,0,,/images/products/white_faux_leather_backpack.jpg,Premium duffel bags by Herschel. The Herschel Novel Duffel features top-tier quality and performance. Perfect for bags enthusiasts.,"weekend,herschel,gym,bag,duffel,travel",High quality|Durable design|Premium materials|Authentic Herschel product,https://www.amazon.in/s?k=Herschel%20Novel%20Duffel,https://www.flipkart.com/search?q=Herschel%20Novel%20Duffel,https://www.myntra.com/Herschel%20Novel%20Duffel,premium,0.73
476,Patagonia Black Hole Duffel,Bags,Duffel Bags,Patagonia,82.2,3.9,0,,/images/products/timbuk2_classic_messenger_bag_jet_black.jpg,Premium duffel bags by Patagonia. The Patagonia Black Hole Duffel features top-tier quality and performance. Perfect for bags enthusiasts.,"bag,patagonia,travel,gym,weekend,duffel",High quality|Durable design|Premium materials|Authentic Patagonia product,https://www.amazon.in/s?k=Patagonia%20Black%20Hole%20Duffel,https://www.flipkart.com/search?q=Patagonia%20Black%20Hole%20Duffel,https://www.myntra.com/Patagonia%20Black%20Hole%20Duffel,mid-range,0.29
478,Under Armour Undeniable 5.0,Bags,Duffel Bags,Under Armour,28.15,4.6,0,,/images/products/backpack1.png,Premium duffel bags by Under Armour. The Under Armour Undeniable 5.0 features top-tier quality and performance. Perfect for bags enthusiasts.,"travel,duffel,under armour,gym,weekend,bag",High quality|Durable design|Premium materials|Authentic Under Armour product,https://www.amazon.in/s?k=Under%20Armour%20Undeniable%205.0,https://www.flipkart.com/search?q=Under%20Armour%20Undeniable%205.0,https://www.myntra.com/Under%20Armour%20Undeniable%205.0,budget,0.52
479,Under Armour Undeniable 5.0 Elite,Bags,Duffel Bags,Under Armour,98.69,4.9,0,,/images/products/backpack1.png,Premium duffel bags by Under Armour. The Under Armour Undeniable 5.0 Elite features top-tier quality and performance. Perfect for bags enthusiasts.,"under armour,duffel,weekend,bag,travel,gym",High quality|Durable design|Premium materials|Authentic Under Armour product,https://www.amazon.in/s?k=Under%20Armour%20Undeniable%205.0%20Elite,https://www.flipkart.com/search?q=Under%20Armour%20Undeniable%205.0%20Elite,https://www.myntra.com/Under%20Armour%20Undeniable%205.0%20Elite,mid-range,0.26
480,Adidas Defender Duffel Ultra,Bags,Duffel Bags,Adidas,151.12,3.8,0,,/images/products/backpack1.png,Premium duffel bags by Adidas. The Adidas Defender Duffel Ultra features top-tier quality and performance. Perfect for bags enthusiasts.,"bag,weekend,duffel,adidas,travel,gym",High quality|Durable design|Premium materials|Authentic Adidas product,https://www.amazon.in/s?k=Adidas%20Defender%20Duffel%20Ultra,https://www.flipkart.com/search?q=Adidas%20Defender%20Duffel%20Ultra,https://www.myntra.com/Adidas%20Defender%20Duffel%20Ultra,mid-range,0.98
481,Fossil Grant Chronograph Pro,Accessories,Watches,Fossil,123.75,4.6,0,,/images/products/rolex_submariner_watch.jpg,Premium watches by Fossil. The Fossil Grant Chronograph Pro features top-tier quality and performance. Perfect for accessories enthusiasts.,"wrist,fossil,timepiece,accessory,analog,watch",High quality|Durable design|Premium materials|Authentic Fossil product,https://www.amazon.in/s?k=Fossil%20Grant%20Chronograph%20Pro,https://www.flipkart.com/search?q=Fossil%20Grant%20Chronograph%20Pro,https://www.myntra.com/Fossil%20Grant%20Chronograph%20Pro,mid-range,0.6
483,Tissot PRX Powermatic 80 Ultra,Accessories,Watches,Tissot,27.34,5.0,0,,/images/products/noise_colorfit_pro_4_advanced_bluetooth_calling_smart.jpg,Premium watches by Tissot. The Tissot PRX Powermatic 80 Ultra features top-tier quality and performance. Perfect for accessories enthusiasts.,"wrist,watch,accessory,analog,tissot,timepiece",High quality|Durable design|Premium materials|Authentic Tissot product,https://www.amazon.in/s?k=Tissot%20PRX%20Powermatic%2080%20Ultra,https://www.flipkart.com/search?q=Tissot%20PRX%20Powermatic%2080%20Ultra,https://www.myntra.com/Tissot%20PRX%20Powermatic%2080%20Ultra,budget,0.31
487,Citizen Eco-Drive Promaster Ultra,Accessories,Watches,Citizen,32.05,3.9,0,,/images/products/rolex_submariner.png,Premium watches by Citizen. The Citizen Eco-Drive Promaster Ultra features top-tier quality and performance. Perfect for accessories enthusiasts.,"analog,wrist,watch,citizen,accessory,timepiece",High quality|Durable design|Premium materials|Authentic Citizen product,https://www.amazon.in/s?k=Citizen%20Eco-Drive%20Promaster%20Ultra,https://www.flipkart.com/search?q=Citizen%20Eco-Drive%20Promaster%20Ultra,https://www.myntra.com/Citizen%20Eco-Drive%20Promaster%20Ultra,budget,0.74
491,Citizen Eco-Drive Promaster,Accessories,Watches,Citizen,48.15,3.6,0,,/images/products/rolex_submariner.png,Premium watches by Citizen. The Citizen Eco-Drive Promaster features top-tier quality and performance. Perfect for accessories enthusiasts.,"wrist,citizen,timepiece,accessory,analog,watch",High quality|Durable design|Premium materials|Authentic Citizen product,https://www.amazon.in/s?k=Citizen%20Eco-Drive%20Promaster,https://www.flipkart.com/search?q=Citizen%20Eco-Drive%20Promaster,https://www.myntra.com/Citizen%20Eco-Drive%20Promaster,budget,0.45
495,Casio G-Shock Classic Ultra,Accessories,Watches,Casio,186.49,4.1,0,,/images/products/noise_colorfit_pro_4_advanced_bluetooth_calling_smart.jpg,Premium watches by Casio. The Casio G-Shock Classic Ultra features top-tier quality and performance. Perfect for accessories enthusiasts.,"wrist,casio,analog,accessory,watch,timepiece",High quality|Durable design|Premium materials|Authentic Casio product,https://www.amazon.in/s?k=Casio%20G-Shock%20Classic%20Ultra,https://www.flipkart.com/search?q=Casio%20G-Shock%20Classic%20Ultra,https://www.myntra.com/Casio%20G-Shock%20Classic%20Ultra,mid-range,0.41
497,Casio G-Shock Classic Edition,Accessories,Watches,Casio,107.28,3.8,0,,/images/products/rolex_submariner_watch.jpg,Premium watches by Casio. The Casio G-Shock Classic Edition features top-tier quality and performance. Perfect for accessories enthusiasts.,"wrist,casio,accessory,timepiece,watch,analog",High quality|Durable design|Premium materials|Authentic Casio product,https://www.amazon.in/s?k=Casio%20G-Shock%20Classic%20Edition,https://www.flipkart.com/search?q=Casio%20G-Shock%20Classic%20Edition,https://www.myntra.com/Casio%20G-Shock%20Classic%20Edition,mid-range,0.58
498,Casio G-Shock Classic Pro,Accessories,Watches,Casio,76.39,3.9,0,,/images/products/boat_wave_call_smart_watch.jpg,Premium watches by Casio. The Casio G-Shock Classic Pro features top-tier quality and performance. Perfect for accessories enthusiasts.,"casio,wrist,timepiece,analog,watch,accessory",High quality|Durable design|Premium materials|Authentic Casio product,https://www.amazon.in/s?k=Casio%20G-Shock%20Classic%20Pro,https://www.flipkart.com/search?q=Casio%20G-Shock%20Classic%20Pro,https://www.myntra.com/Casio%20G-Shock%20Classic%20Pro,mid-range,0.71
499,Fossil Grant Chronograph,Accessories,Watches,Fossil,155.26,4.5,0,,/images/products/noise_colorfit_pro_4_advanced_bluetooth_calling_smart.jpg,Premium watches by Fossil. The Fossil Grant Chronograph features top-tier quality and performance. Perfect for accessories enthusiasts.,"analog,wrist,accessory,timepiece,watch,fossil",High quality|Durable design|Premium materials|Authentic Fossil product,https://www.amazon.in/s?k=Fossil%20Grant%20Chronograph,https://www.flipkart.com/search?q=Fossil%20Grant%20Chronograph,https://www.myntra.com/Fossil%20Grant%20Chronograph,mid-range,0.8
501,Fossil Grant Chronograph Plus,Accessories,Watches,Fossil,137.11,4.4,0,,/images/products/rolex_submariner_watch.jpg,Premium watches by Fossil. The Fossil Grant Chronograph Plus features top-tier quality and performance. Perfect for accessories enthusiasts.,"wrist,watch,analog,fossil,accessory,timepiece",High quality|Durable design|Premium materials|Authentic Fossil product,https://www.amazon.in/s?k=Fossil%20Grant%20Chronograph%20Plus,https://www.flipkart.com/search?q=Fossil%20Grant%20Chronograph%20Plus,https://www.myntra.com/Fossil%20Grant%20Chronograph%20Plus,mid-range,0.17
502,Tissot PRX Powermatic 80,Accessories,Watches,Tissot,51.71,5.0,0,,/images/products/boat_wave_call_smart_watch.jpg,Premium watches by Tissot. The Tissot PRX Powermatic 80 features top-tier quality and performance. Perfect for accessories enthusiasts.,"timepiece,accessory,wrist,analog,tissot,watch",High quality|Durable design|Premium materials|Authentic Tissot product,https://www.amazon.in/s?k=Tissot%20PRX%20Powermatic%2080,https://www.flipkart.com/search?q=Tissot%20PRX%20Powermatic%2080,https://www.myntra.com/Tissot%20PRX%20Powermatic%2080,mid-range,0.56
503,Casio G-Shock Classic,Accessories,Watches,Casio,126.25,4.4,0,,/images/products/noise_colorfit_pro_4_advanced_bluetooth_calling_smart.jpg,Premium watches by Casio. The Casio G-Shock Classic features top-tier quality and performance. Perfect for accessories enthusiasts.,"casio,timepiece,analog,watch,accessory,wrist",High quality|Durable design|Premium materials|Authentic Casio product,https://www.amazon.in/s?k=Casio%20G-Shock%20Classic,https://www.flipkart.com/search?q=Casio%20G-Shock%20Classic,https://www.myntra.com/Casio%20G-Shock%20Classic,mid-range,0.48
504,Seiko 5 Sports Automatic,Accessories,Watches,Seiko,167.74,4.6,0,,/images/products/rolex_submariner.png,Premium watches by Seiko. The Seiko 5 Sports Automatic features top-tier quality and performance. Perfect for accessories enthusiasts.,"analog,accessory,timepiece,wrist,watch,seiko",High quality|Durable design|Premium materials|Authentic Seiko product,https://www.amazon.in/s?k=Seiko%205%20Sports%20Automatic,https://www.flipkart.com/search?q=Seiko%205%20Sports%20Automatic,https://www.myntra.com/Seiko%205%20Sports%20Automatic,mid-range,0.94
505,Seiko 5 Sports Automatic Pro,Accessories,Watches,Seiko,102.18,4.0,0,,/images/products/rolex_submariner.png,Premium watches by Seiko. The Seiko 5 Sports Automatic Pro features top-tier quality and performance. Perfect for accessories enthusiasts.,"seiko,wrist,timepiece,accessory,watch,analog",High quality|Durable design|Premium materials|Authentic Seiko product,https://www.amazon.in/s?k=Seiko%205%20Sports%20Automatic%20Pro,https://www.flipkart.com/search?q=Seiko%205%20Sports%20Automatic%20Pro,https://www.myntra.com/Seiko%205%20Sports%20Automatic%20Pro,mid-range,0.94
506,Ray-Ban Classic Wayfarer V2,Accessories,Sunglasses,Ray-Ban,62.28,4.7,0,,/images/products/classic_sun_glasses.jpg,Premium sunglasses by Ray-Ban. The Ray-Ban Classic Wayfarer V2 features top-tier quality and performance. Perfect for accessories enthusiasts.,"eyewear,accessory,uv-protection,ray-ban,summer,sunglasses",High quality|Durable design|Premium materials|Authentic Ray-Ban product,https://www.amazon.in/s?k=Ray-Ban%20Classic%20Wayfarer%20V2,https://www.flipkart.com/search?q=Ray-Ban%20Classic%20Wayfarer%20V2,https://www.myntra.com/Ray-Ban%20Classic%20Wayfarer%20V2,mid-range,0.73
508,Oakley Holbrook Edition,Accessories,Sunglasses,Oakley,182.32,3.9,0,,/images/products/rolex_submariner.png,Premium sunglasses by Oakley. The Oakley Holbrook Edition features top-tier quality and performance. Perfect for accessories enthusiasts.,"uv-protection,sunglasses,summer,oakley,accessory,eyewear",High quality|Durable design|Premium materials|Authentic Oakley product,https://www.amazon.in/s?k=Oakley%20Holbrook%20Edition,https://www.flipkart.com/search?q=Oakley%20Holbrook%20Edition,https://www.myntra.com/Oakley%20Holbrook%20Edition,mid-range,0.37
509,Prada Linea Rossa V2,Accessories,Sunglasses,Prada,18.68,4.1,0,,/images/products/rolex_submariner.png,Premium sunglasses by Prada. The Prada Linea Rossa V2 features top-tier quality and performance. Perfect for accessories enthusiasts.,"summer,eyewear,prada,sunglasses,accessory,uv-protection",High quality|Durable design|Premium materials|Authentic Prada product,https://www.amazon.in/s?k=Prada%20Linea%20Rossa%20V2,https://www.flipkart.com/search?q=Prada%20Linea%20Rossa%20V2,https://www.myntra.com/Prada%20Linea%20Rossa%20V2,budget,0.14
511,Ray-Ban Classic Wayfarer,Accessories,Sunglasses,Ray-Ban,178.59,3.6,0,,/images/products/black_sun_glasses.jpg,Premium sunglasses by Ray-Ban. The Ray-Ban Classic Wayfarer features top-tier quality and performance. Perfect for accessories enthusiasts.,"uv-protection,ray-ban,eyewear,sunglasses,accessory,summer",High quality|Durable design|Premium materials|Authentic Ray-Ban product,https://www.amazon.in/s?k=Ray-Ban%20Classic%20Wayfarer,https://www.flipkart.com/search?q=Ray-Ban%20Classic%20Wayfarer,https://www.myntra.com/Ray-Ban%20Classic%20Wayfarer,mid-range,0.97
513,Maui Jim Peahi Polarized Ultra,Accessories,Sunglasses,Maui Jim,133.13,4.4,0,,/images/products/rolex_submariner.png,Premium sunglasses by Maui Jim. The Maui Jim Peahi Polarized Ultra features top-tier quality and performance. Perfect for accessories enthusiasts.,"eyewear,sunglasses,maui jim,summer,accessory,uv-protection",High quality|Durable design|Premium materials|Authentic Maui Jim product,https://www.amazon.in/s?k=Maui%20Jim%20Peahi%20Polarized%20Ultra,https://www.flipkart.com/search?q=Maui%20Jim%20Peahi%20Polarized%20Ultra,https://www.myntra.com/Maui%20Jim%20Peahi%20Polarized%20Ultra,mid-range,0.57
521,Maui Jim Peahi Polarized Pro,Accessories,Sunglasses,Maui Jim,118.92,4.1,0,,/images/products/rolex_submariner.png,Premium sunglasses by Maui Jim. The Maui Jim Peahi Polarized Pro features top-tier quality and performance. Perfect for accessories enthusiasts.,"uv-protection,sunglasses,summer,eyewear,maui jim,accessory",High quality|Durable design|Premium materials|Authentic Maui Jim product,https://www.amazon.in/s?k=Maui%20Jim%20Peahi%20Polarized%20Pro,https://www.flipkart.com/search?q=Maui%20Jim%20Peahi%20Polarized%20Pro,https://www.myntra.com/Maui%20Jim%20Peahi%20Polarized%20Pro,mid-range,0.75
522,Oakley Holbrook Max,Accessories,Sunglasses,Oakley,198.69,4.8,0,,/images/products/rolex_submariner.png,Premium sunglasses by Oakley. The Oakley Holbrook Max features top-tier quality and performance. Perfect for accessories enthusiasts.,"summer,uv-protection,oakley,sunglasses,eyewear,accessory",High quality|Durable design|Premium materials|Authentic Oakley product,https://www.amazon.in/s?k=Oakley%20Holbrook%20Max,https://www.flipkart.com/search?q=Oakley%20Holbrook%20Max,https://www.myntra.com/Oakley%20Holbrook%20Max,mid-range,0.58
523,Persol 714 Folding V2,Accessories,Sunglasses,Persol,172.46,4.5,0,,/images/products/rolex_submariner.png,Premium sunglasses by Persol. The Persol 714 Folding V2 features top-tier quality and performance. Perfect for accessories enthusiasts.,"summer,persol,accessory,eyewear,uv-protection,sunglasses",High quality|Durable design|Premium materials|Authentic Persol product,https://www.amazon.in/s?k=Persol%20714%20Folding%20V2,https://www.flipkart.com/search?q=Persol%20714%20Folding%20V2,https://www.myntra.com/Persol%20714%20Folding%20V2,mid-range,0.98
524,Oakley Holbrook,Accessories,Sunglasses,Oakley,82.98,4.4,0,,/images/products/rolex_submariner.png,Premium sunglasses by Oakley. The Oakley Holbrook features top-tier quality and performance. Perfect for accessories enthusiasts.,"sunglasses,accessory,oakley,uv-protection,eyewear,summer",High quality|Durable design|Premium materials|Authentic Oakley product,https://www.amazon.in/s?k=Oakley%20Holbrook,https://www.flipkart.com/search?q=Oakley%20Holbrook,https://www.myntra.com/Oakley%20Holbrook,mid-range,0.27
525,Prada Linea Rossa,Accessories,Sunglasses,Prada,160.86,4.0,0,,/images/products/rolex_submariner.png,Premium sunglasses by Prada. The Prada Linea Rossa features top-tier quality and performance. Perfect for accessories enthusiasts.,"accessory,uv-protection,sunglasses,eyewear,summer,prada",High quality|Durable design|Premium materials|Authentic Prada product,https://www.amazon.in/s?k=Prada%20Linea%20Rossa,https://www.flipkart.com/search?q=Prada%20Linea%20Rossa,https://www.myntra.com/Prada%20Linea%20Rossa,mid-range,0.22
527,Maui Jim Peahi Polarized,Accessories,Sunglasses,Maui Jim,119.43,3.9,0,,/images/products/rolex_submariner.png,Premium sunglasses by Maui Jim. The Maui Jim Peahi Polarized features top-tier quality and performance. Perfect for accessories enthusiasts.,"eyewear,uv-protection,accessory,maui jim,summer,sunglasses",High quality|Durable design|Premium materials|Authentic Maui Jim product,https://www.amazon.in/s?k=Maui%20Jim%20Peahi%20Polarized,https://www.flipkart.com/search?q=Maui%20Jim%20Peahi%20Polarized,https://www.myntra.com/Maui%20Jim%20Peahi%20Polarized,mid-range,0.7
528,Maui Jim Peahi Polarized Elite,Accessories,Sunglasses,Maui Jim,55.5,4.5,0,,/images/products/rolex_submariner.png,Premium sunglasses by Maui Jim. The Maui Jim Peahi Polarized Elite features top-tier quality and performance. Perfect for accessories enthusiasts.,"uv-protection,summer,accessory,maui jim,eyewear,sunglasses",High quality|Durable design|Premium materials|Authentic Maui Jim product,https://www.amazon.in/s?k=Maui%20Jim%20Peahi%20Polarized%20Elite,https://www.flipkart.com/search?q=Maui%20Jim%20Peahi%20Polarized%20Elite,https://www.myntra.com/Maui%20Jim%20Peahi%20Polarized%20Elite,mid-range,0.78
529,Persol 714 Folding,Accessories,Sunglasses,Persol,73.97,4.6,0,,/images/products/rolex_submariner.png,Premium sunglasses by Persol. The Persol 714 Folding features top-tier quality and performance. Perfect for accessories enthusiasts.,"eyewear,persol,accessory,sunglasses,summer,uv-protection",High quality|Durable design|Premium materials|Authentic Persol product,https://www.amazon.in/s?k=Persol%20714%20Folding,https://www.flipkart.com/search?q=Persol%20714%20Folding,https://www.myntra.com/Persol%20714%20Folding,mid-range,0.8
530,Maui Jim Peahi Polarized V2,Accessories,Sunglasses,Maui Jim,191.8,3.5,0,,/images/products/rolex_submariner.png,Premium sunglasses by Maui Jim. The Maui Jim Peahi Polarized V2 features top-tier quality and performance. Perfect for accessories enthusiasts.,"uv-protection,accessory,maui jim,sunglasses,summer,eyewear",High quality|Durable design|Premium materials|Authentic Maui Jim product,https://www.amazon.in/s?k=Maui%20Jim%20Peahi%20Polarized%20V2,https://www.flipkart.com/search?q=Maui%20Jim%20Peahi%20Polarized%20V2,https://www.myntra.com/Maui%20Jim%20Peahi%20Polarized%20V2,mid-range,0.37
535,Tommy Hilfiger Leather Passcase Edition,Accessories,Wallets,Tommy Hilfiger,176.72,4.5,0,,/images/products/wallet_v2.png,Premium wallets by Tommy Hilfiger. The Tommy Hilfiger Leather Passcase Edition features top-tier quality and performance. Perfect for accessories enthusiasts.,"wallet,leather,rfid,accessory,tommy hilfiger,slim",High quality|Durable design|Premium materials|Authentic Tommy Hilfiger product,https://www.amazon.in/s?k=Tommy%20Hilfiger%20Leather%20Passcase%20Edition,https://www.flipkart.com/search?q=Tommy%20Hilfiger%20Leather%20Passcase%20Edition,https://www.myntra.com/Tommy%20Hilfiger%20Leather%20Passcase%20Edition,mid-range,0.64
540,Fossil Derrick Bifold,Accessories,Wallets,Fossil,32.04,3.7,0,,/images/products/wallet1.png,Premium wallets by Fossil. The Fossil Derrick Bifold features top-tier quality and performance. Perfect for accessories enthusiasts.,"rfid,fossil,leather,accessory,wallet,slim",High quality|Durable design|Premium materials|Authentic Fossil product,https://www.amazon.in/s?k=Fossil%20Derrick%20Bifold,https://www.flipkart.com/search?q=Fossil%20Derrick%20Bifold,https://www.myntra.com/Fossil%20Derrick%20Bifold,budget,0.36
542,Bellroy Note Sleeve Edition,Accessories,Wallets,Bellroy,92.93,4.0,0,,/images/products/rolex_submariner.png,Premium wallets by Bellroy. The Bellroy Note Sleeve Edition features top-tier quality and performance. Perfect for accessories enthusiasts.,"accessory,wallet,slim,bellroy,rfid,leather",High quality|Durable design|Premium materials|Authentic Bellroy product,https://www.amazon.in/s?k=Bellroy%20Note%20Sleeve%20Edition,https://www.flipkart.com/search?q=Bellroy%20Note%20Sleeve%20Edition,https://www.myntra.com/Bellroy%20Note%20Sleeve%20Edition,mid-range,0.84
546,Fossil Derrick Bifold Max,Accessories,Wallets,Fossil,37.61,4.4,0,,/images/products/wallet1.png,Premium wallets by Fossil. The Fossil Derrick Bifold Max features top-tier quality and performance. Perfect for accessories enthusiasts.,"rfid,leather,accessory,wallet,slim,fossil",High quality|Durable design|Premium materials|Authentic Fossil product,https://www.amazon.in/s?k=Fossil%20Derrick%20Bifold%20Max,https://www.flipkart.com/search?q=Fossil%20Derrick%20Bifold%20Max,https://www.myntra.com/Fossil%20Derrick%20Bifold%20Max,budget,0.5
547,Timberland Hunter Trifold Elite,Accessories,Wallets,Timberland,83.55,3.8,0,,/images/products/wallet_v2.png,Premium wallets by Timberland. The Timberland Hunter Trifold Elite features top-tier quality and performance. Perfect for accessories enthusiasts.,"timberland,rfid,accessory,slim,wallet,leather",High quality|Durable design|Premium materials|Authentic Timberland product,https://www.amazon.in/s?k=Timberland%20Hunter%20Trifold%20Elite,https://www.flipkart.com/search?q=Timberland%20Hunter%20Trifold%20Elite,https://www.myntra.com/Timberland%20Hunter%20Trifold%20Elite,mid-range,0.64
548,Secrid Slim Wallet,Accessories,Wallets,Secrid,39.4,3.8,0,,/images/products/wallet1.png,Premium wallets by Secrid. The Secrid Slim Wallet features top-tier quality and performance. Perfect for accessories enthusiasts.,"rfid,wallet,leather,accessory,slim,secrid",High quality|Durable design|Premium materials|Authentic Secrid product,https://www.amazon.in/s?k=Secrid%20Slim%20Wallet,https://www.flipkart.com/search?q=Secrid%20Slim%20Wallet,https://www.myntra.com/Secrid%20Slim%20Wallet,budget,0.76
549,Tommy Hilfiger Leather Passcase,Accessories,Wallets,Tommy Hilfiger,35.12,4.2,0,,/images/products/wallet_v2.png,Premium wallets by Tommy Hilfiger. The Tommy Hilfiger Leather Passcase features top-tier quality and performance. Perfect for accessories enthusiasts.,"slim,wallet,rfid,accessory,tommy hilfiger,leather",High quality|Durable design|Premium materials|Authentic Tommy Hilfiger product,https://www.amazon.in/s?k=Tommy%20Hilfiger%20Leather%20Passcase,https://www.flipkart.com/search?q=Tommy%20Hilfiger%20Leather%20Passcase,https://www.myntra.com/Tommy%20Hilfiger%20Leather%20Passcase,budget,0.63
551,Timberland Hunter Trifold Max,Accessories,Wallets,Timberland,124.83,5.0,0,,/images/products/wallet_v2.png,Premium wallets by Timberland. The Timberland Hunter Trifold Max features top-tier quality and performance. Perfect for accessories enthusiasts.,"accessory,slim,timberland,rfid,wallet,leather",High quality|Durable design|Premium materials|Authentic Timberland product,https://www.amazon.in/s?k=Timberland%20Hunter%20Trifold%20Max,https://www.flipkart.com/search?q=Timberland%20Hunter%20Trifold%20Max,https://www.myntra.com/Timberland%20Hunter%20Trifold%20Max,mid-range,0.53
553,Secrid Slim Wallet V2,Accessories,Wallets,Secrid,54.12,4.0,0,,/images/products/wallet_v2.png,Premium wallets by Secrid. The Secrid Slim Wallet V2 features top-tier quality and performance. Perfect for accessories enthusiasts.,"secrid,wallet,accessory,rfid,slim,leather",High quality|Durable design|Premium materials|Authentic Secrid product,https://www.amazon.in/s?k=Secrid%20Slim%20Wallet%20V2,https://www.flipkart.com/search?q=Secrid%20Slim%20Wallet%20V2,https://www.myntra.com/Secrid%20Slim%20Wallet%20V2,mid-range,0.65
554,Bellroy Note Sleeve,Accessories,Wallets,Bellroy,69.19,4.9,0,,/images/products/rolex_submariner.png,Premium wallets by Bellroy. The Bellroy Note Sleeve features top-tier quality and performance. Perfect for accessories enthusiasts.,"slim,leather,bellroy,wallet,accessory,rfid",High quality|Durable design|Premium materials|Authentic Bellroy product,https://www.amazon.in/s?k=Bellroy%20Note%20Sleeve,https://www.flipkart.com/search?q=Bellroy%20Note%20Sleeve,https://www.myntra.com/Bellroy%20Note%20Sleeve,mid-range,0.52
555,Timberland Hunter Trifold,Accessories,Wallets,Timberland,102.0,3.6,0,,/images/products/wallet_v2.png,Premium wallets by Timberland. The Timberland Hunter Trifold features top-tier quality and performance. Perfect for accessories enthusiasts.,"rfid,accessory,leather,timberland,wallet,slim",High quality|Durable design|Premium materials|Authentic Timberland product,https://www.amazon.in/s?k=Timberland%20Hunter%20Trifold,https://www.flipkart.com/search?q=Timberland%20Hunter%20Trifold,https://www.myntra.com/Timberland%20Hunter%20Trifold,mid-range,0.14
557,Dickies Web Belt Pro,Accessories,Belts,Dickies,38.71,4.2,0,,/images/products/brown_leather_belt_watch.jpg,Premium belts by Dickies. The Dickies Web Belt Pro features top-tier quality and performance. Perfect for accessories enthusiasts.,"leather,dickies,belt,formal,casual,accessory",High quality|Durable design|Premium materials|Authentic Dickies product,https://www.amazon.in/s?k=Dickies%20Web%20Belt%20Pro,https://www.flipkart.com/search?q=Dickies%20Web%20Belt%20Pro,https://www.myntra.com/Dickies%20Web%20Belt%20Pro,budget,0.55
563,Gucci GG Marmont Belt Elite,Accessories,Belts,Gucci,194.92,5.0,0,,/images/products/brown_leather_belt_watch.jpg,Premium belts by Gucci. The Gucci GG Marmont Belt Elite features top-tier quality and performance. Perfect for accessories enthusiasts.,"belt,casual,formal,accessory,gucci,leather",High quality|Durable design|Premium materials|Authentic Gucci product,https://www.amazon.in/s?k=Gucci%20GG%20Marmont%20Belt%20Elite,https://www.flipkart.com/search?q=Gucci%20GG%20Marmont%20Belt%20Elite,https://www.myntra.com/Gucci%20GG%20Marmont%20Belt%20Elite,mid-range,0.32
565,Gucci GG Marmont Belt Max,Accessories,Belts,Gucci,43.44,4.7,0,,/images/products/brown_leather_belt_watch.jpg,Premium belts by Gucci. The Gucci GG Marmont Belt Max features top-tier quality and performance. Perfect for accessories enthusiasts.,"leather,casual,accessory,gucci,belt,formal",High quality|Durable design|Premium materials|Authentic Gucci product,https://www.amazon.in/s?k=Gucci%20GG%20Marmont%20Belt%20Max,https://www.flipkart.com/search?q=Gucci%20GG%20Marmont%20Belt%20Max,https://www.myntra.com/Gucci%20GG%20Marmont%20Belt%20Max,budget,0.28
566,Dickies Web Belt Max,Accessories,Belts,Dickies,12.04,4.0,0,,/images/products/belt1.png,Premium belts by Dickies. The Dickies Web Belt Max features top-tier quality and performance. Perfect for accessories enthusiasts.,"dickies,casual,leather,accessory,formal,belt",High quality|Durable design|Premium materials|Authentic Dickies product,https://www.amazon.in/s?k=Dickies%20Web%20Belt%20Max,https://www.flipkart.com/search?q=Dickies%20Web%20Belt%20Max,https://www.myntra.com/Dickies%20Web%20Belt%20Max,budget,0.14
570,Dickies Web Belt Plus,Accessories,Belts,Dickies,150.14,5.0,0,,/images/products/belt1.png,Premium belts by Dickies. The Dickies Web Belt Plus features top-tier quality and performance. Perfect for accessories enthusiasts.,"accessory,casual,dickies,formal,leather,belt",High quality|Durable design|Premium materials|Authentic Dickies product,https://www.amazon.in/s?k=Dickies%20Web%20Belt%20Plus,https://www.flipkart.com/search?q=Dickies%20Web%20Belt%20Plus,https://www.myntra.com/Dickies%20Web%20Belt%20Plus,mid-range,0.77
574,Tommy Hilfiger Stretch Belt,Accessories,Belts,Tommy Hilfiger,114.9,4.7,0,,/images/products/belt1.png,Premium belts by Tommy Hilfiger. The Tommy Hilfiger Stretch Belt features top-tier quality and performance. Perfect for accessories enthusiasts.,"belt,accessory,tommy hilfiger,formal,leather,casual",High quality|Durable design|Premium materials|Authentic Tommy Hilfiger product,https://www.amazon.in/s?k=Tommy%20Hilfiger%20Stretch%20Belt,https://www.flipkart.com/search?q=Tommy%20Hilfiger%20Stretch%20Belt,https://www.myntra.com/Tommy%20Hilfiger%20Stretch%20Belt,mid-range,0.83
575,Calvin Klein Classic Logo Belt,Accessories,Belts,Calvin Klein,174.09,4.8,0,,/images/products/brown_leather_belt_watch.jpg,Premium belts by Calvin Klein. The Calvin Klein Classic Logo Belt features top-tier quality and performance. Perfect for accessories enthusiasts.,"accessory,calvin klein,belt,casual,formal,leather",High quality|Durable design|Premium materials|Authentic Calvin Klein product,https://www.amazon.in/s?k=Calvin%20Klein%20Classic%20Logo%20Belt,https://www.flipkart.com/search?q=Calvin%20Klein%20Classic%20Logo%20Belt,https://www.myntra.com/Calvin%20Klein%20Classic%20Logo%20Belt,mid-range,0.12
577,Dickies Web Belt,Accessories,Belts,Dickies,59.29,4.8,0,,/images/products/brown_leather_belt_watch.jpg,Premium belts by Dickies. The Dickies Web Belt features top-tier quality and performance. Perfect for accessories enthusiasts.,"formal,belt,leather,accessory,dickies,casual",High quality|Durable design|Premium materials|Authentic Dickies product,https://www.amazon.in/s?k=Dickies%20Web%20Belt,https://www.flipkart.com/search?q=Dickies%20Web%20Belt,https://www.myntra.com/Dickies%20Web%20Belt,mid-range,0.52
578,Levi's Reversible Leather Belt,Accessories,Belts,Levi's,55.82,5.0,0,,/images/products/belt1.png,Premium belts by Levi's. The Levi's Reversible Leather Belt features top-tier quality and performance. Perfect for accessories enthusiasts.,"casual,leather,accessory,levi's,belt,formal",High quality|Durable design|Premium materials|Authentic Levi's product,https://www.amazon.in/s?k=Levi%27s%20Reversible%20Leather%20Belt,https://www.flipkart.com/search?q=Levi%27s%20Reversible%20Leather%20Belt,https://www.myntra.com/Levi%27s%20Reversible%20Leather%20Belt,mid-range,0.28
580,Gucci GG Marmont Belt,Accessories,Belts,Gucci,134.15,3.8,0,,/images/products/belt1.png,Premium belts by Gucci. The Gucci GG Marmont Belt features top-tier quality and performance. Perfect for accessories enthusiasts.,"accessory,casual,formal,belt,gucci,leather",High quality|Durable design|Premium materials|Authentic Gucci product,https://www.amazon.in/s?k=Gucci%20GG%20Marmont%20Belt,https://www.flipkart.com/search?q=Gucci%20GG%20Marmont%20Belt,https://www.myntra.com/Gucci%20GG%20Marmont%20Belt,mid-range,0.64
582,Bowflex SelectTech 552 Max,Fitness,Dumbbells,Bowflex,13.06,4.1,0,,/images/products/foamroller1.png,Premium dumbbells by Bowflex. The Bowflex SelectTech 552 Max features top-tier quality and performance. Perfect for fitness enthusiasts.,"fitness,dumbbells,strength,bowflex,home-gym,weights",High quality|Durable design|Premium materials|Authentic Bowflex product,https://www.amazon.in/s?k=Bowflex%20SelectTech%20552%20Max,https://www.flipkart.com/search?q=Bowflex%20SelectTech%20552%20Max,,budget,0.27
587,Yes4All Adjustable Dumbbells Plus,Fitness,Dumbbells,Yes4All,19.81,4.6,0,,/images/products/dumbbell_v2.png,Premium dumbbells by Yes4All. The Yes4All Adjustable Dumbbells Plus features top-tier quality and performance. Perfect for fitness enthusiasts.,"fitness,dumbbells,home-gym,yes4all,strength,weights",High quality|Durable design|Premium materials|Authentic Yes4All product,https://www.amazon.in/s?k=Yes4All%20Adjustable%20Dumbbells%20Plus,https://www.flipkart.com/search?q=Yes4All%20Adjustable%20Dumbbells%20Plus,,budget,0.57
591,CAP Barbell Hex Dumbbell Set,Fitness,Dumbbells,CAP Barbell,99.18,4.8,0,,/images/products/dumbbell_v2.png,Premium dumbbells by CAP Barbell. The CAP Barbell Hex Dumbbell Set features top-tier quality and performance. Perfect for fitness enthusiasts.,"cap barbell,weights,fitness,strength,home-gym,dumbbells",High quality|Durable design|Premium materials|Authentic CAP Barbell product,https://www.amazon.in/s?k=CAP%20Barbell%20Hex%20Dumbbell%20Set,https://www.flipkart.com/search?q=CAP%20Barbell%20Hex%20Dumbbell%20Set,,mid-range,0.97
592,Rogue Rubber Hex Dumbbells,Fitness,Dumbbells,Rogue,170.44,3.9,0,,/images/products/dumbbell_v1.png,Premium dumbbells by Rogue. The Rogue Rubber Hex Dumbbells features top-tier quality and performance. Perfect for fitness enthusiasts.,"rogue,weights,dumbbells,fitness,home-gym,strength",High quality|Durable design|Premium materials|Authentic Rogue product,https://www.amazon.in/s?k=Rogue%20Rubber%20Hex%20Dumbbells,https://www.flipkart.com/search?q=Rogue%20Rubber%20Hex%20Dumbbells,,mid-range,0.8
593,Yes4All Adjustable Dumbbells Elite,Fitness,Dumbbells,Yes4All,153.62,4.6,0,,/images/products/dumbbell_v2.png,Premium dumbbells by Yes4All. The Yes4All Adjustable Dumbbells Elite features top-tier quality and performance. Perfect for fitness enthusiasts.,"weights,strength,home-gym,fitness,dumbbells,yes4all",High quality|Durable design|Premium materials|Authentic Yes4All product,https://www.amazon.in/s?k=Yes4All%20Adjustable%20Dumbbells%20Elite,https://www.flipkart.com/search?q=Yes4All%20Adjustable%20Dumbbells%20Elite,,mid-range,0.91
594,Yes4All Adjustable Dumbbells,Fitness,Dumbbells,Yes4All,63.43,4.6,0,,/images/products/dumbbell_v1.png,Premium dumbbells by Yes4All. The Yes4All Adjustable Dumbbells features top-tier quality and performance. Perfect for fitness enthusiasts.,"strength,weights,home-gym,yes4all,fitness,dumbbells",High quality|Durable design|Premium materials|Authentic Yes4All product,https://www.amazon.in/s?k=Yes4All%20Adjustable%20Dumbbells,https://www.flipkart.com/search?q=Yes4All%20Adjustable%20Dumbbells,,mid-range,0.48
595,Bowflex SelectTech 552,Fitness,Dumbbells,Bowflex,44.1,3.9,0,,/images/products/foamroller1.png,Premium dumbbells by Bowflex. The Bowflex SelectTech 552 features top-tier quality and performance. Perfect for fitness enthusiasts.,"strength,fitness,home-gym,weights,dumbbells,bowflex",High quality|Durable design|Premium materials|Authentic Bowflex product,https://www.amazon.in/s?k=Bowflex%20SelectTech%20552,https://www.flipkart.com/search?q=Bowflex%20SelectTech%20552,,budget,0.35
596,Amazon Basics Neoprene Dumbbell,Fitness,Dumbbells,Amazon Basics,182.8,4.4,0,,/images/products/dumbbell_v1.png,Premium dumbbells by Amazon Basics. The Amazon Basics Neoprene Dumbbell features top-tier quality and performance. Perfect for fitness enthusiasts.,"dumbbells,weights,fitness,strength,home-gym,amazon basics",High quality|Durable design|Premium materials|Authentic Amazon Basics product,https://www.amazon.in/s?k=Amazon%20Basics%20Neoprene%20Dumbbell,https://www.flipkart.com/search?q=Amazon%20Basics%20Neoprene%20Dumbbell,,mid-range,0.55
597,Bowflex SelectTech 552 Edition,Fitness,Dumbbells,Bowflex,174.17,3.8,0,,/images/products/foamroller1.png,Premium dumbbells by Bowflex. The Bowflex SelectTech 552 Edition features top-tier quality and performance. Perfect for fitness enthusiasts.,"strength,home-gym,dumbbells,weights,bowflex,fitness",High quality|Durable design|Premium materials|Authentic Bowflex product,https://www.amazon.in/s?k=Bowflex%20SelectTech%20552%20Edition,https://www.flipkart.com/search?q=Bowflex%20SelectTech%20552%20Edition,,mid-range,0.16
598,JadeYoga Harmony Mat V2,Fitness,Yoga Mats,JadeYoga,168.88,4.4,0,,/images/products/foamroller1.png,Premium yoga mats by JadeYoga. The JadeYoga Harmony Mat V2 features top-tier quality and performance. Perfect for fitness enthusiasts.,"fitness,stretching,mat,yoga,pilates,jadeyoga",High quality|Durable design|Premium materials|Authentic JadeYoga product,https://www.amazon.in/s?k=JadeYoga%20Harmony%20Mat%20V2,https://www.flipkart.com/search?q=JadeYoga%20Harmony%20Mat%20V2,,mid-range,0.4
599,Manduka PRO Yoga Mat Ultra,Fitness,Yoga Mats,Manduka,15.48,4.4,0,,/images/products/foamroller1.png,Premium yoga mats by Manduka. The Manduka PRO Yoga Mat Ultra features top-tier quality and performance. Perfect for fitness enthusiasts.,"fitness,pilates,mat,yoga,stretching,manduka",High quality|Durable design|Premium materials|Authentic Manduka product,https://www.amazon.in/s?k=Manduka%20PRO%20Yoga%20Mat%20Ultra,https://www.flipkart.com/search?q=Manduka%20PRO%20Yoga%20Mat%20Ultra,,budget,0.63
603,Lululemon The Reversible Mat Edition,Fitness,Yoga Mats,Lululemon,193.67,3.7,0,,/images/products/foamroller1.png,Premium yoga mats by Lululemon. The Lululemon The Reversible Mat Edition features top-tier quality and performance. Perfect for fitness enthusiasts.,"yoga,lululemon,fitness,mat,stretching,pilates",High quality|Durable design|Premium materials|Authentic Lululemon product,https://www.amazon.in/s?k=Lululemon%20The%20Reversible%20Mat%20Edition,https://www.flipkart.com/search?q=Lululemon%20The%20Reversible%20Mat%20Edition,,mid-range,0.68
604,JadeYoga Harmony Mat Ultra,Fitness,Yoga Mats,JadeYoga,198.73,4.3,0,,/images/products/foamroller1.png,Premium yoga mats by JadeYoga. The JadeYoga Harmony Mat Ultra features top-tier quality and performance. Perfect for fitness enthusiasts.,"fitness,pilates,yoga,stretching,mat,jadeyoga",High quality|Durable design|Premium materials|Authentic JadeYoga product,https://www.amazon.in/s?k=JadeYoga%20Harmony%20Mat%20Ultra,https://www.flipkart.com/search?q=JadeYoga%20Harmony%20Mat%20Ultra,,mid-range,0.23
605,Lululemon The Reversible Mat,Fitness,Yoga Mats,Lululemon,45.25,4.4,0,,/images/products/foamroller1.png,Premium yoga mats by Lululemon. The Lululemon The Reversible Mat features top-tier quality and performance. Perfect for fitness enthusiasts.,"pilates,lululemon,mat,yoga,stretching,fitness",High quality|Durable design|Premium materials|Authentic Lululemon product,https://www.amazon.in/s?k=Lululemon%20The%20Reversible%20Mat,https://www.flipkart.com/search?q=Lululemon%20The%20Reversible%20Mat,,budget,0.15
607,Gaiam Premium Print Mat,Fitness,Yoga Mats,Gaiam,75.32,4.6,0,,/images/products/foamroller1.png,Premium yoga mats by Gaiam. The Gaiam Premium Print Mat features top-tier quality and performance. Perfect for fitness enthusiasts.,"fitness,pilates,stretching,yoga,gaiam,mat",High quality|Durable design|Premium materials|Authentic Gaiam product,https://www.amazon.in/s?k=Gaiam%20Premium%20Print%20Mat,https://www.flipkart.com/search?q=Gaiam%20Premium%20Print%20Mat,,mid-range,0.11
609,Manduka PRO Yoga Mat,Fitness,Yoga Mats,Manduka,154.58,5.0,0,,/images/products/foamroller1.png,Premium yoga mats by Manduka. The Manduka PRO Yoga Mat features top-tier quality and performance. Perfect for fitness enthusiasts.,"stretching,mat,manduka,pilates,fitness,yoga",High quality|Durable design|Premium materials|Authentic Manduka product,https://www.amazon.in/s?k=Manduka%20PRO%20Yoga%20Mat,https://www.flipkart.com/search?q=Manduka%20PRO%20Yoga%20Mat,,mid-range,0.21
610,JadeYoga Harmony Mat Max,Fitness,Yoga Mats,JadeYoga,186.34,4.6,0,,/images/products/foamroller1.png,Premium yoga mats by JadeYoga. The JadeYoga Harmony Mat Max features top-tier quality and performance. Perfect for fitness enthusiasts.,"jadeyoga,stretching,pilates,mat,fitness,yoga",High quality|Durable design|Premium materials|Authentic JadeYoga product,https://www.amazon.in/s?k=JadeYoga%20Harmony%20Mat%20Max,https://www.flipkart.com/search?q=JadeYoga%20Harmony%20Mat%20Max,,mid-range,0.18
611,Alo Yoga Warrior Mat Elite,Fitness,Yoga Mats,Alo Yoga,140.1,4.4,0,,/images/products/foamroller1.png,Premium yoga mats by Alo Yoga. The Alo Yoga Warrior Mat Elite features top-tier quality and performance. Perfect for fitness enthusiasts.,"alo yoga,mat,fitness,stretching,yoga,pilates",High quality|Durable design|Premium materials|Authentic Alo Yoga product,https://www.amazon.in/s?k=Alo%20Yoga%20Warrior%20Mat%20Elite,https://www.flipkart.com/search?q=Alo%20Yoga%20Warrior%20Mat%20Elite,,mid-range,0.57
612,Gaiam Premium Print Mat Max,Fitness,Yoga Mats,Gaiam,161.99,4.4,0,,/images/products/foamroller1.png,Premium yoga mats by Gaiam. The Gaiam Premium Print Mat Max features top-tier quality and performance. Perfect for fitness enthusiasts.,"fitness,mat,gaiam,stretching,yoga,pilates",High quality|Durable design|Premium materials|Authentic Gaiam product,https://www.amazon.in/s?k=Gaiam%20Premium%20Print%20Mat%20Max,https://www.flipkart.com/search?q=Gaiam%20Premium%20Print%20Mat%20Max,,mid-range,0.84
613,Alo Yoga Warrior Mat,Fitness,Yoga Mats,Alo Yoga,14.63,4.6,0,,/images/products/foamroller1.png,Premium yoga mats by Alo Yoga. The Alo Yoga Warrior Mat features top-tier quality and performance. Perfect for fitness enthusiasts.,"stretching,yoga,alo yoga,pilates,fitness,mat",High quality|Durable design|Premium materials|Authentic Alo Yoga product,https://www.amazon.in/s?k=Alo%20Yoga%20Warrior%20Mat,https://www.flipkart.com/search?q=Alo%20Yoga%20Warrior%20Mat,,budget,0.84
614,JadeYoga Harmony Mat,Fitness,Yoga Mats,JadeYoga,75.48,4.6,0,,/images/products/foamroller1.png,Premium yoga mats by JadeYoga. The JadeYoga Harmony Mat features top-tier quality and performance. Perfect for fitness enthusiasts.,"pilates,jadeyoga,fitness,mat,yoga,stretching",High quality|Durable design|Premium materials|Authentic JadeYoga product,https://www.amazon.in/s?k=JadeYoga%20Harmony%20Mat,https://www.flipkart.com/search?q=JadeYoga%20Harmony%20Mat,,mid-range,0.94
617,Undersun Fitness Bands,Fitness,Resistance Bands,Undersun,130.84,3.7,0,,/images/products/resistance_band_v1.png,Premium resistance bands by Undersun. The Undersun Fitness Bands features top-tier quality and performance. Perfect for fitness enthusiasts.,"resistance,fitness,home-gym,workout,bands,undersun",High quality|Durable design|Premium materials|Authentic Undersun product,https://www.amazon.in/s?k=Undersun%20Fitness%20Bands,https://www.flipkart.com/search?q=Undersun%20Fitness%20Bands,,mid-range,0.85
620,Undersun Fitness Bands V2,Fitness,Resistance Bands,Undersun,193.42,3.9,0,,/images/products/resistance_band_v1.png,Premium resistance bands by Undersun. The Undersun Fitness Bands V2 features top-tier quality and performance. Perfect for fitness enthusiasts.,"bands,home-gym,undersun,fitness,workout,resistance",High quality|Durable design|Premium materials|Authentic Undersun product,https://www.amazon.in/s?k=Undersun%20Fitness%20Bands%20V2,https://www.flipkart.com/search?q=Undersun%20Fitness%20Bands%20V2,,mid-range,0.57
621,Undersun Fitness Bands Ultra,Fitness,Resistance Bands,Undersun,123.52,4.3,0,,/images/products/resistance_band_v1.png,Premium resistance bands by Undersun. The Undersun Fitness Bands Ultra features top-tier quality and performance. Perfect for fitness enthusiasts.,"fitness,workout,resistance,bands,home-gym,undersun",High quality|Durable design|Premium materials|Authentic Undersun product,https://www.amazon.in/s?k=Undersun%20Fitness%20Bands%20Ultra,https://www.flipkart.com/search?q=Undersun%20Fitness%20Bands%20Ultra,,mid-range,0.3
624,Fit Simplify Set of 5 Bands,Fitness,Resistance Bands,Fit Simplify,98.47,3.6,0,,/images/products/resistance_band_v1.png,Premium resistance bands by Fit Simplify. The Fit Simplify Set of 5 Bands features top-tier quality and performance. Perfect for fitness enthusiasts.,"bands,fitness,workout,home-gym,fit simplify,resistance",High quality|Durable design|Premium materials|Authentic Fit Simplify product,https://www.amazon.in/s?k=Fit%20Simplify%20Set%20of%205%20Bands,https://www.flipkart.com/search?q=Fit%20Simplify%20Set%20of%205%20Bands,,mid-range,0.27
626,Gritin Resistance Loop Exercise Bands Edition,Fitness,Resistance Bands,Gritin,193.8,3.9,0,,/images/products/resistance_band_v1.png,Premium resistance bands by Gritin. The Gritin Resistance Loop Exercise Bands Edition features top-tier quality and performance. Perfect for fitness enthusiasts.,"fitness,resistance,bands,workout,home-gym,gritin",High quality|Durable design|Premium materials|Authentic Gritin product,https://www.amazon.in/s?k=Gritin%20Resistance%20Loop%20Exercise%20Bands%20Edition,https://www.flipkart.com/search?q=Gritin%20Resistance%20Loop%20Exercise%20Bands%20Edition,,mid-range,0.4
627,SPRI Xertube Resistance Band Ultra,Fitness,Resistance Bands,SPRI,149.25,3.6,0,,/images/products/resistance_band_v1.png,Premium resistance bands by SPRI. The SPRI Xertube Resistance Band Ultra features top-tier quality and performance. Perfect for fitness enthusiasts.,"resistance,bands,home-gym,workout,spri,fitness",High quality|Durable design|Premium materials|Authentic SPRI product,https://www.amazon.in/s?k=SPRI%20Xertube%20Resistance%20Band%20Ultra,https://www.flipkart.com/search?q=SPRI%20Xertube%20Resistance%20Band%20Ultra,,mid-range,0.49
628,SPRI Xertube Resistance Band,Fitness,Resistance Bands,SPRI,116.53,3.5,0,,/images/products/resistance_band_v1.png,Premium resistance bands by SPRI. The SPRI Xertube Resistance Band features top-tier quality and performance. Perfect for fitness enthusiasts.,"bands,workout,resistance,spri,fitness,home-gym",High quality|Durable design|Premium materials|Authentic SPRI product,https://www.amazon.in/s?k=SPRI%20Xertube%20Resistance%20Band,https://www.flipkart.com/search?q=SPRI%20Xertube%20Resistance%20Band,,mid-range,0.16
629,Fit Simplify Set of 5 Bands Elite,Fitness,Resistance Bands,Fit Simplify,190.98,3.7,0,,/images/products/resistance_band_v1.png,Premium resistance bands by Fit Simplify. The Fit Simplify Set of 5 Bands Elite features top-tier quality and performance. Perfect for fitness enthusiasts.,"home-gym,workout,fit simplify,bands,resistance,fitness",High quality|Durable design|Premium materials|Authentic Fit Simplify product,https://www.amazon.in/s?k=Fit%20Simplify%20Set%20of%205%20Bands%20Elite,https://www.flipkart.com/search?q=Fit%20Simplify%20Set%20of%205%20Bands%20Elite,,mid-range,0.54
630,Gritin Resistance Loop Exercise Bands,Fitness,Resistance Bands,Gritin,10.0,5.0,0,,/images/products/resistance_band_v1.png,Premium resistance bands by Gritin. The Gritin Resistance Loop Exercise Bands features top-tier quality and performance. Perfect for fitness enthusiasts.,"home-gym,resistance,fitness,bands,gritin,workout",High quality|Durable design|Premium materials|Authentic Gritin product,https://www.amazon.in/s?k=Gritin%20Resistance%20Loop%20Exercise%20Bands,https://www.flipkart.com/search?q=Gritin%20Resistance%20Loop%20Exercise%20Bands,,budget,0.5
631,TheraBand Professional Latex Bands V2,Fitness,Resistance Bands,TheraBand,155.76,4.5,0,,/images/products/resistance_band_v1.png,Premium resistance bands by TheraBand. The TheraBand Professional Latex Bands V2 features top-tier quality and performance. Perfect for fitness enthusiasts.,"home-gym,bands,workout,resistance,fitness,theraband",High quality|Durable design|Premium materials|Authentic TheraBand product,https://www.amazon.in/s?k=TheraBand%20Professional%20Latex%20Bands%20V2,https://www.flipkart.com/search?q=TheraBand%20Professional%20Latex%20Bands%20V2,,mid-range,0.72
634,LuxFit Speckled Foam Roller Plus,Fitness,Foam Rollers,LuxFit,194.07,4.4,0,,/images/products/foamroller1.png,Premium foam rollers by LuxFit. The LuxFit Speckled Foam Roller Plus features top-tier quality and performance. Perfect for fitness enthusiasts.,"massage,foam-roller,recovery,stretching,luxfit,fitness",High quality|Durable design|Premium materials|Authentic LuxFit product,https://www.amazon.in/s?k=LuxFit%20Speckled%20Foam%20Roller%20Plus,https://www.flipkart.com/search?q=LuxFit%20Speckled%20Foam%20Roller%20Plus,,mid-range,0.35
635,OPTP Pro-Roller Standard Elite,Fitness,Foam Rollers,OPTP,139.71,4.3,0,,/images/products/foamroller1.png,Premium foam rollers by OPTP. The OPTP Pro-Roller Standard Elite features top-tier quality and performance. Perfect for fitness enthusiasts.,"massage,recovery,fitness,optp,stretching,foam-roller",High quality|Durable design|Premium materials|Authentic OPTP product,https://www.amazon.in/s?k=OPTP%20Pro-Roller%20Standard%20Elite,https://www.flipkart.com/search?q=OPTP%20Pro-Roller%20Standard%20Elite,,mid-range,0.81
637,Brazyn Morph Collapsible Roller,Fitness,Foam Rollers,Brazyn,168.75,3.7,0,,/images/products/foamroller1.png,Premium foam rollers by Brazyn. The Brazyn Morph Collapsible Roller features top-tier quality and performance. Perfect for fitness enthusiasts.,"foam-roller,massage,stretching,fitness,recovery,brazyn",High quality|Durable design|Premium materials|Authentic Brazyn product,https://www.amazon.in/s?k=Brazyn%20Morph%20Collapsible%20Roller,https://www.flipkart.com/search?q=Brazyn%20Morph%20Collapsible%20Roller,,mid-range,0.21
638,LuxFit Speckled Foam Roller V2,Fitness,Foam Rollers,LuxFit,70.31,4.9,0,,/images/products/foamroller1.png,Premium foam rollers by LuxFit. The LuxFit Speckled Foam Roller V2 features top-tier quality and performance. Perfect for fitness enthusiasts.,"foam-roller,massage,recovery,fitness,luxfit,stretching",High quality|Durable design|Premium materials|Authentic LuxFit product,https://www.amazon.in/s?k=LuxFit%20Speckled%20Foam%20Roller%20V2,https://www.flipkart.com/search?q=LuxFit%20Speckled%20Foam%20Roller%20V2,,mid-range,0.48
639,TriggerPoint GRID Foam Roller Elite,Fitness,Foam Rollers,TriggerPoint,130.0,4.0,0,,/images/products/foamroller1.png,Premium foam rollers by TriggerPoint. The TriggerPoint GRID Foam Roller Elite features top-tier quality and performance. Perfect for fitness enthusiasts.,"recovery,fitness,stretching,massage,triggerpoint,foam-roller",High quality|Durable design|Premium materials|Authentic TriggerPoint product,https://www.amazon.in/s?k=TriggerPoint%20GRID%20Foam%20Roller%20Elite,https://www.flipkart.com/search?q=TriggerPoint%20GRID%20Foam%20Roller%20Elite,,mid-range,0.78
644,TriggerPoint GRID Foam Roller,Fitness,Foam Rollers,TriggerPoint,102.68,4.0,0,,/images/products/foamroller1.png,Premium foam rollers by TriggerPoint. The TriggerPoint GRID Foam Roller features top-tier quality and performance. Perfect for fitness enthusiasts.,"recovery,fitness,stretching,massage,foam-roller,triggerpoint",High quality|Durable design|Premium materials|Authentic TriggerPoint product,https://www.amazon.in/s?k=TriggerPoint%20GRID%20Foam%20Roller,https://www.flipkart.com/search?q=TriggerPoint%20GRID%20Foam%20Roller,,mid-range,0.77
645,LuxFit Speckled Foam Roller,Fitness,Foam Rollers,LuxFit,52.42,4.6,0,,/images/products/foamroller1.png,Premium foam rollers by LuxFit. The LuxFit Speckled Foam Roller features top-tier quality and performance. Perfect for fitness enthusiasts.,"foam-roller,recovery,luxfit,stretching,fitness,massage",High quality|Durable design|Premium materials|Authentic LuxFit product,https://www.amazon.in/s?k=LuxFit%20Speckled%20Foam%20Roller,https://www.flipkart.com/search?q=LuxFit%20Speckled%20Foam%20Roller,,mid-range,0.27
646,TriggerPoint GRID Foam Roller Pro,Fitness,Foam Rollers,TriggerPoint,89.54,4.0,0,,/images/products/foamroller1.png,Premium foam rollers by TriggerPoint. The TriggerPoint GRID Foam Roller Pro features top-tier quality and performance. Perfect for fitness enthusiasts.,"recovery,triggerpoint,massage,stretching,fitness,foam-roller",High quality|Durable design|Premium materials|Authentic TriggerPoint product,https://www.amazon.in/s?k=TriggerPoint%20GRID%20Foam%20Roller%20Pro,https://www.flipkart.com/search?q=TriggerPoint%20GRID%20Foam%20Roller%20Pro,,mid-range,0.83
648,Amazon Basics High-Density Foam Roller,Fitness,Foam Rollers,Amazon Basics,41.26,3.9,0,,/images/products/foamroller1.png,Premium foam rollers by Amazon Basics. The Amazon Basics High-Density Foam Roller features top-tier quality and performance. Perfect for fitness enthusiasts.,"recovery,foam-roller,massage,stretching,amazon basics,fitness",High quality|Durable design|Premium materials|Authentic Amazon Basics product,https://www.amazon.in/s?k=Amazon%20Basics%20High-Density%20Foam%20Roller,https://www.flipkart.com/search?q=Amazon%20Basics%20High-Density%20Foam%20Roller,,budget,0.68
650,ShakeSphere Tumbler,Fitness,Protein Shakers,ShakeSphere,36.09,4.2,0,,/images/products/foamroller1.png,Premium protein shakers by ShakeSphere. The ShakeSphere Tumbler features top-tier quality and performance. Perfect for fitness enthusiasts.,"bottle,gym,protein,fitness,shaker,shakesphere",High quality|Durable design|Premium materials|Authentic ShakeSphere product,https://www.amazon.in/s?k=ShakeSphere%20Tumbler,https://www.flipkart.com/search?q=ShakeSphere%20Tumbler,,budget,0.95
651,BlenderBottle Classic V2 V2,Fitness,Protein Shakers,BlenderBottle,104.28,4.4,0,,/images/products/foamroller1.png,Premium protein shakers by BlenderBottle. The BlenderBottle Classic V2 V2 features top-tier quality and performance. Perfect for fitness enthusiasts.,"bottle,fitness,blenderbottle,shaker,protein,gym",High quality|Durable design|Premium materials|Authentic BlenderBottle product,https://www.amazon.in/s?k=BlenderBottle%20Classic%20V2%20V2,https://www.flipkart.com/search?q=BlenderBottle%20Classic%20V2%20V2,,mid-range,0.5
652,Hydra Cup Dual Shaker,Fitness,Protein Shakers,Hydra Cup,41.54,3.8,0,,/images/products/foamroller1.png,Premium protein shakers by Hydra Cup. The Hydra Cup Dual Shaker features top-tier quality and performance. Perfect for fitness enthusiasts.,"hydra cup,bottle,fitness,protein,shaker,gym",High quality|Durable design|Premium materials|Authentic Hydra Cup product,https://www.amazon.in/s?k=Hydra%20Cup%20Dual%20Shaker,https://www.flipkart.com/search?q=Hydra%20Cup%20Dual%20Shaker,,budget,0.69
654,Promixx Pro Shaker Ultra,Fitness,Protein Shakers,Promixx,38.22,3.6,0,,/images/products/foamroller1.png,Premium protein shakers by Promixx. The Promixx Pro Shaker Ultra features top-tier quality and performance. Perfect for fitness enthusiasts.,"fitness,protein,shaker,bottle,gym,promixx",High quality|Durable design|Premium materials|Authentic Promixx product,https://www.amazon.in/s?k=Promixx%20Pro%20Shaker%20Ultra,https://www.flipkart.com/search?q=Promixx%20Pro%20Shaker%20Ultra,,budget,0.93
657,BlenderBottle Classic V2 Edition,Fitness,Protein Shakers,BlenderBottle,15.92,3.8,0,,/images/products/foamroller1.png,Premium protein shakers by BlenderBottle. The BlenderBottle Classic V2 Edition features top-tier quality and performance. Perfect for fitness enthusiasts.,"shaker,blenderbottle,gym,protein,bottle,fitness",High quality|Durable design|Premium materials|Authentic BlenderBottle product,https://www.amazon.in/s?k=BlenderBottle%20Classic%20V2%20Edition,https://www.flipkart.com/search?q=BlenderBottle%20Classic%20V2%20Edition,,budget,0.59
659,Promixx Pro Shaker,Fitness,Protein Shakers,Promixx,91.31,4.2,0,,/images/products/foamroller1.png,Premium protein shakers by Promixx. The Promixx Pro Shaker features top-tier quality and performance. Perfect for fitness enthusiasts.,"gym,fitness,protein,promixx,bottle,shaker",High quality|Durable design|Premium materials|Authentic Promixx product,https://www.amazon.in/s?k=Promixx%20Pro%20Shaker,https://www.flipkart.com/search?q=Promixx%20Pro%20Shaker,,mid-range,0.9
662,Helimix Vortex Shaker,Fitness,Protein Shakers,Helimix,17.6,4.5,0,,/images/products/foamroller1.png,Premium protein shakers by Helimix. The Helimix Vortex Shaker features top-tier quality and performance. Perfect for fitness enthusiasts.,"fitness,bottle,helimix,shaker,protein,gym",High quality|Durable design|Premium materials|Authentic Helimix product,https://www.amazon.in/s?k=Helimix%20Vortex%20Shaker,https://www.flipkart.com/search?q=Helimix%20Vortex%20Shaker,,budget,0.74
663,BlenderBottle Classic V2,Fitness,Protein Shakers,BlenderBottle,156.81,4.1,0,,/images/products/foamroller1.png,Premium protein shakers by BlenderBottle. The BlenderBottle Classic V2 features top-tier quality and performance. Perfect for fitness enthusiasts.,"fitness,blenderbottle,bottle,gym,shaker,protein",High quality|Durable design|Premium materials|Authentic BlenderBottle product,https://www.amazon.in/s?k=BlenderBottle%20Classic%20V2,https://www.flipkart.com/search?q=BlenderBottle%20Classic%20V2,,mid-range,0.7
664,ShakeSphere Tumbler Edition,Fitness,Protein Shakers,ShakeSphere,35.27,4.5,0,,/images/products/foamroller1.png,Premium protein shakers by ShakeSphere. The ShakeSphere Tumbler Edition features top-tier quality and performance. Perfect for fitness enthusiasts.,"protein,shakesphere,fitness,bottle,gym,shaker",High quality|Durable design|Premium materials|Authentic ShakeSphere product,https://www.amazon.in/s?k=ShakeSphere%20Tumbler%20Edition,https://www.flipkart.com/search?q=ShakeSphere%20Tumbler%20Edition,,budget,0.52
666,Xiaomi Mi Band 7 Pro,Fitness,Fitness Trackers,Xiaomi,14.47,4.1,0,,/images/products/resistance_band_v1.png,Premium fitness trackers by Xiaomi. The Xiaomi Mi Band 7 Pro features top-tier quality and performance. Perfect for fitness enthusiasts.,"xiaomi,tracker,steps,wearable,health,fitness",High quality|Durable design|Premium materials|Authentic Xiaomi product,https://www.amazon.in/s?k=Xiaomi%20Mi%20Band%207%20Pro,https://www.flipkart.com/search?q=Xiaomi%20Mi%20Band%207%20Pro,,budget,0.87
670,Xiaomi Mi Band 7,Fitness,Fitness Trackers,Xiaomi,21.37,4.7,0,,/images/products/resistance_band_v1.png,Premium fitness trackers by Xiaomi. The Xiaomi Mi Band 7 features top-tier quality and performance. Perfect for fitness enthusiasts.,"xiaomi,steps,tracker,health,fitness,wearable",High quality|Durable design|Premium materials|Authentic Xiaomi product,https://www.amazon.in/s?k=Xiaomi%20Mi%20Band%207,https://www.flipkart.com/search?q=Xiaomi%20Mi%20Band%207,,budget,0.86
674,Xiaomi Mi Band 7 Elite,Fitness,Fitness Trackers,Xiaomi,184.1,4.5,0,,/images/products/resistance_band_v1.png,Premium fitness trackers by Xiaomi. The Xiaomi Mi Band 7 Elite features top-tier quality and performance. Perfect for fitness enthusiasts.,"xiaomi,tracker,wearable,health,fitness,steps",High quality|Durable design|Premium materials|Authentic Xiaomi product,https://www.amazon.in/s?k=Xiaomi%20Mi%20Band%207%20Elite,https://www.flipkart.com/search?q=Xiaomi%20Mi%20Band%207%20Elite,,mid-range,0.17
676,Xiaomi Mi Band 7 Plus,Fitness,Fitness Trackers,Xiaomi,13.69,3.9,0,,/images/products/resistance_band_v1.png,Premium fitness trackers by Xiaomi. The Xiaomi Mi Band 7 Plus features top-tier quality and performance. Perfect for fitness enthusiasts.,"health,wearable,steps,tracker,xiaomi,fitness",High quality|Durable design|Premium materials|Authentic Xiaomi product,https://www.amazon.in/s?k=Xiaomi%20Mi%20Band%207%20Plus,https://www.flipkart.com/search?q=Xiaomi%20Mi%20Band%207%20Plus,,budget,0.97
677,Fitbit Charge 5,Fitness,Fitness Trackers,Fitbit,117.27,3.7,0,,/images/products/amazon_echo_plus.jpg,Premium fitness trackers by Fitbit. The Fitbit Charge 5 features top-tier quality and performance. Perfect for fitness enthusiasts.,"steps,wearable,fitbit,fitness,health,tracker",High quality|Durable design|Premium materials|Authentic Fitbit product,https://www.amazon.in/s?k=Fitbit%20Charge%205,https://www.flipkart.com/search?q=Fitbit%20Charge%205,,mid-range,0.14
678,Garmin Vivosmart 5,Fitness,Fitness Trackers,Garmin,69.04,4.5,0,,/images/products/foamroller1.png,Premium fitness trackers by Garmin. The Garmin Vivosmart 5 features top-tier quality and performance. Perfect for fitness enthusiasts.,"garmin,steps,health,fitness,wearable,tracker",High quality|Durable design|Premium materials|Authentic Garmin product,https://www.amazon.in/s?k=Garmin%20Vivosmart%205,https://www.flipkart.com/search?q=Garmin%20Vivosmart%205,,mid-range,0.38
679,Amazfit Band 7,Fitness,Fitness Trackers,Amazfit,134.85,4.1,0,,/images/products/resistance_band_v1.png,Premium fitness trackers by Amazfit. The Amazfit Band 7 features top-tier quality and performance. Perfect for fitness enthusiasts.,"steps,health,tracker,amazfit,fitness,wearable",High quality|Durable design|Premium materials|Authentic Amazfit product,https://www.amazon.in/s?k=Amazfit%20Band%207,https://www.flipkart.com/search?q=Amazfit%20Band%207,,mid-range,0.14
680,WHOOP WHOOP 4.0,Fitness,Fitness Trackers,WHOOP,128.52,4.5,0,,/images/products/foamroller1.png,Premium fitness trackers by WHOOP. The WHOOP WHOOP 4.0 features top-tier quality and performance. Perfect for fitness enthusiasts.,"steps,wearable,fitness,whoop,tracker,health",High quality|Durable design|Premium materials|Authentic WHOOP product,https://www.amazon.in/s?k=WHOOP%20WHOOP%204.0,https://www.flipkart.com/search?q=WHOOP%20WHOOP%204.0,,mid-range,0.54
684,SG Players Bat,Sports,Cricket,SG,33.62,4.4,0,,/images/products/foamroller1.png,Premium cricket by SG. The SG Players Bat features top-tier quality and performance. Perfect for sports enthusiasts.,"outdoor,cricket,team,sg,bat,sports",High quality|Durable design|Premium materials|Authentic SG product,https://www.amazon.in/s?k=SG%20Players%20Bat,https://www.flipkart.com/search?q=SG%20Players%20Bat,,budget,0.59
686,Kookaburra Kahuna Pro,Sports,Cricket,Kookaburra,85.38,4.3,0,,/images/products/foamroller1.png,Premium cricket by Kookaburra. The Kookaburra Kahuna Pro features top-tier quality and performance. Perfect for sports enthusiasts.,"team,cricket,bat,kookaburra,sports,outdoor",High quality|Durable design|Premium materials|Authentic Kookaburra product,https://www.amazon.in/s?k=Kookaburra%20Kahuna%20Pro,https://www.flipkart.com/search?q=Kookaburra%20Kahuna%20Pro,,mid-range,0.31
692,MRF Genius Grand Edition V2,Sports,Cricket,MRF,173.59,4.2,0,,/images/products/foamroller1.png,Premium cricket by MRF. The MRF Genius Grand Edition V2 features top-tier quality and performance. Perfect for sports enthusiasts.,"sports,team,outdoor,cricket,bat,mrf",High quality|Durable design|Premium materials|Authentic MRF product,https://www.amazon.in/s?k=MRF%20Genius%20Grand%20Edition%20V2,https://www.flipkart.com/search?q=MRF%20Genius%20Grand%20Edition%20V2,,mid-range,0.72
693,Gray-Nicolls Vapor 1.0,Sports,Cricket,Gray-Nicolls,103.64,3.6,0,,/images/products/foamroller1.png,Premium cricket by Gray-Nicolls. The Gray-Nicolls Vapor 1.0 features top-tier quality and performance. Perfect for sports enthusiasts.,"outdoor,bat,sports,gray-nicolls,team,cricket",High quality|Durable design|Premium materials|Authentic Gray-Nicolls product,https://www.amazon.in/s?k=Gray-Nicolls%20Vapor%201.0,https://www.flipkart.com/search?q=Gray-Nicolls%20Vapor%201.0,,mid-range,0.84
695,MRF Genius Grand Edition,Sports,Cricket,MRF,84.16,4.4,0,,/images/products/foamroller1.png,Premium cricket by MRF. The MRF Genius Grand Edition features top-tier quality and performance. Perfect for sports enthusiasts.,"team,outdoor,cricket,mrf,sports,bat",High quality|Durable design|Premium materials|Authentic MRF product,https://www.amazon.in/s?k=MRF%20Genius%20Grand%20Edition,https://www.flipkart.com/search?q=MRF%20Genius%20Grand%20Edition,,mid-range,0.91
696,MRF Genius Grand Edition Elite,Sports,Cricket,MRF,115.32,5.0,0,,/images/products/foamroller1.png,Premium cricket by MRF. The MRF Genius Grand Edition Elite features top-tier quality and performance. Perfect for sports enthusiasts.,"sports,bat,cricket,team,outdoor,mrf",High quality|Durable design|Premium materials|Authentic MRF product,https://www.amazon.in/s?k=MRF%20Genius%20Grand%20Edition%20Elite,https://www.flipkart.com/search?q=MRF%20Genius%20Grand%20Edition%20Elite,,mid-range,0.62
697,MRF Genius Grand Edition Pro,Sports,Cricket,MRF,128.54,4.1,0,,/images/products/foamroller1.png,Premium cricket by MRF. The MRF Genius Grand Edition Pro features top-tier quality and performance. Perfect for sports enthusiasts.,"bat,cricket,team,mrf,sports,outdoor",High quality|Durable design|Premium materials|Authentic MRF product,https://www.amazon.in/s?k=MRF%20Genius%20Grand%20Edition%20Pro,https://www.flipkart.com/search?q=MRF%20Genius%20Grand%20Edition%20Pro,,mid-range,0.3
698,Gray-Nicolls Vapor 1.0 Ultra,Sports,Cricket,Gray-Nicolls,143.07,4.1,0,,/images/products/foamroller1.png,Premium cricket by Gray-Nicolls. The Gray-Nicolls Vapor 1.0 Ultra features top-tier quality and performance. Perfect for sports enthusiasts.,"bat,sports,outdoor,cricket,team,gray-nicolls",High quality|Durable design|Premium materials|Authentic Gray-Nicolls product,https://www.amazon.in/s?k=Gray-Nicolls%20Vapor%201.0%20Ultra,https://www.flipkart.com/search?q=Gray-Nicolls%20Vapor%201.0%20Ultra,,mid-range,0.98
699,SS Ton Gladiator,Sports,Cricket,SS,90.54,4.9,0,,/images/products/foamroller1.png,Premium cricket by SS. The SS Ton Gladiator features top-tier quality and performance. Perfect for sports enthusiasts.,"team,outdoor,ss,bat,sports,cricket",High quality|Durable design|Premium materials|Authentic SS product,https://www.amazon.in/s?k=SS%20Ton%20Gladiator,https://www.flipkart.com/search?q=SS%20Ton%20Gladiator,,mid-range,0.61
700,SG Players Bat Plus,Sports,Cricket,SG,100.9,4.0,0,,/images/products/foamroller1.png,Premium cricket by SG. The SG Players Bat Plus features top-tier quality and performance. Perfect for sports enthusiasts.,"sports,team,cricket,bat,sg,outdoor",High quality|Durable design|Premium materials|Authentic SG product,https://www.amazon.in/s?k=SG%20Players%20Bat%20Plus,https://www.flipkart.com/search?q=SG%20Players%20Bat%20Plus,,mid-range,0.34
702,Select Brillant Super Elite,Sports,Football,Select,105.07,3.9,0,,/images/products/foamroller1.png,Premium football by Select. The Select Brillant Super Elite features top-tier quality and performance. Perfect for sports enthusiasts.,"soccer,football,sports,outdoor,select,ball",High quality|Durable design|Premium materials|Authentic Select product,https://www.amazon.in/s?k=Select%20Brillant%20Super%20Elite,https://www.flipkart.com/search?q=Select%20Brillant%20Super%20Elite,,mid-range,0.31
704,Select Brillant Super Max,Sports,Football,Select,137.06,4.3,0,,/images/products/foamroller1.png,Premium football by Select. The Select Brillant Super Max features top-tier quality and performance. Perfect for sports enthusiasts.,"select,sports,football,soccer,ball,outdoor",High quality|Durable design|Premium materials|Authentic Select product,https://www.amazon.in/s?k=Select%20Brillant%20Super%20Max,https://www.flipkart.com/search?q=Select%20Brillant%20Super%20Max,,mid-range,0.71
709,Adidas Al Rihla Pro,Sports,Football,Adidas,172.69,4.3,0,,/images/products/foamroller1.png,Premium football by Adidas. The Adidas Al Rihla Pro features top-tier quality and performance. Perfect for sports enthusiasts.,"outdoor,ball,adidas,football,soccer,sports",High quality|Durable design|Premium materials|Authentic Adidas product,https://www.amazon.in/s?k=Adidas%20Al%20Rihla%20Pro,https://www.flipkart.com/search?q=Adidas%20Al%20Rihla%20Pro,,mid-range,0.15
710,Select Brillant Super V2,Sports,Football,Select,190.28,4.9,0,,/images/products/foamroller1.png,Premium football by Select. The Select Brillant Super V2 features top-tier quality and performance. Perfect for sports enthusiasts.,"select,ball,outdoor,football,soccer,sports",High quality|Durable design|Premium materials|Authentic Select product,https://www.amazon.in/s?k=Select%20Brillant%20Super%20V2,https://www.flipkart.com/search?q=Select%20Brillant%20Super%20V2,,mid-range,0.15
711,Nike Flight Ball Ultra,Sports,Football,Nike,80.27,4.1,0,,/images/products/foamroller1.png,Premium football by Nike. The Nike Flight Ball Ultra features top-tier quality and performance. Perfect for sports enthusiasts.,"soccer,football,outdoor,nike,ball,sports",High quality|Durable design|Premium materials|Authentic Nike product,https://www.amazon.in/s?k=Nike%20Flight%20Ball%20Ultra,https://www.flipkart.com/search?q=Nike%20Flight%20Ball%20Ultra,,mid-range,0.52
712,Mitre Delta Professional,Sports,Football,Mitre,178.11,4.5,0,,/images/products/foamroller1.png,Premium football by Mitre. The Mitre Delta Professional features top-tier quality and performance. Perfect for sports enthusiasts.,"outdoor,mitre,ball,football,soccer,sports",High quality|Durable design|Premium materials|Authentic Mitre product,https://www.amazon.in/s?k=Mitre%20Delta%20Professional,https://www.flipkart.com/search?q=Mitre%20Delta%20Professional,,mid-range,0.33
713,Puma La Liga 1 Plus,Sports,Football,Puma,42.63,4.2,0,,/images/products/foamroller1.png,Premium football by Puma. The Puma La Liga 1 Plus features top-tier quality and performance. Perfect for sports enthusiasts.,"sports,outdoor,puma,soccer,ball,football",High quality|Durable design|Premium materials|Authentic Puma product,https://www.amazon.in/s?k=Puma%20La%20Liga%201%20Plus,https://www.flipkart.com/search?q=Puma%20La%20Liga%201%20Plus,,budget,0.18
717,Nike Flight Ball Pro,Sports,Football,Nike,37.12,4.6,0,,/images/products/foamroller1.png,Premium football by Nike. The Nike Flight Ball Pro features top-tier quality and performance. Perfect for sports enthusiasts.,"nike,football,soccer,outdoor,sports,ball",High quality|Durable design|Premium materials|Authentic Nike product,https://www.amazon.in/s?k=Nike%20Flight%20Ball%20Pro,https://www.flipkart.com/search?q=Nike%20Flight%20Ball%20Pro,,budget,0.19
718,Select Brillant Super,Sports,Football,Select,171.97,4.9,0,,/images/products/foamroller1.png,Premium football by Select. The Select Brillant Super features top-tier quality and performance. Perfect for sports enthusiasts.,"ball,select,soccer,football,sports,outdoor",High quality|Durable design|Premium materials|Authentic Select product,https://www.amazon.in/s?k=Select%20Brillant%20Super,https://www.flipkart.com/search?q=Select%20Brillant%20Super,,mid-range,0.5
719,Nike Flight Ball,Sports,Football,Nike,139.3,3.8,0,,/images/products/foamroller1.png,Premium football by Nike. The Nike Flight Ball features top-tier quality and performance. Perfect for sports enthusiasts.,"football,sports,ball,outdoor,nike,soccer",High quality|Durable design|Premium materials|Authentic Nike product,https://www.amazon.in/s?k=Nike%20Flight%20Ball,https://www.flipkart.com/search?q=Nike%20Flight%20Ball,,mid-range,0.73
720,Puma La Liga 1,Sports,Football,Puma,162.43,4.9,0,,/images/products/foamroller1.png,Premium football by Puma. The Puma La Liga 1 features top-tier quality and performance. Perfect for sports enthusiasts.,"outdoor,sports,soccer,ball,football,puma",High quality|Durable design|Premium materials|Authentic Puma product,https://www.amazon.in/s?k=Puma%20La%20Liga%201,https://www.flipkart.com/search?q=Puma%20La%20Liga%201,,mid-range,0.28
721,Molten BG5000 V2,Sports,Basketball,Molten,14.33,4.1,0,,/images/products/foamroller1.png,Premium basketball by Molten. The Molten BG5000 V2 features top-tier quality and performance. Perfect for sports enthusiasts.,"basketball,sports,molten,ball,indoor,hoops",High quality|Durable design|Premium materials|Authentic Molten product,https://www.amazon.in/s?k=Molten%20BG5000%20V2,https://www.flipkart.com/search?q=Molten%20BG5000%20V2,,budget,0.4
722,Spalding NBA Official Game Ball,Sports,Basketball,Spalding,96.71,3.5,0,,/images/products/foamroller1.png,Premium basketball by Spalding. The Spalding NBA Official Game Ball features top-tier quality and performance. Perfect for sports enthusiasts.,"ball,sports,basketball,indoor,spalding,hoops",High quality|Durable design|Premium materials|Authentic Spalding product,https://www.amazon.in/s?k=Spalding%20NBA%20Official%20Game%20Ball,https://www.flipkart.com/search?q=Spalding%20NBA%20Official%20Game%20Ball,,mid-range,0.29
723,Spalding NBA Official Game Ball Elite,Sports,Basketball,Spalding,27.68,4.8,0,,/images/products/foamroller1.png,Premium basketball by Spalding. The Spalding NBA Official Game Ball Elite features top-tier quality and performance. Perfect for sports enthusiasts.,"ball,indoor,sports,spalding,hoops,basketball",High quality|Durable design|Premium materials|Authentic Spalding product,https://www.amazon.in/s?k=Spalding%20NBA%20Official%20Game%20Ball%20Elite,https://www.flipkart.com/search?q=Spalding%20NBA%20Official%20Game%20Ball%20Elite,,budget,0.39
725,Under Armour 495 Indoor Pro,Sports,Basketball,Under Armour,68.04,4.8,0,,/images/products/foamroller1.png,Premium basketball by Under Armour. The Under Armour 495 Indoor Pro features top-tier quality and performance. Perfect for sports enthusiasts.,"under armour,hoops,ball,indoor,sports,basketball",High quality|Durable design|Premium materials|Authentic Under Armour product,https://www.amazon.in/s?k=Under%20Armour%20495%20Indoor%20Pro,https://www.flipkart.com/search?q=Under%20Armour%20495%20Indoor%20Pro,,mid-range,0.65
726,Wilson Evolution Game Basketball Elite,Sports,Basketball,Wilson,120.09,3.7,0,,/images/products/foamroller1.png,Premium basketball by Wilson. The Wilson Evolution Game Basketball Elite features top-tier quality and performance. Perfect for sports enthusiasts.,"indoor,basketball,wilson,sports,ball,hoops",High quality|Durable design|Premium materials|Authentic Wilson product,https://www.amazon.in/s?k=Wilson%20Evolution%20Game%20Basketball%20Elite,https://www.flipkart.com/search?q=Wilson%20Evolution%20Game%20Basketball%20Elite,,mid-range,0.99
728,Molten BG5000 Pro,Sports,Basketball,Molten,86.74,4.5,0,,/images/products/foamroller1.png,Premium basketball by Molten. The Molten BG5000 Pro features top-tier quality and performance. Perfect for sports enthusiasts.,"sports,molten,basketball,indoor,hoops,ball",High quality|Durable design|Premium materials|Authentic Molten product,https://www.amazon.in/s?k=Molten%20BG5000%20Pro,https://www.flipkart.com/search?q=Molten%20BG5000%20Pro,,mid-range,0.18
730,Molten BG5000 Elite,Sports,Basketball,Molten,196.95,4.4,0,,/images/products/foamroller1.png,Premium basketball by Molten. The Molten BG5000 Elite features top-tier quality and performance. Perfect for sports enthusiasts.,"ball,basketball,hoops,sports,molten,indoor",High quality|Durable design|Premium materials|Authentic Molten product,https://www.amazon.in/s?k=Molten%20BG5000%20Elite,https://www.flipkart.com/search?q=Molten%20BG5000%20Elite,,mid-range,0.99
731,Under Armour 495 Indoor,Sports,Basketball,Under Armour,181.72,4.5,0,,/images/products/foamroller1.png,Premium basketball by Under Armour. The Under Armour 495 Indoor features top-tier quality and performance. Perfect for sports enthusiasts.,"ball,basketball,sports,under armour,indoor,hoops",High quality|Durable design|Premium materials|Authentic Under Armour product,https://www.amazon.in/s?k=Under%20Armour%20495%20Indoor,https://www.flipkart.com/search?q=Under%20Armour%20495%20Indoor,,mid-range,0.18
733,Wilson Evolution Game Basketball Plus,Sports,Basketball,Wilson,174.57,4.1,0,,/images/products/foamroller1.png,Premium basketball by Wilson. The Wilson Evolution Game Basketball Plus features top-tier quality and performance. Perfect for sports enthusiasts.,"wilson,sports,hoops,ball,indoor,basketball",High quality|Durable design|Premium materials|Authentic Wilson product,https://www.amazon.in/s?k=Wilson%20Evolution%20Game%20Basketball%20Plus,https://www.flipkart.com/search?q=Wilson%20Evolution%20Game%20Basketball%20Plus,,mid-range,0.81
736,Under Armour 495 Indoor Edition,Sports,Basketball,Under Armour,82.64,4.4,0,,/images/products/foamroller1.png,Premium basketball by Under Armour. The Under Armour 495 Indoor Edition features top-tier quality and performance. Perfect for sports enthusiasts.,"ball,sports,indoor,under armour,basketball,hoops",High quality|Durable design|Premium materials|Authentic Under Armour product,https://www.amazon.in/s?k=Under%20Armour%20495%20Indoor%20Edition,https://www.flipkart.com/search?q=Under%20Armour%20495%20Indoor%20Edition,,mid-range,0.77
737,Molten BG5000,Sports,Basketball,Molten,59.56,3.8,0,,/images/products/foamroller1.png,Premium basketball by Molten. The Molten BG5000 features top-tier quality and performance. Perfect for sports enthusiasts.,"hoops,molten,ball,sports,indoor,basketball",High quality|Durable design|Premium materials|Authentic Molten product,https://www.amazon.in/s?k=Molten%20BG5000,https://www.flipkart.com/search?q=Molten%20BG5000,,mid-range,0.78
738,Nike Elite Championship,Sports,Basketball,Nike,47.91,4.0,0,,/images/products/foamroller1.png,Premium basketball by Nike. The Nike Elite Championship features top-tier quality and performance. Perfect for sports enthusiasts.,"basketball,sports,nike,ball,indoor,hoops",High quality|Durable design|Premium materials|Authentic Nike product,https://www.amazon.in/s?k=Nike%20Elite%20Championship,https://www.flipkart.com/search?q=Nike%20Elite%20Championship,,budget,0.12
739,Spalding NBA Official Game Ball Edition,Sports,Basketball,Spalding,158.55,3.5,0,,/images/products/foamroller1.png,Premium basketball by Spalding. The Spalding NBA Official Game Ball Edition features top-tier quality and performance. Perfect for sports enthusiasts.,"hoops,ball,basketball,sports,spalding,indoor",High quality|Durable design|Premium materials|Authentic Spalding product,https://www.amazon.in/s?k=Spalding%20NBA%20Official%20Game%20Ball%20Edition,https://www.flipkart.com/search?q=Spalding%20NBA%20Official%20Game%20Ball%20Edition,,mid-range,0.52
740,Wilson Evolution Game Basketball,Sports,Basketball,Wilson,129.58,4.9,0,,/images/products/foamroller1.png,Premium basketball by Wilson. The Wilson Evolution Game Basketball features top-tier quality and performance. Perfect for sports enthusiasts.,"wilson,basketball,sports,indoor,ball,hoops",High quality|Durable design|Premium materials|Authentic Wilson product,https://www.amazon.in/s?k=Wilson%20Evolution%20Game%20Basketball,https://www.flipkart.com/search?q=Wilson%20Evolution%20Game%20Basketball,,mid-range,0.15
742,Yonex EZONE 98 Max,Sports,Tennis,Yonex,60.46,4.9,0,,/images/products/foamroller1.png,Premium tennis by Yonex. The Yonex EZONE 98 Max features top-tier quality and performance. Perfect for sports enthusiasts.,"outdoor,sports,court,tennis,racket,yonex",High quality|Durable design|Premium materials|Authentic Yonex product,https://www.amazon.in/s?k=Yonex%20EZONE%2098%20Max,https://www.flipkart.com/search?q=Yonex%20EZONE%2098%20Max,,mid-range,0.53
743,Babolat Pure Drive V2,Sports,Tennis,Babolat,191.71,3.6,0,,/images/products/foamroller1.png,Premium tennis by Babolat. The Babolat Pure Drive V2 features top-tier quality and performance. Perfect for sports enthusiasts.,"tennis,babolat,court,sports,racket,outdoor",High quality|Durable design|Premium materials|Authentic Babolat product,https://www.amazon.in/s?k=Babolat%20Pure%20Drive%20V2,https://www.flipkart.com/search?q=Babolat%20Pure%20Drive%20V2,,mid-range,0.67
744,Prince Phantom 100 Ultra,Sports,Tennis,Prince,35.16,4.7,0,,/images/products/foamroller1.png,Premium tennis by Prince. The Prince Phantom 100 Ultra features top-tier quality and performance. Perfect for sports enthusiasts.,"sports,racket,prince,court,tennis,outdoor",High quality|Durable design|Premium materials|Authentic Prince product,https://www.amazon.in/s?k=Prince%20Phantom%20100%20Ultra,https://www.flipkart.com/search?q=Prince%20Phantom%20100%20Ultra,,budget,0.75
749,Babolat Pure Drive Ultra,Sports,Tennis,Babolat,98.76,4.9,0,,/images/products/foamroller1.png,Premium tennis by Babolat. The Babolat Pure Drive Ultra features top-tier quality and performance. Perfect for sports enthusiasts.,"tennis,babolat,racket,outdoor,sports,court",High quality|Durable design|Premium materials|Authentic Babolat product,https://www.amazon.in/s?k=Babolat%20Pure%20Drive%20Ultra,https://www.flipkart.com/search?q=Babolat%20Pure%20Drive%20Ultra,,mid-range,0.43
751,HEAD Radical MP V2,Sports,Tennis,HEAD,133.34,3.5,0,,/images/products/foamroller1.png,Premium tennis by HEAD. The HEAD Radical MP V2 features top-tier quality and performance. Perfect for sports enthusiasts.,"head,sports,outdoor,tennis,racket,court",High quality|Durable design|Premium materials|Authentic HEAD product,https://www.amazon.in/s?k=HEAD%20Radical%20MP%20V2,https://www.flipkart.com/search?q=HEAD%20Radical%20MP%20V2,,mid-range,0.56
753,Prince Phantom 100 Elite,Sports,Tennis,Prince,48.15,4.6,0,,/images/products/foamroller1.png,Premium tennis by Prince. The Prince Phantom 100 Elite features top-tier quality and performance. Perfect for sports enthusiasts.,"racket,tennis,court,prince,outdoor,sports",High quality|Durable design|Premium materials|Authentic Prince product,https://www.amazon.in/s?k=Prince%20Phantom%20100%20Elite,https://www.flipkart.com/search?q=Prince%20Phantom%20100%20Elite,,budget,0.29
754,Wilson Pro Staff 97,Sports,Tennis,Wilson,99.14,4.8,0,,/images/products/foamroller1.png,Premium tennis by Wilson. The Wilson Pro Staff 97 features top-tier quality and performance. Perfect for sports enthusiasts.,"sports,wilson,court,outdoor,racket,tennis",High quality|Durable design|Premium materials|Authentic Wilson product,https://www.amazon.in/s?k=Wilson%20Pro%20Staff%2097,https://www.flipkart.com/search?q=Wilson%20Pro%20Staff%2097,,mid-range,0.16
755,HEAD Radical MP,Sports,Tennis,HEAD,74.63,3.6,0,,/images/products/foamroller1.png,Premium tennis by HEAD. The HEAD Radical MP features top-tier quality and performance. Perfect for sports enthusiasts.,"racket,head,outdoor,tennis,sports,court",High quality|Durable design|Premium materials|Authentic HEAD product,https://www.amazon.in/s?k=HEAD%20Radical%20MP,https://www.flipkart.com/search?q=HEAD%20Radical%20MP,,mid-range,0.75
758,Babolat Pure Drive,Sports,Tennis,Babolat,22.96,4.9,0,,/images/products/foamroller1.png,Premium tennis by Babolat. The Babolat Pure Drive features top-tier quality and performance. Perfect for sports enthusiasts.,"sports,court,babolat,outdoor,tennis,racket",High quality|Durable design|Premium materials|Authentic Babolat product,https://www.amazon.in/s?k=Babolat%20Pure%20Drive,https://www.flipkart.com/search?q=Babolat%20Pure%20Drive,,budget,0.72
759,Yonex EZONE 98,Sports,Tennis,Yonex,27.66,4.5,0,,/images/products/foamroller1.png,Premium tennis by Yonex. The Yonex EZONE 98 features top-tier quality and performance. Perfect for sports enthusiasts.,"racket,outdoor,sports,tennis,court,yonex",High quality|Durable design|Premium materials|Authentic Yonex product,https://www.amazon.in/s?k=Yonex%20EZONE%2098,https://www.flipkart.com/search?q=Yonex%20EZONE%2098,,budget,0.87
760,Prince Phantom 100,Sports,Tennis,Prince,67.44,4.9,0,,/images/products/foamroller1.png,Premium tennis by Prince. The Prince Phantom 100 features top-tier quality and performance. Perfect for sports enthusiasts.,"tennis,sports,court,prince,racket,outdoor",High quality|Durable design|Premium materials|Authentic Prince product,https://www.amazon.in/s?k=Prince%20Phantom%20100,https://www.flipkart.com/search?q=Prince%20Phantom%20100,,mid-range,0.99
764,Victor Thruster F Plus,Sports,Badminton,Victor,23.02,3.9,0,,/images/products/foamroller1.png,Premium badminton by Victor. The Victor Thruster F Plus features top-tier quality and performance. Perfect for sports enthusiasts.,"indoor,sports,racket,shuttlecock,victor,badminton",High quality|Durable design|Premium materials|Authentic Victor product,https://www.amazon.in/s?k=Victor%20Thruster%20F%20Plus,https://www.flipkart.com/search?q=Victor%20Thruster%20F%20Plus,,budget,0.85
767,Apacs Z-Ziggler,Sports,Badminton,Apacs,193.35,4.6,0,,/images/products/foamroller1.png,Premium badminton by Apacs. The Apacs Z-Ziggler features top-tier quality and performance. Perfect for sports enthusiasts.,"sports,indoor,shuttlecock,apacs,badminton,racket",High quality|Durable design|Premium materials|Authentic Apacs product,https://www.amazon.in/s?k=Apacs%20Z-Ziggler,https://www.flipkart.com/search?q=Apacs%20Z-Ziggler,,mid-range,0.88
770,Yonex Astrox 99 Pro Pro,Sports,Badminton,Yonex,183.73,4.9,0,,/images/products/foamroller1.png,Premium badminton by Yonex. The Yonex Astrox 99 Pro Pro features top-tier quality and performance. Perfect for sports enthusiasts.,"racket,yonex,sports,indoor,shuttlecock,badminton",High quality|Durable design|Premium materials|Authentic Yonex product,https://www.amazon.in/s?k=Yonex%20Astrox%2099%20Pro%20Pro,https://www.flipkart.com/search?q=Yonex%20Astrox%2099%20Pro%20Pro,,mid-range,0.29
771,Li-Ning Aeronaut 9000,Sports,Badminton,Li-Ning,10.08,4.0,0,,/images/products/foamroller1.png,Premium badminton by Li-Ning. The Li-Ning Aeronaut 9000 features top-tier quality and performance. Perfect for sports enthusiasts.,"sports,indoor,badminton,shuttlecock,li-ning,racket",High quality|Durable design|Premium materials|Authentic Li-Ning product,https://www.amazon.in/s?k=Li-Ning%20Aeronaut%209000,https://www.flipkart.com/search?q=Li-Ning%20Aeronaut%209000,,budget,0.77
772,Yonex Astrox 99 Pro Edition,Sports,Badminton,Yonex,84.43,4.9,0,,/images/products/foamroller1.png,Premium badminton by Yonex. The Yonex Astrox 99 Pro Edition features top-tier quality and performance. Perfect for sports enthusiasts.,"shuttlecock,sports,yonex,racket,badminton,indoor",High quality|Durable design|Premium materials|Authentic Yonex product,https://www.amazon.in/s?k=Yonex%20Astrox%2099%20Pro%20Edition,https://www.flipkart.com/search?q=Yonex%20Astrox%2099%20Pro%20Edition,,mid-range,0.66
775,Yonex Astrox 99 Pro V2,Sports,Badminton,Yonex,17.87,3.6,0,,/images/products/foamroller1.png,Premium badminton by Yonex. The Yonex Astrox 99 Pro V2 features top-tier quality and performance. Perfect for sports enthusiasts.,"badminton,indoor,sports,yonex,racket,shuttlecock",High quality|Durable design|Premium materials|Authentic Yonex product,https://www.amazon.in/s?k=Yonex%20Astrox%2099%20Pro%20V2,https://www.flipkart.com/search?q=Yonex%20Astrox%2099%20Pro%20V2,,budget,0.16
776,Carlton Kinesis 80S,Sports,Badminton,Carlton,150.83,4.4,0,,/images/products/foamroller1.png,Premium badminton by Carlton. The Carlton Kinesis 80S features top-tier quality and performance. Perfect for sports enthusiasts.,"badminton,shuttlecock,racket,indoor,carlton,sports",High quality|Durable design|Premium materials|Authentic Carlton product,https://www.amazon.in/s?k=Carlton%20Kinesis%2080S,https://www.flipkart.com/search?q=Carlton%20Kinesis%2080S,,mid-range,0.67
777,Carlton Kinesis 80S Plus,Sports,Badminton,Carlton,51.4,4.3,0,,/images/products/foamroller1.png,Premium badminton by Carlton. The Carlton Kinesis 80S Plus features top-tier quality and performance. Perfect for sports enthusiasts.,"carlton,shuttlecock,racket,indoor,sports,badminton",High quality|Durable design|Premium materials|Authentic Carlton product,https://www.amazon.in/s?k=Carlton%20Kinesis%2080S%20Plus,https://www.flipkart.com/search?q=Carlton%20Kinesis%2080S%20Plus,,mid-range,0.71
778,Victor Thruster F,Sports,Badminton,Victor,86.93,3.8,0,,/images/products/foamroller1.png,Premium badminton by Victor. The Victor Thruster F features top-tier quality and performance. Perfect for sports enthusiasts.,"sports,indoor,victor,racket,shuttlecock,badminton",High quality|Durable design|Premium materials|Authentic Victor product,https://www.amazon.in/s?k=Victor%20Thruster%20F,https://www.flipkart.com/search?q=Victor%20Thruster%20F,,mid-range,0.78
779,Victor Thruster F Max,Sports,Badminton,Victor,93.0,3.6,0,,/images/products/foamroller1.png,Premium badminton by Victor. The Victor Thruster F Max features top-tier quality and performance. Perfect for sports enthusiasts.,"racket,victor,indoor,sports,badminton,shuttlecock",High quality|Durable design|Premium materials|Authentic Victor product,https://www.amazon.in/s?k=Victor%20Thruster%20F%20Max,https://www.flipkart.com/search?q=Victor%20Thruster%20F%20Max,,mid-range,0.44
780,Yonex Astrox 99 Pro,Sports,Badminton,Yonex,147.14,3.5,0,,/images/products/foamroller1.png,Premium badminton by Yonex. The Yonex Astrox 99 Pro features top-tier quality and performance. Perfect for sports enthusiasts.,"badminton,racket,sports,yonex,shuttlecock,indoor",High quality|Durable design|Premium materials|Authentic Yonex product,https://www.amazon.in/s?k=Yonex%20Astrox%2099%20Pro,https://www.flipkart.com/search?q=Yonex%20Astrox%2099%20Pro,,mid-range,0.42
781,Razer Wolverine V2 Pro,Gaming,Controllers,Razer,321.39,3.6,0,,/images/products/macbook_pro_14.png,Premium controllers by Razer. The Razer Wolverine V2 Pro features top-tier quality and performance. Perfect for gaming enthusiasts.,"gaming,razer,console,gamepad,pc,controller",High quality|Durable design|Premium materials|Authentic Razer product,https://www.amazon.in/s?k=Razer%20Wolverine%20V2%20Pro,https://www.flipkart.com/search?q=Razer%20Wolverine%20V2%20Pro,,premium,0.76
791,Nintendo Pro Controller,Gaming,Controllers,Nintendo,462.31,4.4,0,,/images/products/foamroller1.png,Premium controllers by Nintendo. The Nintendo Pro Controller features top-tier quality and performance. Perfect for gaming enthusiasts.,"gaming,nintendo,gamepad,controller,pc,console",High quality|Durable design|Premium materials|Authentic Nintendo product,https://www.amazon.in/s?k=Nintendo%20Pro%20Controller,https://www.flipkart.com/search?q=Nintendo%20Pro%20Controller,,premium,0.8
793,8BitDo Ultimate Bluetooth Edition,Gaming,Controllers,8BitDo,651.32,4.9,0,,/images/products/macbook_pro_14.png,Premium controllers by 8BitDo. The 8BitDo Ultimate Bluetooth Edition features top-tier quality and performance. Perfect for gaming enthusiasts.,"gaming,8bitdo,console,pc,gamepad,controller",High quality|Durable design|Premium materials|Authentic 8BitDo product,https://www.amazon.in/s?k=8BitDo%20Ultimate%20Bluetooth%20Edition,https://www.flipkart.com/search?q=8BitDo%20Ultimate%20Bluetooth%20Edition,,premium,0.97
795,Razer Wolverine V2,Gaming,Controllers,Razer,134.11,4.9,0,,/images/products/macbook_pro_14.png,Premium controllers by Razer. The Razer Wolverine V2 features top-tier quality and performance. Perfect for gaming enthusiasts.,"gamepad,pc,console,controller,razer,gaming",High quality|Durable design|Premium materials|Authentic Razer product,https://www.amazon.in/s?k=Razer%20Wolverine%20V2,https://www.flipkart.com/search?q=Razer%20Wolverine%20V2,,mid-range,0.74
798,Microsoft Xbox Elite Series 2,Gaming,Controllers,Microsoft,126.65,4.7,0,,/images/products/macbook_pro_14.png,Premium controllers by Microsoft. The Microsoft Xbox Elite Series 2 features top-tier quality and performance. Perfect for gaming enthusiasts.,"gaming,console,pc,gamepad,microsoft,controller",High quality|Durable design|Premium materials|Authentic Microsoft product,https://www.amazon.in/s?k=Microsoft%20Xbox%20Elite%20Series%202,https://www.flipkart.com/search?q=Microsoft%20Xbox%20Elite%20Series%202,,mid-range,0.59
799,8BitDo Ultimate Bluetooth,Gaming,Controllers,8BitDo,33.19,4.8,0,,/images/products/macbook_pro_14.png,Premium controllers by 8BitDo. The 8BitDo Ultimate Bluetooth features top-tier quality and performance. Perfect for gaming enthusiasts.,"console,pc,controller,8bitdo,gamepad,gaming",High quality|Durable design|Premium materials|Authentic 8BitDo product,https://www.amazon.in/s?k=8BitDo%20Ultimate%20Bluetooth,https://www.flipkart.com/search?q=8BitDo%20Ultimate%20Bluetooth,,budget,0.15
800,Sony DualSense Wireless,Gaming,Controllers,Sony,678.66,4.0,0,,/images/products/macbook_pro_14.png,Premium controllers by Sony. The Sony DualSense Wireless features top-tier quality and performance. Perfect for gaming enthusiasts.,"gamepad,pc,gaming,console,sony,controller",High quality|Durable design|Premium materials|Authentic Sony product,https://www.amazon.in/s?k=Sony%20DualSense%20Wireless,https://www.flipkart.com/search?q=Sony%20DualSense%20Wireless,,premium,0.48
803,SteelSeries Apex Pro TKL Elite,Gaming,Gaming Keyboards,SteelSeries,286.89,4.3,0,,/images/products/macbook_pro_14.png,Premium gaming keyboards by SteelSeries. The SteelSeries Apex Pro TKL Elite features top-tier quality and performance. Perfect for gaming enthusiasts.,"keyboard,rgb,steelseries,pc,gaming,mechanical",High quality|Durable design|Premium materials|Authentic SteelSeries product,https://www.amazon.in/s?k=SteelSeries%20Apex%20Pro%20TKL%20Elite,https://www.flipkart.com/search?q=SteelSeries%20Apex%20Pro%20TKL%20Elite,,premium,0.85
804,Corsair K100 RGB Plus,Gaming,Gaming Keyboards,Corsair,635.54,4.3,0,,/images/products/macbook_pro_14.png,Premium gaming keyboards by Corsair. The Corsair K100 RGB Plus features top-tier quality and performance. Perfect for gaming enthusiasts.,"corsair,keyboard,mechanical,gaming,rgb,pc",High quality|Durable design|Premium materials|Authentic Corsair product,https://www.amazon.in/s?k=Corsair%20K100%20RGB%20Plus,https://www.flipkart.com/search?q=Corsair%20K100%20RGB%20Plus,,premium,0.2
812,SteelSeries Apex Pro TKL Plus,Gaming,Gaming Keyboards,SteelSeries,509.54,4.2,0,,/images/products/macbook_pro_14.png,Premium gaming keyboards by SteelSeries. The SteelSeries Apex Pro TKL Plus features top-tier quality and performance. Perfect for gaming enthusiasts.,"pc,gaming,rgb,keyboard,mechanical,steelseries",High quality|Durable design|Premium materials|Authentic SteelSeries product,https://www.amazon.in/s?k=SteelSeries%20Apex%20Pro%20TKL%20Plus,https://www.flipkart.com/search?q=SteelSeries%20Apex%20Pro%20TKL%20Plus,,premium,0.54
815,HyperX Alloy Origins,Gaming,Gaming Keyboards,HyperX,240.25,4.3,0,,/images/products/macbook_pro_14.png,Premium gaming keyboards by HyperX. The HyperX Alloy Origins features top-tier quality and performance. Perfect for gaming enthusiasts.,"gaming,hyperx,keyboard,rgb,mechanical,pc",High quality|Durable design|Premium materials|Authentic HyperX product,https://www.amazon.in/s?k=HyperX%20Alloy%20Origins,https://www.flipkart.com/search?q=HyperX%20Alloy%20Origins,,premium,0.91
816,Logitech G G915 Lightspeed,Gaming,Gaming Keyboards,Logitech G,132.71,4.1,0,,/images/products/macbook_pro_14.png,Premium gaming keyboards by Logitech G. The Logitech G G915 Lightspeed features top-tier quality and performance. Perfect for gaming enthusiasts.,"keyboard,gaming,mechanical,logitech g,rgb,pc",High quality|Durable design|Premium materials|Authentic Logitech G product,https://www.amazon.in/s?k=Logitech%20G%20G915%20Lightspeed,https://www.flipkart.com/search?q=Logitech%20G%20G915%20Lightspeed,,mid-range,0.35
817,Razer Huntsman V2,Gaming,Gaming Keyboards,Razer,360.38,4.5,0,,/images/products/macbook_pro_14.png,Premium gaming keyboards by Razer. The Razer Huntsman V2 features top-tier quality and performance. Perfect for gaming enthusiasts.,"mechanical,razer,keyboard,rgb,pc,gaming",High quality|Durable design|Premium materials|Authentic Razer product,https://www.amazon.in/s?k=Razer%20Huntsman%20V2,https://www.flipkart.com/search?q=Razer%20Huntsman%20V2,,premium,0.17
818,Logitech G G915 Lightspeed Plus,Gaming,Gaming Keyboards,Logitech G,735.2,4.6,0,,/images/products/macbook_pro_14.png,Premium gaming keyboards by Logitech G. The Logitech G G915 Lightspeed Plus features top-tier quality and performance. Perfect for gaming enthusiasts.,"keyboard,pc,rgb,mechanical,logitech g,gaming",High quality|Durable design|Premium materials|Authentic Logitech G product,https://www.amazon.in/s?k=Logitech%20G%20G915%20Lightspeed%20Plus,https://www.flipkart.com/search?q=Logitech%20G%20G915%20Lightspeed%20Plus,,premium,0.89
820,SteelSeries Apex Pro TKL,Gaming,Gaming Keyboards,SteelSeries,489.44,4.9,0,,/images/products/macbook_pro_14.png,Premium gaming keyboards by SteelSeries. The SteelSeries Apex Pro TKL features top-tier quality and performance. Perfect for gaming enthusiasts.,"mechanical,keyboard,gaming,pc,rgb,steelseries",High quality|Durable design|Premium materials|Authentic SteelSeries product,https://www.amazon.in/s?k=SteelSeries%20Apex%20Pro%20TKL,https://www.flipkart.com/search?q=SteelSeries%20Apex%20Pro%20TKL,,premium,0.31
823,Logitech G G Pro X Superlight Edition,Gaming,Gaming Mice,Logitech G,504.11,4.8,0,,/images/products/macbook_pro_14.png,Premium gaming mice by Logitech G. The Logitech G G Pro X Superlight Edition features top-tier quality and performance. Perfect for gaming enthusiasts.,"wireless,mouse,logitech g,gaming,rgb,pc",High quality|Durable design|Premium materials|Authentic Logitech G product,https://www.amazon.in/s?k=Logitech%20G%20G%20Pro%20X%20Superlight%20Edition,https://www.flipkart.com/search?q=Logitech%20G%20G%20Pro%20X%20Superlight%20Edition,,premium,0.17
824,Logitech G G Pro X Superlight Elite,Gaming,Gaming Mice,Logitech G,478.06,3.9,0,,/images/products/macbook_pro_14.png,Premium gaming mice by Logitech G. The Logitech G G Pro X Superlight Elite features top-tier quality and performance. Perfect for gaming enthusiasts.,"rgb,gaming,wireless,pc,mouse,logitech g",High quality|Durable design|Premium materials|Authentic Logitech G product,https://www.amazon.in/s?k=Logitech%20G%20G%20Pro%20X%20Superlight%20Elite,https://www.flipkart.com/search?q=Logitech%20G%20G%20Pro%20X%20Superlight%20Elite,,premium,0.29
828,Glorious Model O Edition,Gaming,Gaming Mice,Glorious,768.79,4.9,0,,/images/products/macbook_pro_14.png,Premium gaming mice by Glorious. The Glorious Model O Edition features top-tier quality and performance. Perfect for gaming enthusiasts.,"pc,glorious,rgb,wireless,gaming,mouse",High quality|Durable design|Premium materials|Authentic Glorious product,https://www.amazon.in/s?k=Glorious%20Model%20O%20Edition,https://www.flipkart.com/search?q=Glorious%20Model%20O%20Edition,,premium,0.71
830,Glorious Model O Ultra,Gaming,Gaming Mice,Glorious,159.02,4.8,0,,/images/products/macbook_pro_14.png,Premium gaming mice by Glorious. The Glorious Model O Ultra features top-tier quality and performance. Perfect for gaming enthusiasts.,"rgb,glorious,wireless,pc,mouse,gaming",High quality|Durable design|Premium materials|Authentic Glorious product,https://www.amazon.in/s?k=Glorious%20Model%20O%20Ultra,https://www.flipkart.com/search?q=Glorious%20Model%20O%20Ultra,,mid-range,0.18
831,Razer DeathAdder V3 Pro Plus,Gaming,Gaming Mice,Razer,69.5,3.7,0,,/images/products/mouse.png,Premium gaming mice by Razer. The Razer DeathAdder V3 Pro Plus features top-tier quality and performance. Perfect for gaming enthusiasts.,"wireless,rgb,razer,mouse,pc,gaming",High quality|Durable design|Premium materials|Authentic Razer product,https://www.amazon.in/s?k=Razer%20DeathAdder%20V3%20Pro%20Plus,https://www.flipkart.com/search?q=Razer%20DeathAdder%20V3%20Pro%20Plus,,mid-range,0.83
832,Razer DeathAdder V3 Pro Ultra,Gaming,Gaming Mice,Razer,418.51,4.4,0,,/images/products/razer_deathadder_v3_pro_black.jpg,Premium gaming mice by Razer. The Razer DeathAdder V3 Pro Ultra features top-tier quality and performance. Perfect for gaming enthusiasts.,"mouse,razer,wireless,pc,gaming,rgb",High quality|Durable design|Premium materials|Authentic Razer product,https://www.amazon.in/s?k=Razer%20DeathAdder%20V3%20Pro%20Ultra,https://www.flipkart.com/search?q=Razer%20DeathAdder%20V3%20Pro%20Ultra,,premium,0.88
833,Logitech G G Pro X Superlight Pro,Gaming,Gaming Mice,Logitech G,314.56,3.6,0,,/images/products/macbook_pro_14.png,Premium gaming mice by Logitech G. The Logitech G G Pro X Superlight Pro features top-tier quality and performance. Perfect for gaming enthusiasts.,"rgb,gaming,mouse,logitech g,pc,wireless",High quality|Durable design|Premium materials|Authentic Logitech G product,https://www.amazon.in/s?k=Logitech%20G%20G%20Pro%20X%20Superlight%20Pro,https://www.flipkart.com/search?q=Logitech%20G%20G%20Pro%20X%20Superlight%20Pro,,premium,0.1
834,Logitech G G Pro X Superlight,Gaming,Gaming Mice,Logitech G,418.95,4.4,0,,/images/products/macbook_pro_14.png,Premium gaming mice by Logitech G. The Logitech G G Pro X Superlight features top-tier quality and performance. Perfect for gaming enthusiasts.,"logitech g,rgb,pc,wireless,mouse,gaming",High quality|Durable design|Premium materials|Authentic Logitech G product,https://www.amazon.in/s?k=Logitech%20G%20G%20Pro%20X%20Superlight,https://www.flipkart.com/search?q=Logitech%20G%20G%20Pro%20X%20Superlight,,premium,0.49
837,SteelSeries Aerox 5 Wireless,Gaming,Gaming Mice,SteelSeries,547.47,5.0,0,,/images/products/macbook_pro_14.png,Premium gaming mice by SteelSeries. The SteelSeries Aerox 5 Wireless features top-tier quality and performance. Perfect for gaming enthusiasts.,"wireless,steelseries,gaming,mouse,pc,rgb",High quality|Durable design|Premium materials|Authentic SteelSeries product,https://www.amazon.in/s?k=SteelSeries%20Aerox%205%20Wireless,https://www.flipkart.com/search?q=SteelSeries%20Aerox%205%20Wireless,,premium,0.97
838,Glorious Model O Elite,Gaming,Gaming Mice,Glorious,395.82,4.5,0,,/images/products/macbook_pro_14.png,Premium gaming mice by Glorious. The Glorious Model O Elite features top-tier quality and performance. Perfect for gaming enthusiasts.,"wireless,pc,glorious,rgb,mouse,gaming",High quality|Durable design|Premium materials|Authentic Glorious product,https://www.amazon.in/s?k=Glorious%20Model%20O%20Elite,https://www.flipkart.com/search?q=Glorious%20Model%20O%20Elite,,premium,0.86
840,Glorious Model O,Gaming,Gaming Mice,Glorious,330.13,4.5,0,,/images/products/macbook_pro_14.png,Premium gaming mice by Glorious. The Glorious Model O features top-tier quality and performance. Perfect for gaming enthusiasts.,"rgb,glorious,gaming,mouse,wireless,pc",High quality|Durable design|Premium materials|Authentic Glorious product,https://www.amazon.in/s?k=Glorious%20Model%20O,https://www.flipkart.com/search?q=Glorious%20Model%20O,,premium,0.62
842,HyperX Cloud II Wireless V2,Gaming,Headsets,HyperX,609.8,4.5,0,,/images/products/macbook_pro_14.png,Premium headsets by HyperX. The HyperX Cloud II Wireless V2 features top-tier quality and performance. Perfect for gaming enthusiasts.,"headset,mic,audio,hyperx,gaming,surround",High quality|Durable design|Premium materials|Authentic HyperX product,https://www.amazon.in/s?k=HyperX%20Cloud%20II%20Wireless%20V2,https://www.flipkart.com/search?q=HyperX%20Cloud%20II%20Wireless%20V2,,premium,0.89
843,Astro A50 Wireless V2,Gaming,Headsets,Astro,539.42,4.7,0,,/images/products/macbook_pro_14.png,Premium headsets by Astro. The Astro A50 Wireless V2 features top-tier quality and performance. Perfect for gaming enthusiasts.,"astro,audio,gaming,surround,mic,headset",High quality|Durable design|Premium materials|Authentic Astro product,https://www.amazon.in/s?k=Astro%20A50%20Wireless%20V2,https://www.flipkart.com/search?q=Astro%20A50%20Wireless%20V2,,premium,0.39
847,Logitech G PRO X Wireless Ultra,Gaming,Headsets,Logitech G,733.5,4.6,0,,/images/products/macbook_pro_14.png,Premium headsets by Logitech G. The Logitech G PRO X Wireless Ultra features top-tier quality and performance. Perfect for gaming enthusiasts.,"gaming,surround,headset,audio,mic,logitech g",High quality|Durable design|Premium materials|Authentic Logitech G product,https://www.amazon.in/s?k=Logitech%20G%20PRO%20X%20Wireless%20Ultra,https://www.flipkart.com/search?q=Logitech%20G%20PRO%20X%20Wireless%20Ultra,,premium,0.95
850,Astro A50 Wireless,Gaming,Headsets,Astro,508.93,3.6,0,,/images/products/macbook_pro_14.png,Premium headsets by Astro. The Astro A50 Wireless features top-tier quality and performance. Perfect for gaming enthusiasts.,"surround,gaming,headset,audio,astro,mic",High quality|Durable design|Premium materials|Authentic Astro product,https://www.amazon.in/s?k=Astro%20A50%20Wireless,https://www.flipkart.com/search?q=Astro%20A50%20Wireless,,premium,0.18
851,Logitech G PRO X Wireless Plus,Gaming,Headsets,Logitech G,695.23,4.3,0,,/images/products/macbook_pro_14.png,Premium headsets by Logitech G. The Logitech G PRO X Wireless Plus features top-tier quality and performance. Perfect for gaming enthusiasts.,"surround,mic,audio,headset,logitech g,gaming",High quality|Durable design|Premium materials|Authentic Logitech G product,https://www.amazon.in/s?k=Logitech%20G%20PRO%20X%20Wireless%20Plus,https://www.flipkart.com/search?q=Logitech%20G%20PRO%20X%20Wireless%20Plus,,premium,0.86
855,HyperX Cloud II Wireless Plus,Gaming,Headsets,HyperX,219.96,4.7,0,,/images/products/macbook_pro_14.png,Premium headsets by HyperX. The HyperX Cloud II Wireless Plus features top-tier quality and performance. Perfect for gaming enthusiasts.,"mic,audio,headset,surround,gaming,hyperx",High quality|Durable design|Premium materials|Authentic HyperX product,https://www.amazon.in/s?k=HyperX%20Cloud%20II%20Wireless%20Plus,https://www.flipkart.com/search?q=HyperX%20Cloud%20II%20Wireless%20Plus,,premium,0.41
856,Razer BlackShark V2 Pro,Gaming,Headsets,Razer,431.35,4.1,0,,/images/products/macbook_pro_14.png,Premium headsets by Razer. The Razer BlackShark V2 Pro features top-tier quality and performance. Perfect for gaming enthusiasts.,"audio,headset,gaming,razer,mic,surround",High quality|Durable design|Premium materials|Authentic Razer product,https://www.amazon.in/s?k=Razer%20BlackShark%20V2%20Pro,https://www.flipkart.com/search?q=Razer%20BlackShark%20V2%20Pro,,premium,0.62
858,Astro A50 Wireless Pro,Gaming,Headsets,Astro,115.82,4.3,0,,/images/products/macbook_pro_14.png,Premium headsets by Astro. The Astro A50 Wireless Pro features top-tier quality and performance. Perfect for gaming enthusiasts.,"surround,mic,headset,audio,gaming,astro",High quality|Durable design|Premium materials|Authentic Astro product,https://www.amazon.in/s?k=Astro%20A50%20Wireless%20Pro,https://www.flipkart.com/search?q=Astro%20A50%20Wireless%20Pro,,mid-range,0.97
859,HyperX Cloud II Wireless,Gaming,Headsets,HyperX,678.75,3.9,0,,/images/products/macbook_pro_14.png,Premium headsets by HyperX. The HyperX Cloud II Wireless features top-tier quality and performance. Perfect for gaming enthusiasts.,"headset,audio,gaming,surround,hyperx,mic",High quality|Durable design|Premium materials|Authentic HyperX product,https://www.amazon.in/s?k=HyperX%20Cloud%20II%20Wireless,https://www.flipkart.com/search?q=HyperX%20Cloud%20II%20Wireless,,premium,0.44
860,SteelSeries Arctis Nova Pro,Gaming,Headsets,SteelSeries,729.66,4.6,0,,/images/products/macbook_pro_14.png,Premium headsets by SteelSeries. The SteelSeries Arctis Nova Pro features top-tier quality and performance. Perfect for gaming enthusiasts.,"steelseries,audio,surround,gaming,headset,mic",High quality|Durable design|Premium materials|Authentic SteelSeries product,https://www.amazon.in/s?k=SteelSeries%20Arctis%20Nova%20Pro,https://www.flipkart.com/search?q=SteelSeries%20Arctis%20Nova%20Pro,,premium,0.75
863,Razer Iskur Max,Gaming,Gaming Chairs,Razer,712.46,4.4,0,,/images/products/macbook_pro_14.png,Premium gaming chairs by Razer. The Razer Iskur Max features top-tier quality and performance. Perfect for gaming enthusiasts.,"razer,setup,chair,comfort,ergonomic,gaming",High quality|Durable design|Premium materials|Authentic Razer product,https://www.amazon.in/s?k=Razer%20Iskur%20Max,https://www.flipkart.com/search?q=Razer%20Iskur%20Max,,premium,0.7
865,Secretlab Titan Evo 2022,Gaming,Gaming Chairs,Secretlab,45.11,3.5,0,,/images/products/macbook_pro_14.png,Premium gaming chairs by Secretlab. The Secretlab Titan Evo 2022 features top-tier quality and performance. Perfect for gaming enthusiasts.,"gaming,chair,comfort,secretlab,setup,ergonomic",High quality|Durable design|Premium materials|Authentic Secretlab product,https://www.amazon.in/s?k=Secretlab%20Titan%20Evo%202022,https://www.flipkart.com/search?q=Secretlab%20Titan%20Evo%202022,,budget,0.51
866,DXRacer Formula Series Plus,Gaming,Gaming Chairs,DXRacer,106.14,3.8,0,,/images/products/macbook_pro_14.png,Premium gaming chairs by DXRacer. The DXRacer Formula Series Plus features top-tier quality and performance. Perfect for gaming enthusiasts.,"comfort,chair,setup,ergonomic,dxracer,gaming",High quality|Durable design|Premium materials|Authentic DXRacer product,https://www.amazon.in/s?k=DXRacer%20Formula%20Series%20Plus,https://www.flipkart.com/search?q=DXRacer%20Formula%20Series%20Plus,,mid-range,0.66
868,Secretlab Titan Evo 2022 V2,Gaming,Gaming Chairs,Secretlab,428.59,4.7,0,,/images/products/macbook_pro_14.png,Premium gaming chairs by Secretlab. The Secretlab Titan Evo 2022 V2 features top-tier quality and performance. Perfect for gaming enthusiasts.,"setup,ergonomic,gaming,chair,secretlab,comfort",High quality|Durable design|Premium materials|Authentic Secretlab product,https://www.amazon.in/s?k=Secretlab%20Titan%20Evo%202022%20V2,https://www.flipkart.com/search?q=Secretlab%20Titan%20Evo%202022%20V2,,premium,0.39
870,Secretlab Titan Evo 2022 Elite,Gaming,Gaming Chairs,Secretlab,529.74,4.3,0,,/images/products/macbook_pro_14.png,Premium gaming chairs by Secretlab. The Secretlab Titan Evo 2022 Elite features top-tier quality and performance. Perfect for gaming enthusiasts.,"comfort,gaming,ergonomic,setup,chair,secretlab",High quality|Durable design|Premium materials|Authentic Secretlab product,https://www.amazon.in/s?k=Secretlab%20Titan%20Evo%202022%20Elite,https://www.flipkart.com/search?q=Secretlab%20Titan%20Evo%202022%20Elite,,premium,0.4
871,Razer Iskur,Gaming,Gaming Chairs,Razer,541.32,4.7,0,,/images/products/macbook_pro_14.png,Premium gaming chairs by Razer. The Razer Iskur features top-tier quality and performance. Perfect for gaming enthusiasts.,"chair,setup,gaming,comfort,ergonomic,razer",High quality|Durable design|Premium materials|Authentic Razer product,https://www.amazon.in/s?k=Razer%20Iskur,https://www.flipkart.com/search?q=Razer%20Iskur,,premium,0.3
872,Corsair T3 Rush Edition,Gaming,Gaming Chairs,Corsair,275.79,4.0,0,,/images/products/macbook_pro_14.png,Premium gaming chairs by Corsair. The Corsair T3 Rush Edition features top-tier quality and performance. Perfect for gaming enthusiasts.,"setup,gaming,ergonomic,comfort,chair,corsair",High quality|Durable design|Premium materials|Authentic Corsair product,https://www.amazon.in/s?k=Corsair%20T3%20Rush%20Edition,https://www.flipkart.com/search?q=Corsair%20T3%20Rush%20Edition,,premium,0.49
876,Noblechairs Hero Series,Gaming,Gaming Chairs,Noblechairs,208.93,4.8,0,,/images/products/macbook_pro_14.png,Premium gaming chairs by Noblechairs. The Noblechairs Hero Series features top-tier quality and performance. Perfect for gaming enthusiasts.,"setup,noblechairs,gaming,ergonomic,chair,comfort",High quality|Durable design|Premium materials|Authentic Noblechairs product,https://www.amazon.in/s?k=Noblechairs%20Hero%20Series,https://www.flipkart.com/search?q=Noblechairs%20Hero%20Series,,premium,0.51
878,Corsair T3 Rush,Gaming,Gaming Chairs,Corsair,476.98,4.4,0,,/images/products/macbook_pro_14.png,Premium gaming chairs by Corsair. The Corsair T3 Rush features top-tier quality and performance. Perfect for gaming enthusiasts.,"setup,ergonomic,gaming,corsair,chair,comfort",High quality|Durable design|Premium materials|Authentic Corsair product,https://www.amazon.in/s?k=Corsair%20T3%20Rush,https://www.flipkart.com/search?q=Corsair%20T3%20Rush,,premium,0.2
879,DXRacer Formula Series,Gaming,Gaming Chairs,DXRacer,187.48,4.5,0,,/images/products/macbook_pro_14.png,Premium gaming chairs by DXRacer. The DXRacer Formula Series features top-tier quality and performance. Perfect for gaming enthusiasts.,"dxracer,ergonomic,gaming,comfort,chair,setup",High quality|Durable design|Premium materials|Authentic DXRacer product,https://www.amazon.in/s?k=DXRacer%20Formula%20Series,https://www.flipkart.com/search?q=DXRacer%20Formula%20Series,,mid-range,0.92
880,Corsair T3 Rush V2,Gaming,Gaming Chairs,Corsair,215.69,4.6,0,,/images/products/macbook_pro_14.png,Premium gaming chairs by Corsair. The Corsair T3 Rush V2 features top-tier quality and performance. Perfect for gaming enthusiasts.,"gaming,comfort,ergonomic,setup,chair,corsair",High quality|Durable design|Premium materials|Authentic Corsair product,https://www.amazon.in/s?k=Corsair%20T3%20Rush%20V2,https://www.flipkart.com/search?q=Corsair%20T3%20Rush%20V2,,premium,0.14
881,Instant Pot Duo 7-in-1 Edition,Home Appliances,Kitchen,Instant Pot,931.15,3.9,0,,/images/products/cookware.png,Premium kitchen by Instant Pot. The Instant Pot Duo 7-in-1 Edition features top-tier quality and performance. Perfect for home appliances enthusiasts.,"home,instant pot,food,cooking,kitchen,appliance",High quality|Durable design|Premium materials|Authentic Instant Pot product,https://www.amazon.in/s?k=Instant%20Pot%20Duo%207-in-1%20Edition,https://www.flipkart.com/search?q=Instant%20Pot%20Duo%207-in-1%20Edition,,luxury,0.36
884,Instant Pot Duo 7-in-1,Home Appliances,Kitchen,Instant Pot,652.05,3.6,0,,/images/products/cookware.png,Premium kitchen by Instant Pot. The Instant Pot Duo 7-in-1 features top-tier quality and performance. Perfect for home appliances enthusiasts.,"kitchen,home,appliance,instant pot,food,cooking",High quality|Durable design|Premium materials|Authentic Instant Pot product,https://www.amazon.in/s?k=Instant%20Pot%20Duo%207-in-1,https://www.flipkart.com/search?q=Instant%20Pot%20Duo%207-in-1,,premium,0.43
885,Instant Pot Duo 7-in-1 Plus,Home Appliances,Kitchen,Instant Pot,235.49,4.1,0,,/images/products/cookware.png,Premium kitchen by Instant Pot. The Instant Pot Duo 7-in-1 Plus features top-tier quality and performance. Perfect for home appliances enthusiasts.,"appliance,food,kitchen,home,cooking,instant pot",High quality|Durable design|Premium materials|Authentic Instant Pot product,https://www.amazon.in/s?k=Instant%20Pot%20Duo%207-in-1%20Plus,https://www.flipkart.com/search?q=Instant%20Pot%20Duo%207-in-1%20Plus,,premium,0.94
890,Philips Essential Airfryer Pro,Home Appliances,Kitchen,Philips,1443.72,4.6,0,,/images/products/airfryer.png,Premium kitchen by Philips. The Philips Essential Airfryer Pro features top-tier quality and performance. Perfect for home appliances enthusiasts.,"appliance,cooking,food,home,philips,kitchen",High quality|Durable design|Premium materials|Authentic Philips product,https://www.amazon.in/s?k=Philips%20Essential%20Airfryer%20Pro,https://www.flipkart.com/search?q=Philips%20Essential%20Airfryer%20Pro,,luxury,0.44
892,KitchenAid Artisan Stand Mixer Max,Home Appliances,Kitchen,KitchenAid,1222.72,3.9,0,,/images/products/coffeemaker.png,Premium kitchen by KitchenAid. The KitchenAid Artisan Stand Mixer Max features top-tier quality and performance. Perfect for home appliances enthusiasts.,"home,food,cooking,kitchen,appliance,kitchenaid",High quality|Durable design|Premium materials|Authentic KitchenAid product,https://www.amazon.in/s?k=KitchenAid%20Artisan%20Stand%20Mixer%20Max,https://www.flipkart.com/search?q=KitchenAid%20Artisan%20Stand%20Mixer%20Max,,luxury,0.14
893,Ninja Foodi Air Fryer Pro,Home Appliances,Kitchen,Ninja,1054.75,4.2,0,,/images/products/airfryer.png,Premium kitchen by Ninja. The Ninja Foodi Air Fryer Pro features top-tier quality and performance. Perfect for home appliances enthusiasts.,"kitchen,ninja,appliance,home,food,cooking",High quality|Durable design|Premium materials|Authentic Ninja product,https://www.amazon.in/s?k=Ninja%20Foodi%20Air%20Fryer%20Pro,https://www.flipkart.com/search?q=Ninja%20Foodi%20Air%20Fryer%20Pro,,luxury,0.33
895,Ninja Foodi Air Fryer Edition,Home Appliances,Kitchen,Ninja,955.69,4.0,0,,/images/products/airfryer.png,Premium kitchen by Ninja. The Ninja Foodi Air Fryer Edition features top-tier quality and performance. Perfect for home appliances enthusiasts.,"home,ninja,food,appliance,kitchen,cooking",High quality|Durable design|Premium materials|Authentic Ninja product,https://www.amazon.in/s?k=Ninja%20Foodi%20Air%20Fryer%20Edition,https://www.flipkart.com/search?q=Ninja%20Foodi%20Air%20Fryer%20Edition,,luxury,0.27
896,Breville Barista Express,Home Appliances,Kitchen,Breville,876.58,4.4,0,,/images/products/coffeemaker.png,Premium kitchen by Breville. The Breville Barista Express features top-tier quality and performance. Perfect for home appliances enthusiasts.,"breville,food,home,kitchen,cooking,appliance",High quality|Durable design|Premium materials|Authentic Breville product,https://www.amazon.in/s?k=Breville%20Barista%20Express,https://www.flipkart.com/search?q=Breville%20Barista%20Express,,luxury,0.24
902,KitchenAid Artisan Stand Mixer V2,Home Appliances,Kitchen,KitchenAid,858.58,4.9,0,,/images/products/coffeemaker.png,Premium kitchen by KitchenAid. The KitchenAid Artisan Stand Mixer V2 features top-tier quality and performance. Perfect for home appliances enthusiasts.,"kitchen,food,home,appliance,cooking,kitchenaid",High quality|Durable design|Premium materials|Authentic KitchenAid product,https://www.amazon.in/s?k=KitchenAid%20Artisan%20Stand%20Mixer%20V2,https://www.flipkart.com/search?q=KitchenAid%20Artisan%20Stand%20Mixer%20V2,,luxury,0.48
904,Breville Barista Express Elite,Home Appliances,Kitchen,Breville,199.06,4.3,0,,/images/products/coffeemaker.png,Premium kitchen by Breville. The Breville Barista Express Elite features top-tier quality and performance. Perfect for home appliances enthusiasts.,"breville,home,food,cooking,appliance,kitchen",High quality|Durable design|Premium materials|Authentic Breville product,https://www.amazon.in/s?k=Breville%20Barista%20Express%20Elite,https://www.flipkart.com/search?q=Breville%20Barista%20Express%20Elite,,mid-range,0.94
905,Philips Essential Airfryer,Home Appliances,Kitchen,Philips,886.16,3.9,0,,/images/products/airfryer.png,Premium kitchen by Philips. The Philips Essential Airfryer features top-tier quality and performance. Perfect for home appliances enthusiasts.,"appliance,home,cooking,food,kitchen,philips",High quality|Durable design|Premium materials|Authentic Philips product,https://www.amazon.in/s?k=Philips%20Essential%20Airfryer,https://www.flipkart.com/search?q=Philips%20Essential%20Airfryer,,luxury,0.19
906,KitchenAid Artisan Stand Mixer,Home Appliances,Kitchen,KitchenAid,989.94,4.5,0,,/images/products/coffeemaker.png,Premium kitchen by KitchenAid. The KitchenAid Artisan Stand Mixer features top-tier quality and performance. Perfect for home appliances enthusiasts.,"home,kitchenaid,appliance,cooking,food,kitchen",High quality|Durable design|Premium materials|Authentic KitchenAid product,https://www.amazon.in/s?k=KitchenAid%20Artisan%20Stand%20Mixer,https://www.flipkart.com/search?q=KitchenAid%20Artisan%20Stand%20Mixer,,luxury,0.77
907,Ninja Foodi Air Fryer,Home Appliances,Kitchen,Ninja,1499.53,4.3,0,,/images/products/airfryer.png,Premium kitchen by Ninja. The Ninja Foodi Air Fryer features top-tier quality and performance. Perfect for home appliances enthusiasts.,"appliance,cooking,kitchen,ninja,home,food",High quality|Durable design|Premium materials|Authentic Ninja product,https://www.amazon.in/s?k=Ninja%20Foodi%20Air%20Fryer,https://www.flipkart.com/search?q=Ninja%20Foodi%20Air%20Fryer,,luxury,0.65
908,Breville Barista Express Edition,Home Appliances,Kitchen,Breville,1490.34,4.1,0,,/images/products/coffeemaker.png,Premium kitchen by Breville. The Breville Barista Express Edition features top-tier quality and performance. Perfect for home appliances enthusiasts.,"food,appliance,cooking,kitchen,home,breville",High quality|Durable design|Premium materials|Authentic Breville product,https://www.amazon.in/s?k=Breville%20Barista%20Express%20Edition,https://www.flipkart.com/search?q=Breville%20Barista%20Express%20Edition,,luxury,0.33
909,Philips Essential Airfryer Plus,Home Appliances,Kitchen,Philips,957.23,3.7,0,,/images/products/airfryer.png,Premium kitchen by Philips. The Philips Essential Airfryer Plus features top-tier quality and performance. Perfect for home appliances enthusiasts.,"cooking,philips,kitchen,appliance,food,home",High quality|Durable design|Premium materials|Authentic Philips product,https://www.amazon.in/s?k=Philips%20Essential%20Airfryer%20Plus,https://www.flipkart.com/search?q=Philips%20Essential%20Airfryer%20Plus,,luxury,0.65
910,Breville Barista Express Plus,Home Appliances,Kitchen,Breville,1296.85,4.1,0,,/images/products/coffeemaker.png,Premium kitchen by Breville. The Breville Barista Express Plus features top-tier quality and performance. Perfect for home appliances enthusiasts.,"kitchen,breville,appliance,cooking,home,food",High quality|Durable design|Premium materials|Authentic Breville product,https://www.amazon.in/s?k=Breville%20Barista%20Express%20Plus,https://www.flipkart.com/search?q=Breville%20Barista%20Express%20Plus,,luxury,0.65
918,Bissell CrossWave Edition,Home Appliances,Cleaning,Bissell,1288.26,4.9,0,,/images/products/coffeemaker.png,Premium cleaning by Bissell. The Bissell CrossWave Edition features top-tier quality and performance. Perfect for home appliances enthusiasts.,"cleaning,smart,bissell,vacuum,home,appliance",High quality|Durable design|Premium materials|Authentic Bissell product,https://www.amazon.in/s?k=Bissell%20CrossWave%20Edition,https://www.flipkart.com/search?q=Bissell%20CrossWave%20Edition,,luxury,0.64
919,Dyson V15 Detect Pro,Home Appliances,Cleaning,Dyson,1063.63,3.7,0,,/images/products/coffeemaker.png,Premium cleaning by Dyson. The Dyson V15 Detect Pro features top-tier quality and performance. Perfect for home appliances enthusiasts.,"dyson,appliance,smart,home,vacuum,cleaning",High quality|Durable design|Premium materials|Authentic Dyson product,https://www.amazon.in/s?k=Dyson%20V15%20Detect%20Pro,https://www.flipkart.com/search?q=Dyson%20V15%20Detect%20Pro,,luxury,0.52
922,Bissell CrossWave,Home Appliances,Cleaning,Bissell,1286.5,3.8,0,,/images/products/coffeemaker.png,Premium cleaning by Bissell. The Bissell CrossWave features top-tier quality and performance. Perfect for home appliances enthusiasts.,"home,vacuum,bissell,smart,appliance,cleaning",High quality|Durable design|Premium materials|Authentic Bissell product,https://www.amazon.in/s?k=Bissell%20CrossWave,https://www.flipkart.com/search?q=Bissell%20CrossWave,,luxury,0.69
926,Dyson V15 Detect Max,Home Appliances,Cleaning,Dyson,358.7,3.6,0,,/images/products/coffeemaker.png,Premium cleaning by Dyson. The Dyson V15 Detect Max features top-tier quality and performance. Perfect for home appliances enthusiasts.,"dyson,appliance,vacuum,cleaning,home,smart",High quality|Durable design|Premium materials|Authentic Dyson product,https://www.amazon.in/s?k=Dyson%20V15%20Detect%20Max,https://www.flipkart.com/search?q=Dyson%20V15%20Detect%20Max,,premium,0.28
928,Bissell CrossWave Elite,Home Appliances,Cleaning,Bissell,1061.53,3.9,0,,/images/products/coffeemaker.png,Premium cleaning by Bissell. The Bissell CrossWave Elite features top-tier quality and performance. Perfect for home appliances enthusiasts.,"vacuum,smart,home,cleaning,appliance,bissell",High quality|Durable design|Premium materials|Authentic Bissell product,https://www.amazon.in/s?k=Bissell%20CrossWave%20Elite,https://www.flipkart.com/search?q=Bissell%20CrossWave%20Elite,,luxury,0.35
930,iRobot Roomba j7+,Home Appliances,Cleaning,iRobot,1373.7,4.5,0,,/images/products/coffeemaker.png,Premium cleaning by iRobot. The iRobot Roomba j7+ features top-tier quality and performance. Perfect for home appliances enthusiasts.,"vacuum,appliance,cleaning,home,irobot,smart",High quality|Durable design|Premium materials|Authentic iRobot product,https://www.amazon.in/s?k=iRobot%20Roomba%20j7%2B,https://www.flipkart.com/search?q=iRobot%20Roomba%20j7%2B,,luxury,0.38
931,Dyson V15 Detect,Home Appliances,Cleaning,Dyson,126.64,4.7,0,,/images/products/coffeemaker.png,Premium cleaning by Dyson. The Dyson V15 Detect features top-tier quality and performance. Perfect for home appliances enthusiasts.,"smart,vacuum,appliance,cleaning,home,dyson",High quality|Durable design|Premium materials|Authentic Dyson product,https://www.amazon.in/s?k=Dyson%20V15%20Detect,https://www.flipkart.com/search?q=Dyson%20V15%20Detect,,mid-range,0.76
932,Shark Navigator Lift-Away,Home Appliances,Cleaning,Shark,755.46,4.3,0,,/images/products/coffeemaker.png,Premium cleaning by Shark. The Shark Navigator Lift-Away features top-tier quality and performance. Perfect for home appliances enthusiasts.,"appliance,vacuum,shark,smart,cleaning,home",High quality|Durable design|Premium materials|Authentic Shark product,https://www.amazon.in/s?k=Shark%20Navigator%20Lift-Away,https://www.flipkart.com/search?q=Shark%20Navigator%20Lift-Away,,premium,0.33
935,Miele Complete C3 Elite,Home Appliances,Cleaning,Miele,1241.95,4.5,0,,/images/products/coffeemaker.png,Premium cleaning by Miele. The Miele Complete C3 Elite features top-tier quality and performance. Perfect for home appliances enthusiasts.,"miele,appliance,home,vacuum,smart,cleaning",High quality|Durable design|Premium materials|Authentic Miele product,https://www.amazon.in/s?k=Miele%20Complete%20C3%20Elite,https://www.flipkart.com/search?q=Miele%20Complete%20C3%20Elite,,luxury,0.94
936,Bissell CrossWave Max,Home Appliances,Cleaning,Bissell,692.28,4.2,0,,/images/products/coffeemaker.png,Premium cleaning by Bissell. The Bissell CrossWave Max features top-tier quality and performance. Perfect for home appliances enthusiasts.,"appliance,home,vacuum,smart,bissell,cleaning",High quality|Durable design|Premium materials|Authentic Bissell product,https://www.amazon.in/s?k=Bissell%20CrossWave%20Max,https://www.flipkart.com/search?q=Bissell%20CrossWave%20Max,,premium,0.69
937,Dyson V15 Detect Edition,Home Appliances,Cleaning,Dyson,980.03,4.4,0,,/images/products/coffeemaker.png,Premium cleaning by Dyson. The Dyson V15 Detect Edition features top-tier quality and performance. Perfect for home appliances enthusiasts.,"smart,home,cleaning,vacuum,appliance,dyson",High quality|Durable design|Premium materials|Authentic Dyson product,https://www.amazon.in/s?k=Dyson%20V15%20Detect%20Edition,https://www.flipkart.com/search?q=Dyson%20V15%20Detect%20Edition,,luxury,0.71
938,Miele Complete C3,Home Appliances,Cleaning,Miele,985.99,3.6,0,,/images/products/coffeemaker.png,Premium cleaning by Miele. The Miele Complete C3 features top-tier quality and performance. Perfect for home appliances enthusiasts.,"home,miele,smart,cleaning,vacuum,appliance",High quality|Durable design|Premium materials|Authentic Miele product,https://www.amazon.in/s?k=Miele%20Complete%20C3,https://www.flipkart.com/search?q=Miele%20Complete%20C3,,luxury,0.52
939,Dyson V15 Detect Elite,Home Appliances,Cleaning,Dyson,353.75,3.6,0,,/images/products/coffeemaker.png,Premium cleaning by Dyson. The Dyson V15 Detect Elite features top-tier quality and performance. Perfect for home appliances enthusiasts.,"cleaning,vacuum,smart,appliance,dyson,home",High quality|Durable design|Premium materials|Authentic Dyson product,https://www.amazon.in/s?k=Dyson%20V15%20Detect%20Elite,https://www.flipkart.com/search?q=Dyson%20V15%20Detect%20Elite,,premium,0.47
940,Shark Navigator Lift-Away Ultra,Home Appliances,Cleaning,Shark,403.26,4.5,0,,/images/products/coffeemaker.png,Premium cleaning by Shark. The Shark Navigator Lift-Away Ultra features top-tier quality and performance. Perfect for home appliances enthusiasts.,"appliance,vacuum,shark,cleaning,home,smart",High quality|Durable design|Premium materials|Authentic Shark product,https://www.amazon.in/s?k=Shark%20Navigator%20Lift-Away%20Ultra,https://www.flipkart.com/search?q=Shark%20Navigator%20Lift-Away%20Ultra,,premium,0.4
941,Nespresso VertuoPlus Ultra,Home Appliances,Coffee Makers,Nespresso,931.09,5.0,0,,/images/products/coffeemaker.png,Premium coffee makers by Nespresso. The Nespresso VertuoPlus Ultra features top-tier quality and performance. Perfect for home appliances enthusiasts.,"kitchen,espresso,nespresso,appliance,morning,coffee",High quality|Durable design|Premium materials|Authentic Nespresso product,https://www.amazon.in/s?k=Nespresso%20VertuoPlus%20Ultra,https://www.flipkart.com/search?q=Nespresso%20VertuoPlus%20Ultra,,luxury,0.5
945,Breville Bambino Plus V2,Home Appliances,Coffee Makers,Breville,1324.47,4.5,0,,/images/products/coffeemaker.png,Premium coffee makers by Breville. The Breville Bambino Plus V2 features top-tier quality and performance. Perfect for home appliances enthusiasts.,"coffee,espresso,morning,breville,kitchen,appliance",High quality|Durable design|Premium materials|Authentic Breville product,https://www.amazon.in/s?k=Breville%20Bambino%20Plus%20V2,https://www.flipkart.com/search?q=Breville%20Bambino%20Plus%20V2,,luxury,0.61
948,Hamilton Beach FlexBrew Edition,Home Appliances,Coffee Makers,Hamilton Beach,552.45,3.5,0,,/images/products/coffeemaker.png,Premium coffee makers by Hamilton Beach. The Hamilton Beach FlexBrew Edition features top-tier quality and performance. Perfect for home appliances enthusiasts.,"kitchen,appliance,coffee,espresso,morning,hamilton beach",High quality|Durable design|Premium materials|Authentic Hamilton Beach product,https://www.amazon.in/s?k=Hamilton%20Beach%20FlexBrew%20Edition,https://www.flipkart.com/search?q=Hamilton%20Beach%20FlexBrew%20Edition,,premium,0.75
952,Hamilton Beach FlexBrew Max,Home Appliances,Coffee Makers,Hamilton Beach,1061.42,4.8,0,,/images/products/coffeemaker.png,Premium coffee makers by Hamilton Beach. The Hamilton Beach FlexBrew Max features top-tier quality and performance. Perfect for home appliances enthusiasts.,"hamilton beach,espresso,morning,kitchen,coffee,appliance",High quality|Durable design|Premium materials|Authentic Hamilton Beach product,https://www.amazon.in/s?k=Hamilton%20Beach%20FlexBrew%20Max,https://www.flipkart.com/search?q=Hamilton%20Beach%20FlexBrew%20Max,,luxury,0.57
956,Nespresso VertuoPlus,Home Appliances,Coffee Makers,Nespresso,205.7,4.8,0,,/images/products/coffeemaker.png,Premium coffee makers by Nespresso. The Nespresso VertuoPlus features top-tier quality and performance. Perfect for home appliances enthusiasts.,"appliance,nespresso,coffee,kitchen,morning,espresso",High quality|Durable design|Premium materials|Authentic Nespresso product,https://www.amazon.in/s?k=Nespresso%20VertuoPlus,https://www.flipkart.com/search?q=Nespresso%20VertuoPlus,,premium,0.87
957,Hamilton Beach FlexBrew Ultra,Home Appliances,Coffee Makers,Hamilton Beach,671.95,4.7,0,,/images/products/coffeemaker.png,Premium coffee makers by Hamilton Beach. The Hamilton Beach FlexBrew Ultra features top-tier quality and performance. Perfect for home appliances enthusiasts.,"appliance,kitchen,espresso,coffee,hamilton beach,morning",High quality|Durable design|Premium materials|Authentic Hamilton Beach product,https://www.amazon.in/s?k=Hamilton%20Beach%20FlexBrew%20Ultra,https://www.flipkart.com/search?q=Hamilton%20Beach%20FlexBrew%20Ultra,,premium,0.12
959,Breville Bambino Plus Edition,Home Appliances,Coffee Makers,Breville,1003.69,5.0,0,,/images/products/coffeemaker.png,Premium coffee makers by Breville. The Breville Bambino Plus Edition features top-tier quality and performance. Perfect for home appliances enthusiasts.,"breville,morning,kitchen,espresso,coffee,appliance",High quality|Durable design|Premium materials|Authentic Breville product,https://www.amazon.in/s?k=Breville%20Bambino%20Plus%20Edition,https://www.flipkart.com/search?q=Breville%20Bambino%20Plus%20Edition,,luxury,0.64
966,De'Longhi Magnifica S Edition,Home Appliances,Coffee Makers,De'Longhi,369.13,4.2,0,,/images/products/coffeemaker.png,Premium coffee makers by De'Longhi. The De'Longhi Magnifica S Edition features top-tier quality and performance. Perfect for home appliances enthusiasts.,"de'longhi,appliance,morning,coffee,espresso,kitchen",High quality|Durable design|Premium materials|Authentic De'Longhi product,https://www.amazon.in/s?k=De%27Longhi%20Magnifica%20S%20Edition,https://www.flipkart.com/search?q=De%27Longhi%20Magnifica%20S%20Edition,,premium,0.43
967,Breville Bambino Plus,Home Appliances,Coffee Makers,Breville,906.41,4.2,0,,/images/products/coffeemaker.png,Premium coffee makers by Breville. The Breville Bambino Plus features top-tier quality and performance. Perfect for home appliances enthusiasts.,"appliance,kitchen,espresso,morning,breville,coffee",High quality|Durable design|Premium materials|Authentic Breville product,https://www.amazon.in/s?k=Breville%20Bambino%20Plus,https://www.flipkart.com/search?q=Breville%20Bambino%20Plus,,luxury,0.68
968,Hamilton Beach FlexBrew,Home Appliances,Coffee Makers,Hamilton Beach,112.2,3.6,0,,/images/products/coffeemaker.png,Premium coffee makers by Hamilton Beach. The Hamilton Beach FlexBrew features top-tier quality and performance. Perfect for home appliances enthusiasts.,"hamilton beach,morning,appliance,coffee,espresso,kitchen",High quality|Durable design|Premium materials|Authentic Hamilton Beach product,https://www.amazon.in/s?k=Hamilton%20Beach%20FlexBrew,https://www.flipkart.com/search?q=Hamilton%20Beach%20FlexBrew,,mid-range,0.53
969,Keurig K-Elite,Home Appliances,Coffee Makers,Keurig,1312.31,4.8,0,,/images/products/coffeemaker.png,Premium coffee makers by Keurig. The Keurig K-Elite features top-tier quality and performance. Perfect for home appliances enthusiasts.,"coffee,kitchen,morning,appliance,keurig,espresso",High quality|Durable design|Premium materials|Authentic Keurig product,https://www.amazon.in/s?k=Keurig%20K-Elite,https://www.flipkart.com/search?q=Keurig%20K-Elite,,luxury,0.33
970,De'Longhi Magnifica S,Home Appliances,Coffee Makers,De'Longhi,268.54,3.8,0,,/images/products/coffeemaker.png,Premium coffee makers by De'Longhi. The De'Longhi Magnifica S features top-tier quality and performance. Perfect for home appliances enthusiasts.,"de'longhi,espresso,kitchen,morning,coffee,appliance",High quality|Durable design|Premium materials|Authentic De'Longhi product,https://www.amazon.in/s?k=De%27Longhi%20Magnifica%20S,https://www.flipkart.com/search?q=De%27Longhi%20Magnifica%20S,,premium,0.72
971,Coway Airmega 400 Pro,Home Appliances,Air Purifiers,Coway,863.55,3.9,0,,/images/products/coffeemaker.png,Premium air purifiers by Coway. The Coway Airmega 400 Pro features top-tier quality and performance. Perfect for home appliances enthusiasts.,"clean-air,coway,health,home,appliance,air-purifier",High quality|Durable design|Premium materials|Authentic Coway product,https://www.amazon.in/s?k=Coway%20Airmega%20400%20Pro,https://www.flipkart.com/search?q=Coway%20Airmega%20400%20Pro,,luxury,0.19
973,Winix 5500-2 Edition,Home Appliances,Air Purifiers,Winix,113.7,4.3,0,,/images/products/coffeemaker.png,Premium air purifiers by Winix. The Winix 5500-2 Edition features top-tier quality and performance. Perfect for home appliances enthusiasts.,"home,health,clean-air,winix,air-purifier,appliance",High quality|Durable design|Premium materials|Authentic Winix product,https://www.amazon.in/s?k=Winix%205500-2%20Edition,https://www.flipkart.com/search?q=Winix%205500-2%20Edition,,mid-range,0.61
980,Levoit Core 400S Ultra,Home Appliances,Air Purifiers,Levoit,384.33,4.5,0,,/images/products/coffeemaker.png,Premium air purifiers by Levoit. The Levoit Core 400S Ultra features top-tier quality and performance. Perfect for home appliances enthusiasts.,"air-purifier,clean-air,appliance,health,home,levoit",High quality|Durable design|Premium materials|Authentic Levoit product,https://www.amazon.in/s?k=Levoit%20Core%20400S%20Ultra,https://www.flipkart.com/search?q=Levoit%20Core%20400S%20Ultra,,premium,0.28
985,Coway Airmega 400 Elite,Home Appliances,Air Purifiers,Coway,1333.61,3.8,0,,/images/products/coffeemaker.png,Premium air purifiers by Coway. The Coway Airmega 400 Elite features top-tier quality and performance. Perfect for home appliances enthusiasts.,"home,air-purifier,health,clean-air,coway,appliance",High quality|Durable design|Premium materials|Authentic Coway product,https://www.amazon.in/s?k=Coway%20Airmega%20400%20Elite,https://www.flipkart.com/search?q=Coway%20Airmega%20400%20Elite,,luxury,0.24
987,Coway Airmega 400 V2,Home Appliances,Air Purifiers,Coway,1104.15,3.8,0,,/images/products/coffeemaker.png,Premium air purifiers by Coway. The Coway Airmega 400 V2 features top-tier quality and performance. Perfect for home appliances enthusiasts.,"home,clean-air,air-purifier,health,appliance,coway",High quality|Durable design|Premium materials|Authentic Coway product,https://www.amazon.in/s?k=Coway%20Airmega%20400%20V2,https://www.flipkart.com/search?q=Coway%20Airmega%20400%20V2,,luxury,0.34
988,Dyson Purifier Cool Pro,Home Appliances,Air Purifiers,Dyson,629.27,4.7,0,,/images/products/purifier.png,Premium air purifiers by Dyson. The Dyson Purifier Cool Pro features top-tier quality and performance. Perfect for home appliances enthusiasts.,"clean-air,home,air-purifier,appliance,health,dyson",High quality|Durable design|Premium materials|Authentic Dyson product,https://www.amazon.in/s?k=Dyson%20Purifier%20Cool%20Pro,https://www.flipkart.com/search?q=Dyson%20Purifier%20Cool%20Pro,,premium,0.93
989,Blueair Blue Pure 211+,Home Appliances,Air Purifiers,Blueair,732.3,3.6,0,,/images/products/coffeemaker.png,Premium air purifiers by Blueair. The Blueair Blue Pure 211+ features top-tier quality and performance. Perfect for home appliances enthusiasts.,"appliance,home,clean-air,blueair,health,air-purifier",High quality|Durable design|Premium materials|Authentic Blueair product,https://www.amazon.in/s?k=Blueair%20Blue%20Pure%20211%2B,https://www.flipkart.com/search?q=Blueair%20Blue%20Pure%20211%2B,,premium,0.85
992,Coway Airmega 400,Home Appliances,Air Purifiers,Coway,1283.99,4.3,0,,/images/products/coffeemaker.png,Premium air purifiers by Coway. The Coway Airmega 400 features top-tier quality and performance. Perfect for home appliances enthusiasts.,"clean-air,health,home,coway,appliance,air-purifier",High quality|Durable design|Premium materials|Authentic Coway product,https://www.amazon.in/s?k=Coway%20Airmega%20400,https://www.flipkart.com/search?q=Coway%20Airmega%20400,,luxury,0.82
994,Dyson Purifier Cool V2,Home Appliances,Air Purifiers,Dyson,574.26,4.2,0,,/images/products/purifier.png,Premium air purifiers by Dyson. The Dyson Purifier Cool V2 features top-tier quality and performance. Perfect for home appliances enthusiasts.,"dyson,appliance,health,air-purifier,home,clean-air",High quality|Durable design|Premium materials|Authentic Dyson product,https://www.amazon.in/s?k=Dyson%20Purifier%20Cool%20V2,https://www.flipkart.com/search?q=Dyson%20Purifier%20Cool%20V2,,premium,0.37
996,Dyson Purifier Cool,Home Appliances,Air Purifiers,Dyson,847.93,4.6,0,,/images/products/purifier.png,Premium air purifiers by Dyson. The Dyson Purifier Cool features top-tier quality and performance. Perfect for home appliances enthusiasts.,"clean-air,home,dyson,health,appliance,air-purifier",High quality|Durable design|Premium materials|Authentic Dyson product,https://www.amazon.in/s?k=Dyson%20Purifier%20Cool,https://www.flipkart.com/search?q=Dyson%20Purifier%20Cool,,luxury,0.89
998,Levoit Core 400S Pro,Home Appliances,Air Purifiers,Levoit,556.41,4.6,0,,/images/products/coffeemaker.png,Premium air purifiers by Levoit. The Levoit Core 400S Pro features top-tier quality and performance. Perfect for home appliances enthusiasts.,"appliance,levoit,home,health,clean-air,air-purifier",High quality|Durable design|Premium materials|Authentic Levoit product,https://www.amazon.in/s?k=Levoit%20Core%20400S%20Pro,https://www.flipkart.com/search?q=Levoit%20Core%20400S%20Pro,,premium,0.48
999,Levoit Core 400S,Home Appliances,Air Purifiers,Levoit,965.69,4.2,0,,/images/products/coffeemaker.png,Premium air purifiers by Levoit. The Levoit Core 400S features top-tier quality and performance. Perfect for home appliances enthusiasts.,"air-purifier,levoit,clean-air,appliance,home,health",High quality|Durable design|Premium materials|Authentic Levoit product,https://www.amazon.in/s?k=Levoit%20Core%20400S,https://www.flipkart.com/search?q=Levoit%20Core%20400S,,luxury,0.71
1000,Winix 5500-2,Home Appliances,Air Purifiers,Winix,924.53,4.7,0,,/images/products/coffeemaker.png,Premium air purifiers by Winix. The Winix 5500-2 features top-tier quality and performance. Perfect for home appliances enthusiasts.,"clean-air,air-purifier,home,health,winix,appliance",High quality|Durable design|Premium materials|Authentic Winix product,https://www.amazon.in/s?k=Winix%205500-2,https://www.flipkart.com/search?q=Winix%205500-2,,luxury,0.28
